{"id1":"proj_1220764_8","id2":"Proj_1222350_s2","similarity":0.8278529980657641,"matches":[{"file1":"proj_1220764_8\\driver.java","file2":"Proj_1222350_s2\\Proj_1222350_s2\\Driver.java","start1":1,"end1":36,"start2":3,"end2":40,"tokens":52},{"file1":"proj_1220764_8\\Check.java","file2":"Proj_1222350_s2\\Proj_1222350_s2\\Check.java","start1":1,"end1":42,"start2":2,"end2":86,"tokens":44},{"file1":"proj_1220764_8\\CustomerPayment.java","file2":"Proj_1222350_s2\\Proj_1222350_s2\\CustomerPayment.java","start1":1,"end1":40,"start2":2,"end2":78,"tokens":37},{"file1":"proj_1220764_8\\CreditCard.java","file2":"Proj_1222350_s2\\Proj_1222350_s2\\CreditCard.java","start1":1,"end1":35,"start2":2,"end2":72,"tokens":37},{"file1":"proj_1220764_8\\Cash.java","file2":"Proj_1222350_s2\\Proj_1222350_s2\\Cash.java","start1":1,"end1":31,"start2":2,"end2":57,"tokens":30},{"file1":"proj_1220764_8\\CustomerPayment.java","file2":"Proj_1222350_s2\\Proj_1222350_s2\\CustomerPayment.java","start1":46,"end1":59,"start2":84,"end2":101,"tokens":14}]}