{"id1":"proj_1220686_L1","id2":"proj_1221026_s4","similarity":0.8149532710280374,"matches":[{"file1":"proj_1220686_L1\\proj_1220686_L1\\CustomerPayment.java","file2":"proj_1221026_s4\\proj_1221026_s4\\src\\javaProject\\CustomerPayment.java","start1":15,"end1":74,"start2":22,"end2":118,"tokens":54},{"file1":"proj_1220686_L1\\proj_1220686_L1\\Driver.java","file2":"proj_1221026_s4\\proj_1221026_s4\\src\\javaProject\\Driver.java","start1":1,"end1":38,"start2":6,"end2":43,"tokens":51},{"file1":"proj_1220686_L1\\proj_1220686_L1\\Check.java","file2":"proj_1221026_s4\\proj_1221026_s4\\src\\javaProject\\Check.java","start1":3,"end1":51,"start2":6,"end2":57,"tokens":44},{"file1":"proj_1220686_L1\\proj_1220686_L1\\CreditCard.java","file2":"proj_1221026_s4\\proj_1221026_s4\\src\\javaProject\\CreditCard.java","start1":2,"end1":32,"start2":5,"end2":38,"tokens":31},{"file1":"proj_1220686_L1\\proj_1220686_L1\\Cash.java","file2":"proj_1221026_s4\\proj_1221026_s4\\src\\javaProject\\Cash.java","start1":3,"end1":38,"start2":6,"end2":44,"tokens":28},{"file1":"proj_1220686_L1\\proj_1220686_L1\\CustomerPayment.java","file2":"proj_1221026_s4\\proj_1221026_s4\\src\\javaProject\\CustomerPayment.java","start1":3,"end1":13,"start2":7,"end2":20,"tokens":10}]}