{"id1":"proj_1220439_s4","id2":"proj_1221618_s2","similarity":0.8111111111111111,"matches":[{"file1":"proj_1220439_s4\\finalProject\\src\\finalProject\\Driver.java","file2":"proj_1221618_s2\\proj_1221618_s2\\newProject\\src\\newProject\\Driver.java","start1":4,"end1":43,"start2":1,"end2":38,"tokens":52},{"file1":"proj_1220439_s4\\finalProject\\src\\finalProject\\Check.java","file2":"proj_1221618_s2\\proj_1221618_s2\\newProject\\src\\newProject\\Check.java","start1":4,"end1":47,"start2":1,"end2":39,"tokens":44},{"file1":"proj_1220439_s4\\finalProject\\src\\finalProject\\CustomerPayment.java","file2":"proj_1221618_s2\\proj_1221618_s2\\newProject\\src\\newProject\\CustomerPayment.java","start1":4,"end1":49,"start2":1,"end2":40,"tokens":42},{"file1":"proj_1220439_s4\\finalProject\\src\\finalProject\\CreditCard.java","file2":"proj_1221618_s2\\proj_1221618_s2\\newProject\\src\\newProject\\CreditCard.java","start1":4,"end1":43,"start2":1,"end2":34,"tokens":37},{"file1":"proj_1220439_s4\\finalProject\\src\\finalProject\\CustomerPayment.java","file2":"proj_1221618_s2\\proj_1221618_s2\\newProject\\src\\newProject\\CustomerPayment.java","start1":50,"end1":69,"start2":42,"end2":60,"tokens":23},{"file1":"proj_1220439_s4\\finalProject\\src\\finalProject\\Cash.java","file2":"proj_1221618_s2\\proj_1221618_s2\\newProject\\src\\newProject\\Cash.java","start1":4,"end1":25,"start2":1,"end2":22,"tokens":21}]}