{"id1":"proj_1220806_sec5","id2":"proj_1221492_s8","similarity":0.8,"matches":[{"file1":"proj_1220806_sec5\\proj_1220806_sec5\\proj_1220806_sec5\\src\\project1\\Driver.java","file2":"proj_1221492_s8\\project\\src\\project\\Driver.java","start1":3,"end1":74,"start2":5,"end2":41,"tokens":51},{"file1":"proj_1220806_sec5\\proj_1220806_sec5\\proj_1220806_sec5\\src\\project1\\Check.java","file2":"proj_1221492_s8\\project\\src\\project\\Check.java","start1":2,"end1":38,"start2":2,"end2":40,"tokens":44},{"file1":"proj_1220806_sec5\\proj_1220806_sec5\\proj_1220806_sec5\\src\\project1\\CustomerPayment.java","file2":"proj_1221492_s8\\project\\src\\project\\CustomerPayment.java","start1":2,"end1":34,"start2":2,"end2":38,"tokens":37},{"file1":"proj_1220806_sec5\\proj_1220806_sec5\\proj_1220806_sec5\\src\\project1\\CreditCard.java","file2":"proj_1221492_s8\\project\\src\\project\\CreditCard.java","start1":2,"end1":41,"start2":2,"end2":32,"tokens":32},{"file1":"proj_1220806_sec5\\proj_1220806_sec5\\proj_1220806_sec5\\src\\project1\\CustomerPayment.java","file2":"proj_1221492_s8\\project\\src\\project\\CustomerPayment.java","start1":40,"end1":55,"start2":38,"end2":53,"tokens":22},{"file1":"proj_1220806_sec5\\proj_1220806_sec5\\proj_1220806_sec5\\src\\project1\\Cash.java","file2":"proj_1221492_s8\\project\\src\\project\\Cash.java","start1":2,"end1":25,"start2":2,"end2":23,"tokens":21},{"file1":"proj_1220806_sec5\\proj_1220806_sec5\\proj_1220806_sec5\\src\\project1\\Check.java","file2":"proj_1221492_s8\\project\\src\\project\\Check.java","start1":57,"end1":68,"start2":46,"end2":54,"tokens":11}]}