{"id1":"proj_1221211_sec2","id2":"proj_1221197_s4","similarity":0.8059701492537313,"matches":[{"file1":"proj_1221211_sec2\\proj_1221211_sec2\\Driver.java","file2":"proj_1221197_s4\\proj_1221197_s4\\Driver.java","start1":5,"end1":42,"start2":1,"end2":40,"tokens":52},{"file1":"proj_1221211_sec2\\proj_1221211_sec2\\CreditCard.java","file2":"proj_1221197_s4\\proj_1221197_s4\\CreditCard.java","start1":5,"end1":39,"start2":1,"end2":45,"tokens":39},{"file1":"proj_1221211_sec2\\proj_1221211_sec2\\CustomerPayment.java","file2":"proj_1221197_s4\\proj_1221197_s4\\CustomerPayment.java","start1":5,"end1":40,"start2":1,"end2":39,"tokens":37},{"file1":"proj_1221211_sec2\\proj_1221211_sec2\\Check.java","file2":"proj_1221197_s4\\proj_1221197_s4\\Check.java","start1":15,"end1":47,"start2":16,"end2":49,"tokens":35},{"file1":"proj_1221211_sec2\\proj_1221211_sec2\\Cash.java","file2":"proj_1221197_s4\\proj_1221197_s4\\Cash.java","start1":8,"end1":36,"start2":6,"end2":35,"tokens":28},{"file1":"proj_1221211_sec2\\proj_1221211_sec2\\CustomerPayment.java","file2":"proj_1221197_s4\\proj_1221197_s4\\CustomerPayment.java","start1":43,"end1":54,"start2":45,"end2":53,"tokens":16},{"file1":"proj_1221211_sec2\\proj_1221211_sec2\\Check.java","file2":"proj_1221197_s4\\proj_1221197_s4\\Check.java","start1":5,"end1":14,"start2":1,"end2":14,"tokens":9}]}