{"id1":"proje_1221410_s3","id2":"proj_1220228_s7","similarity":0.8231046931407943,"matches":[{"file1":"proje_1221410_s3\\lab8\\src\\lab8\\Driver.java","file2":"proj_1220228_s7\\proj_1220228_s7\\Driver.java","start1":1,"end1":40,"start2":5,"end2":40,"tokens":52},{"file1":"proje_1221410_s3\\lab8\\src\\lab8\\CreditCard.java","file2":"proj_1220228_s7\\proj_1220228_s7\\CreditCard.java","start1":8,"end1":37,"start2":6,"end2":35,"tokens":37},{"file1":"proje_1221410_s3\\lab8\\src\\lab8\\Check.java","file2":"proj_1220228_s7\\proj_1220228_s7\\Check.java","start1":9,"end1":38,"start2":7,"end2":39,"tokens":35},{"file1":"proje_1221410_s3\\lab8\\src\\lab8\\Check.java","file2":"proj_1220228_s7\\proj_1220228_s7\\Check.java","start1":39,"end1":84,"start2":41,"end2":71,"tokens":29},{"file1":"proje_1221410_s3\\lab8\\src\\lab8\\Cash.java","file2":"proj_1220228_s7\\proj_1220228_s7\\Cash.java","start1":1,"end1":36,"start2":5,"end2":39,"tokens":27},{"file1":"proje_1221410_s3\\lab8\\src\\lab8\\CustomerPayment.java","file2":"proj_1220228_s7\\proj_1220228_s7\\CustomerPayment.java","start1":18,"end1":49,"start2":17,"end2":39,"tokens":26},{"file1":"proje_1221410_s3\\lab8\\src\\lab8\\CustomerPayment.java","file2":"proj_1220228_s7\\proj_1220228_s7\\CustomerPayment.java","start1":56,"end1":68,"start2":39,"end2":49,"tokens":11},{"file1":"proje_1221410_s3\\lab8\\src\\lab8\\CreditCard.java","file2":"proj_1220228_s7\\proj_1220228_s7\\CreditCard.java","start1":40,"end1":57,"start2":39,"end2":50,"tokens":11}]}