{"id1":"proj_1221211_sec2","id2":"proj_1221904_s5","similarity":0.8582230623818525,"matches":[{"file1":"proj_1221211_sec2\\proj_1221211_sec2\\Driver.java","file2":"proj_1221904_s5\\proj_1221904_s5\\JavaCustomerPro\\src\\CustomerPackage\\Driver.java","start1":19,"end1":42,"start2":18,"end2":44,"tokens":36},{"file1":"proj_1221211_sec2\\proj_1221211_sec2\\Check.java","file2":"proj_1221904_s5\\proj_1221904_s5\\JavaCustomerPro\\src\\CustomerPackage\\Check.java","start1":41,"end1":71,"start2":40,"end2":73,"tokens":28},{"file1":"proj_1221211_sec2\\proj_1221211_sec2\\Cash.java","file2":"proj_1221904_s5\\proj_1221904_s5\\JavaCustomerPro\\src\\CustomerPackage\\Cash.java","start1":8,"end1":36,"start2":4,"end2":32,"tokens":28},{"file1":"proj_1221211_sec2\\proj_1221211_sec2\\Check.java","file2":"proj_1221904_s5\\proj_1221904_s5\\JavaCustomerPro\\src\\CustomerPackage\\Check.java","start1":5,"end1":27,"start2":2,"end2":26,"tokens":26},{"file1":"proj_1221211_sec2\\proj_1221211_sec2\\CustomerPayment.java","file2":"proj_1221904_s5\\proj_1221904_s5\\JavaCustomerPro\\src\\CustomerPackage\\CustomerPayment.java","start1":43,"end1":58,"start2":46,"end2":59,"tokens":21},{"file1":"proj_1221211_sec2\\proj_1221211_sec2\\CreditCard.java","file2":"proj_1221904_s5\\proj_1221904_s5\\JavaCustomerPro\\src\\CustomerPackage\\CreditCard.java","start1":5,"end1":23,"start2":2,"end2":23,"tokens":21},{"file1":"proj_1221211_sec2\\proj_1221211_sec2\\CreditCard.java","file2":"proj_1221904_s5\\proj_1221904_s5\\JavaCustomerPro\\src\\CustomerPackage\\CreditCard.java","start1":28,"end1":50,"start2":29,"end2":50,"tokens":21},{"file1":"proj_1221211_sec2\\proj_1221211_sec2\\CustomerPayment.java","file2":"proj_1221904_s5\\proj_1221904_s5\\JavaCustomerPro\\src\\CustomerPackage\\CustomerPayment.java","start1":5,"end1":24,"start2":2,"end2":23,"tokens":19},{"file1":"proj_1221211_sec2\\proj_1221211_sec2\\CustomerPayment.java","file2":"proj_1221904_s5\\proj_1221904_s5\\JavaCustomerPro\\src\\CustomerPackage\\CustomerPayment.java","start1":26,"end1":34,"start2":25,"end2":35,"tokens":9},{"file1":"proj_1221211_sec2\\proj_1221211_sec2\\Driver.java","file2":"proj_1221904_s5\\proj_1221904_s5\\JavaCustomerPro\\src\\CustomerPackage\\Driver.java","start1":5,"end1":12,"start2":2,"end2":10,"tokens":9},{"file1":"proj_1221211_sec2\\proj_1221211_sec2\\Check.java","file2":"proj_1221904_s5\\proj_1221904_s5\\JavaCustomerPro\\src\\CustomerPackage\\Check.java","start1":29,"end1":39,"start2":28,"end2":38,"tokens":9}]}