{"id1":"proj_1211686_6L","id2":"proj_1210093_7L","similarity":0.8491228070175438,"matches":[{"file1":"proj_1211686_6L\\Check.java","file2":"proj_1210093_7L\\proj_1210093_7L\\Check.java","start1":3,"end1":97,"start2":3,"end2":98,"tokens":77},{"file1":"proj_1211686_6L\\CreditCard.java","file2":"proj_1210093_7L\\proj_1210093_7L\\CreditCard.java","start1":3,"end1":63,"start2":3,"end2":63,"tokens":54},{"file1":"proj_1211686_6L\\Cash.java","file2":"proj_1210093_7L\\proj_1210093_7L\\Cash.java","start1":3,"end1":38,"start2":3,"end2":37,"tokens":33},{"file1":"proj_1211686_6L\\CustomerPayment.java","file2":"proj_1210093_7L\\proj_1210093_7L\\CustomerPayment.java","start1":42,"end1":73,"start2":43,"end2":77,"tokens":30},{"file1":"proj_1211686_6L\\CustomerPayment.java","file2":"proj_1210093_7L\\proj_1210093_7L\\CustomerPayment.java","start1":3,"end1":20,"start2":3,"end2":20,"tokens":15},{"file1":"proj_1211686_6L\\Main.java","file2":"proj_1210093_7L\\proj_1210093_7L\\driver.java","start1":31,"end1":42,"start2":36,"end2":48,"tokens":14},{"file1":"proj_1211686_6L\\Main.java","file2":"proj_1210093_7L\\proj_1210093_7L\\driver.java","start1":3,"end1":11,"start2":3,"end2":12,"tokens":10},{"file1":"proj_1211686_6L\\CustomerPayment.java","file2":"proj_1210093_7L\\proj_1210093_7L\\CustomerPayment.java","start1":22,"end1":32,"start2":26,"end2":37,"tokens":9}]}