{"id1":"proj_1221009_s5","id2":"proj_1221381_s11","similarity":0.8320610687022901,"matches":[{"file1":"proj_1221009_s5\\project\\src\\project\\Check.java","file2":"proj_1221381_s11\\proj_1221381_s11\\src\\ProjectOneJava\\Check.java","start1":6,"end1":61,"start2":1,"end2":53,"tokens":55},{"file1":"proj_1221009_s5\\project\\src\\project\\Driver.java","file2":"proj_1221381_s11\\proj_1221381_s11\\src\\ProjectOneJava\\DriverPayment.java","start1":6,"end1":35,"start2":1,"end2":35,"tokens":52},{"file1":"proj_1221009_s5\\project\\src\\project\\CreditCard.java","file2":"proj_1221381_s11\\proj_1221381_s11\\src\\ProjectOneJava\\CreditCard.java","start1":12,"end1":40,"start2":10,"end2":40,"tokens":35},{"file1":"proj_1221009_s5\\project\\src\\project\\Cash.java","file2":"proj_1221381_s11\\proj_1221381_s11\\src\\ProjectOneJava\\Cash.java","start1":6,"end1":38,"start2":1,"end2":39,"tokens":30},{"file1":"proj_1221009_s5\\project\\src\\project\\CustomerPayment.java","file2":"proj_1221381_s11\\proj_1221381_s11\\src\\ProjectOneJava\\CustomerPayment.java","start1":6,"end1":24,"start2":1,"end2":20,"tokens":18},{"file1":"proj_1221009_s5\\project\\src\\project\\CustomerPayment.java","file2":"proj_1221381_s11\\proj_1221381_s11\\src\\ProjectOneJava\\CustomerPayment.java","start1":28,"end1":38,"start2":46,"end2":55,"tokens":18},{"file1":"proj_1221009_s5\\project\\src\\project\\Check.java","file2":"proj_1221381_s11\\proj_1221381_s11\\src\\ProjectOneJava\\CreditCard.java","start1":65,"end1":77,"start2":41,"end2":56,"tokens":10}]}