{"id1":"proj_1210991_s7","id2":"proj_1222285_s3","similarity":0.8052930056710775,"matches":[{"file1":"proj_1210991_s7\\proj_1210991_s7\\Driver.java","file2":"proj_1222285_s3\\proj_1222285_s3\\Driver.java","start1":5,"end1":37,"start2":7,"end2":45,"tokens":52},{"file1":"proj_1210991_s7\\proj_1210991_s7\\Check.java","file2":"proj_1222285_s3\\proj_1222285_s3\\Check.java","start1":5,"end1":65,"start2":7,"end2":68,"tokens":52},{"file1":"proj_1210991_s7\\proj_1210991_s7\\CustomerPayment.java","file2":"proj_1222285_s3\\proj_1222285_s3\\CustomerPayment.java","start1":20,"end1":57,"start2":22,"end2":56,"tokens":33},{"file1":"proj_1210991_s7\\proj_1210991_s7\\Cash.java","file2":"proj_1222285_s3\\proj_1222285_s3\\Cash.java","start1":5,"end1":35,"start2":7,"end2":42,"tokens":28},{"file1":"proj_1210991_s7\\proj_1210991_s7\\CreditCard.java","file2":"proj_1222285_s3\\proj_1222285_s3\\CreditCard.java","start1":12,"end1":37,"start2":16,"end2":44,"tokens":28},{"file1":"proj_1210991_s7\\proj_1210991_s7\\CustomerPayment.java","file2":"proj_1222285_s3\\proj_1222285_s3\\CustomerPayment.java","start1":10,"end1":19,"start2":10,"end2":20,"tokens":10},{"file1":"proj_1210991_s7\\proj_1210991_s7\\CreditCard.java","file2":"proj_1222285_s3\\proj_1222285_s3\\CreditCard.java","start1":46,"end1":61,"start2":52,"end2":73,"tokens":10}]}