{"id1":"proj_1220965_s1","id2":"proj_1220228_s7","similarity":0.7978142076502732,"matches":[{"file1":"proj_1220965_s1\\Driver.java","file2":"proj_1220228_s7\\proj_1220228_s7\\Driver.java","start1":2,"end1":35,"start2":6,"end2":40,"tokens":51},{"file1":"proj_1220965_s1\\CustomerPayment.java","file2":"proj_1220228_s7\\proj_1220228_s7\\CustomerPayment.java","start1":8,"end1":39,"start2":14,"end2":43,"tokens":37},{"file1":"proj_1220965_s1\\Check.java","file2":"proj_1220228_s7\\proj_1220228_s7\\Check.java","start1":2,"end1":36,"start2":7,"end2":39,"tokens":35},{"file1":"proj_1220965_s1\\CreditCard.java","file2":"proj_1220228_s7\\proj_1220228_s7\\CreditCard.java","start1":1,"end1":35,"start2":6,"end2":33,"tokens":34},{"file1":"proj_1220965_s1\\Cash.java","file2":"proj_1220228_s7\\proj_1220228_s7\\Cash.java","start1":2,"end1":23,"start2":7,"end2":35,"tokens":23},{"file1":"proj_1220965_s1\\CustomerPayment.java","file2":"proj_1220228_s7\\proj_1220228_s7\\CustomerPayment.java","start1":41,"end1":52,"start2":49,"end2":58,"tokens":18},{"file1":"proj_1220965_s1\\Check.java","file2":"proj_1220228_s7\\proj_1220228_s7\\Check.java","start1":60,"end1":73,"start2":62,"end2":75,"tokens":12},{"file1":"proj_1220965_s1\\Check.java","file2":"proj_1220228_s7\\proj_1220228_s7\\Check.java","start1":37,"end1":47,"start2":41,"end2":51,"tokens":9}]}