{"id1":"proj_1220646_s3","id2":"proj_1221618_s2","similarity":0.8592321755027422,"matches":[{"file1":"proj_1220646_s3\\proj_1220646_s3\\Driver.java","file2":"proj_1221618_s2\\proj_1221618_s2\\newProject\\src\\newProject\\Driver.java","start1":1,"end1":40,"start2":1,"end2":38,"tokens":52},{"file1":"proj_1220646_s3\\proj_1220646_s3\\Check.java","file2":"proj_1221618_s2\\proj_1221618_s2\\newProject\\src\\newProject\\Check.java","start1":1,"end1":37,"start2":1,"end2":39,"tokens":44},{"file1":"proj_1220646_s3\\proj_1220646_s3\\CreditCard.java","file2":"proj_1221618_s2\\proj_1221618_s2\\newProject\\src\\newProject\\CreditCard.java","start1":1,"end1":37,"start2":1,"end2":34,"tokens":37},{"file1":"proj_1220646_s3\\proj_1220646_s3\\CustomerPayment.java","file2":"proj_1221618_s2\\proj_1221618_s2\\newProject\\src\\newProject\\CustomerPayment.java","start1":1,"end1":37,"start2":1,"end2":36,"tokens":37},{"file1":"proj_1220646_s3\\proj_1220646_s3\\CustomerPayment.java","file2":"proj_1221618_s2\\proj_1221618_s2\\newProject\\src\\newProject\\CustomerPayment.java","start1":41,"end1":56,"start2":36,"end2":51,"tokens":24},{"file1":"proj_1220646_s3\\proj_1220646_s3\\Check.java","file2":"proj_1221618_s2\\proj_1221618_s2\\newProject\\src\\newProject\\Check.java","start1":47,"end1":63,"start2":52,"end2":74,"tokens":15},{"file1":"proj_1220646_s3\\proj_1220646_s3\\Cash.java","file2":"proj_1221618_s2\\proj_1221618_s2\\newProject\\src\\newProject\\Cash.java","start1":1,"end1":12,"start2":1,"end2":16,"tokens":14},{"file1":"proj_1220646_s3\\proj_1220646_s3\\Cash.java","file2":"proj_1221618_s2\\proj_1221618_s2\\newProject\\src\\newProject\\Cash.java","start1":12,"end1":25,"start2":19,"end2":30,"tokens":12}]}