{"id1":"proj_1220764_8","id2":"proj_1220481_8L","similarity":0.8076190476190476,"matches":[{"file1":"proj_1220764_8\\driver.java","file2":"proj_1220481_8L\\proj_1220481_8L\\src\\projectjava\\Driver.java","start1":3,"end1":36,"start2":8,"end2":44,"tokens":51},{"file1":"proj_1220764_8\\Check.java","file2":"proj_1220481_8L\\proj_1220481_8L\\src\\projectjava\\Check.java","start1":15,"end1":51,"start2":18,"end2":52,"tokens":43},{"file1":"proj_1220764_8\\CreditCard.java","file2":"proj_1220481_8L\\proj_1220481_8L\\src\\projectjava\\CreditCard.java","start1":12,"end1":35,"start2":14,"end2":37,"tokens":31},{"file1":"proj_1220764_8\\CustomerPayment.java","file2":"proj_1220481_8L\\proj_1220481_8L\\src\\projectjava\\CustomerPayment.java","start1":14,"end1":40,"start2":17,"end2":41,"tokens":26},{"file1":"proj_1220764_8\\Cash.java","file2":"proj_1220481_8L\\proj_1220481_8L\\src\\projectjava\\Cash.java","start1":15,"end1":31,"start2":18,"end2":39,"tokens":17},{"file1":"proj_1220764_8\\CustomerPayment.java","file2":"proj_1220481_8L\\proj_1220481_8L\\src\\projectjava\\CustomerPayment.java","start1":42,"end1":51,"start2":45,"end2":54,"tokens":15},{"file1":"proj_1220764_8\\CustomerPayment.java","file2":"proj_1220481_8L\\proj_1220481_8L\\src\\projectjava\\CustomerPayment.java","start1":1,"end1":12,"start2":1,"end2":15,"tokens":11},{"file1":"proj_1220764_8\\Check.java","file2":"proj_1220481_8L\\proj_1220481_8L\\src\\projectjava\\Check.java","start1":1,"end1":13,"start2":1,"end2":16,"tokens":9},{"file1":"proj_1220764_8\\Cash.java","file2":"proj_1220481_8L\\proj_1220481_8L\\src\\projectjava\\Cash.java","start1":9,"end1":14,"start2":11,"end2":15,"tokens":9}]}