{"id1":"proj_1220806_sec5","id2":"proj_1221414_s10","similarity":0.8036036036036036,"matches":[{"file1":"proj_1220806_sec5\\proj_1220806_sec5\\proj_1220806_sec5\\src\\project1\\CustomerPayment.java","file2":"proj_1221414_s10\\javaproject\\project\\src\\project\\CustomerPayment.java","start1":10,"end1":57,"start2":12,"end2":58,"tokens":58},{"file1":"proj_1220806_sec5\\proj_1220806_sec5\\proj_1220806_sec5\\src\\project1\\Driver.java","file2":"proj_1221414_s10\\javaproject\\project\\src\\project\\Driver.java","start1":2,"end1":74,"start2":1,"end2":38,"tokens":52},{"file1":"proj_1220806_sec5\\proj_1220806_sec5\\proj_1220806_sec5\\src\\project1\\Check.java","file2":"proj_1221414_s10\\javaproject\\project\\src\\project\\Check.java","start1":13,"end1":40,"start2":14,"end2":42,"tokens":37},{"file1":"proj_1220806_sec5\\proj_1220806_sec5\\proj_1220806_sec5\\src\\project1\\CreditCard.java","file2":"proj_1221414_s10\\javaproject\\project\\src\\project\\CreditCard.java","start1":11,"end1":53,"start2":10,"end2":38,"tokens":35},{"file1":"proj_1220806_sec5\\proj_1220806_sec5\\proj_1220806_sec5\\src\\project1\\Cash.java","file2":"proj_1221414_s10\\javaproject\\project\\src\\project\\Cash.java","start1":8,"end1":25,"start2":9,"end2":21,"tokens":17},{"file1":"proj_1220806_sec5\\proj_1220806_sec5\\proj_1220806_sec5\\src\\project1\\Check.java","file2":"proj_1221414_s10\\javaproject\\project\\src\\project\\Check.java","start1":50,"end1":69,"start2":52,"end2":68,"tokens":15},{"file1":"proj_1220806_sec5\\proj_1220806_sec5\\proj_1220806_sec5\\src\\project1\\Check.java","file2":"proj_1221414_s10\\javaproject\\project\\src\\project\\Check.java","start1":2,"end1":12,"start2":1,"end2":11,"tokens":9}]}