{"id1":"proj_1210991_s7","id2":"proj_1220203_sec5","similarity":0.8192307692307692,"matches":[{"file1":"proj_1210991_s7\\proj_1210991_s7\\Driver.java","file2":"proj_1220203_sec5\\proj_1220203_sec5\\src\\proj_1220203_sec5\\Driver.java","start1":5,"end1":37,"start2":4,"end2":44,"tokens":52},{"file1":"proj_1210991_s7\\proj_1210991_s7\\Check.java","file2":"proj_1220203_sec5\\proj_1220203_sec5\\src\\proj_1220203_sec5\\Check.java","start1":6,"end1":53,"start2":7,"end2":52,"tokens":44},{"file1":"proj_1210991_s7\\proj_1210991_s7\\CustomerPayment.java","file2":"proj_1220203_sec5\\proj_1220203_sec5\\src\\proj_1220203_sec5\\CustomerPayment.java","start1":10,"end1":52,"start2":7,"end2":40,"tokens":36},{"file1":"proj_1210991_s7\\proj_1210991_s7\\CreditCard.java","file2":"proj_1220203_sec5\\proj_1220203_sec5\\src\\proj_1220203_sec5\\CreditCard.java","start1":5,"end1":37,"start2":4,"end2":34,"tokens":33},{"file1":"proj_1210991_s7\\proj_1210991_s7\\Cash.java","file2":"proj_1220203_sec5\\proj_1220203_sec5\\src\\proj_1220203_sec5\\Cash.java","start1":5,"end1":35,"start2":4,"end2":36,"tokens":28},{"file1":"proj_1210991_s7\\proj_1210991_s7\\CreditCard.java","file2":"proj_1220203_sec5\\proj_1220203_sec5\\src\\proj_1220203_sec5\\Check.java","start1":46,"end1":61,"start2":63,"end2":73,"tokens":10},{"file1":"proj_1210991_s7\\proj_1210991_s7\\Check.java","file2":"proj_1220203_sec5\\proj_1220203_sec5\\src\\proj_1220203_sec5\\CreditCard.java","start1":63,"end1":76,"start2":42,"end2":56,"tokens":10}]}