{"id1":"proj_1220686_L1","id2":"porj_1211583_s8","similarity":0.8388278388278388,"matches":[{"file1":"proj_1220686_L1\\proj_1220686_L1\\Driver.java","file2":"porj_1211583_s8\\Project\\Driver.java","start1":1,"end1":38,"start2":9,"end2":43,"tokens":51},{"file1":"proj_1220686_L1\\proj_1220686_L1\\CreditCard.java","file2":"porj_1211583_s8\\Project\\CreditCard.java","start1":2,"end1":44,"start2":7,"end2":47,"tokens":41},{"file1":"proj_1220686_L1\\proj_1220686_L1\\Check.java","file2":"porj_1211583_s8\\Project\\Check.java","start1":3,"end1":42,"start2":7,"end2":45,"tokens":40},{"file1":"proj_1220686_L1\\proj_1220686_L1\\Cash.java","file2":"porj_1211583_s8\\Project\\Cash.java","start1":3,"end1":38,"start2":7,"end2":37,"tokens":28},{"file1":"proj_1220686_L1\\proj_1220686_L1\\CustomerPayment.java","file2":"porj_1211583_s8\\Project\\CustomerPayment.java","start1":15,"end1":49,"start2":17,"end2":48,"tokens":28},{"file1":"proj_1220686_L1\\proj_1220686_L1\\CustomerPayment.java","file2":"porj_1211583_s8\\Project\\CustomerPayment.java","start1":50,"end1":65,"start2":57,"end2":70,"tokens":21},{"file1":"proj_1220686_L1\\proj_1220686_L1\\CustomerPayment.java","file2":"porj_1211583_s8\\Project\\CustomerPayment.java","start1":3,"end1":13,"start2":7,"end2":16,"tokens":10},{"file1":"proj_1220686_L1\\proj_1220686_L1\\Check.java","file2":"porj_1211583_s8\\Project\\Check.java","start1":44,"end1":58,"start2":66,"end2":77,"tokens":10}]}