{"id1":"proj_1210991_s7","id2":"proj_1220701_6","similarity":0.8060263653483992,"matches":[{"file1":"proj_1210991_s7\\proj_1210991_s7\\Driver.java","file2":"proj_1220701_6\\proj_1220701_6\\Driver.java","start1":5,"end1":37,"start2":1,"end2":44,"tokens":52},{"file1":"proj_1210991_s7\\proj_1210991_s7\\Check.java","file2":"proj_1220701_6\\proj_1220701_6\\Check.java","start1":5,"end1":53,"start2":1,"end2":45,"tokens":45},{"file1":"proj_1210991_s7\\proj_1210991_s7\\CustomerPayment.java","file2":"proj_1220701_6\\proj_1220701_6\\CustomerPayment.java","start1":10,"end1":52,"start2":2,"end2":41,"tokens":36},{"file1":"proj_1210991_s7\\proj_1210991_s7\\CreditCard.java","file2":"proj_1220701_6\\proj_1220701_6\\CreditCard.java","start1":5,"end1":37,"start2":1,"end2":34,"tokens":33},{"file1":"proj_1210991_s7\\proj_1210991_s7\\Cash.java","file2":"proj_1220701_6\\proj_1220701_6\\Cash.java","start1":5,"end1":35,"start2":1,"end2":31,"tokens":28},{"file1":"proj_1210991_s7\\proj_1210991_s7\\CreditCard.java","file2":"proj_1220701_6\\proj_1220701_6\\Check.java","start1":46,"end1":61,"start2":61,"end2":75,"tokens":10},{"file1":"proj_1210991_s7\\proj_1210991_s7\\Check.java","file2":"proj_1220701_6\\proj_1220701_6\\CreditCard.java","start1":63,"end1":76,"start2":43,"end2":59,"tokens":10}]}