{"id1":"proj_1221026_s4","id2":"proj_1220701_6","similarity":0.8059149722735675,"matches":[{"file1":"proj_1221026_s4\\proj_1221026_s4\\src\\javaProject\\Driver.java","file2":"proj_1220701_6\\proj_1220701_6\\Driver.java","start1":5,"end1":43,"start2":1,"end2":44,"tokens":52},{"file1":"proj_1221026_s4\\proj_1221026_s4\\src\\javaProject\\Check.java","file2":"proj_1220701_6\\proj_1220701_6\\Check.java","start1":4,"end1":56,"start2":1,"end2":45,"tokens":44},{"file1":"proj_1221026_s4\\proj_1221026_s4\\src\\javaProject\\CustomerPayment.java","file2":"proj_1220701_6\\proj_1220701_6\\CustomerPayment.java","start1":7,"end1":79,"start2":2,"end2":41,"tokens":36},{"file1":"proj_1221026_s4\\proj_1221026_s4\\src\\javaProject\\CreditCard.java","file2":"proj_1220701_6\\proj_1220701_6\\CreditCard.java","start1":4,"end1":38,"start2":1,"end2":34,"tokens":32},{"file1":"proj_1221026_s4\\proj_1221026_s4\\src\\javaProject\\Cash.java","file2":"proj_1220701_6\\proj_1220701_6\\Cash.java","start1":4,"end1":44,"start2":1,"end2":36,"tokens":29},{"file1":"proj_1221026_s4\\proj_1221026_s4\\src\\javaProject\\CreditCard.java","file2":"proj_1220701_6\\proj_1220701_6\\CreditCard.java","start1":41,"end1":61,"start2":37,"end2":59,"tokens":15},{"file1":"proj_1221026_s4\\proj_1221026_s4\\src\\javaProject\\Check.java","file2":"proj_1220701_6\\proj_1220701_6\\Check.java","start1":72,"end1":86,"start2":55,"end2":65,"tokens":10}]}