{"id1":"proj_1220013_s6","id2":"proj_1220375_s4","similarity":0.8876811594202898,"matches":[{"file1":"proj_1220013_s6\\proj_1220013_s6\\java project\\src\\Driver.java","file2":"proj_1220375_s4\\proj_1220375_s4\\Project1\\src\\project\\Driver.java","start1":5,"end1":39,"start2":6,"end2":43,"tokens":51},{"file1":"proj_1220013_s6\\proj_1220013_s6\\java project\\src\\Check.java","file2":"proj_1220375_s4\\proj_1220375_s4\\Project1\\src\\project\\Check.java","start1":23,"end1":68,"start2":35,"end2":80,"tokens":40},{"file1":"proj_1220013_s6\\proj_1220013_s6\\java project\\src\\CustomerPayment.java","file2":"proj_1220375_s4\\proj_1220375_s4\\Project1\\src\\project\\CustomerPayment.java","start1":5,"end1":37,"start2":6,"end2":43,"tokens":33},{"file1":"proj_1220013_s6\\proj_1220013_s6\\java project\\src\\CustomerPayment.java","file2":"proj_1220375_s4\\proj_1220375_s4\\Project1\\src\\project\\CustomerPayment.java","start1":44,"end1":57,"start2":55,"end2":75,"tokens":25},{"file1":"proj_1220013_s6\\proj_1220013_s6\\java project\\src\\CreditCard.java","file2":"proj_1220375_s4\\proj_1220375_s4\\Project1\\src\\project\\CreditCard.java","start1":23,"end1":44,"start2":31,"end2":58,"tokens":25},{"file1":"proj_1220013_s6\\proj_1220013_s6\\java project\\src\\Check.java","file2":"proj_1220375_s4\\proj_1220375_s4\\Project1\\src\\project\\Check.java","start1":5,"end1":22,"start2":7,"end2":31,"tokens":22},{"file1":"proj_1220013_s6\\proj_1220013_s6\\java project\\src\\CreditCard.java","file2":"proj_1220375_s4\\proj_1220375_s4\\Project1\\src\\project\\CreditCard.java","start1":5,"end1":22,"start2":6,"end2":28,"tokens":20},{"file1":"proj_1220013_s6\\proj_1220013_s6\\java project\\src\\Cash.java","file2":"proj_1220375_s4\\proj_1220375_s4\\Project1\\src\\project\\Cash.java","start1":14,"end1":34,"start2":18,"end2":39,"tokens":17},{"file1":"proj_1220013_s6\\proj_1220013_s6\\java project\\src\\Cash.java","file2":"proj_1220375_s4\\proj_1220375_s4\\Project1\\src\\project\\Cash.java","start1":5,"end1":13,"start2":6,"end2":16,"tokens":12}]}