{"id1":"proj_1220203_sec5","id2":"proj_1221471_S8","similarity":0.7985074626865671,"matches":[{"file1":"proj_1220203_sec5\\proj_1220203_sec5\\src\\proj_1220203_sec5\\Driver.java","file2":"proj_1221471_S8\\project\\Driver.java","start1":5,"end1":44,"start2":6,"end2":39,"tokens":51},{"file1":"proj_1220203_sec5\\proj_1220203_sec5\\src\\proj_1220203_sec5\\CustomerPayment.java","file2":"proj_1221471_S8\\project\\CustomerPayment.java","start1":5,"end1":40,"start2":4,"end2":47,"tokens":37},{"file1":"proj_1220203_sec5\\proj_1220203_sec5\\src\\proj_1220203_sec5\\CreditCard.java","file2":"proj_1221471_S8\\project\\CreditCard.java","start1":4,"end1":34,"start2":2,"end2":35,"tokens":33},{"file1":"proj_1220203_sec5\\proj_1220203_sec5\\src\\proj_1220203_sec5\\Cash.java","file2":"proj_1221471_S8\\project\\Cash.java","start1":4,"end1":36,"start2":2,"end2":36,"tokens":28},{"file1":"proj_1220203_sec5\\proj_1220203_sec5\\src\\proj_1220203_sec5\\Check.java","file2":"proj_1221471_S8\\project\\Check.java","start1":24,"end1":52,"start2":24,"end2":51,"tokens":25},{"file1":"proj_1220203_sec5\\proj_1220203_sec5\\src\\proj_1220203_sec5\\Check.java","file2":"proj_1221471_S8\\project\\Check.java","start1":7,"end1":23,"start2":3,"end2":19,"tokens":19},{"file1":"proj_1220203_sec5\\proj_1220203_sec5\\src\\proj_1220203_sec5\\CustomerPayment.java","file2":"proj_1221471_S8\\project\\CustomerPayment.java","start1":41,"end1":47,"start2":57,"end2":65,"tokens":12},{"file1":"proj_1220203_sec5\\proj_1220203_sec5\\src\\proj_1220203_sec5\\Check.java","file2":"proj_1221471_S8\\project\\Check.java","start1":63,"end1":72,"start2":54,"end2":71,"tokens":9}]}