{"id1":"proj_1220764_8","id2":"proj_1221904_s5","similarity":0.8314176245210728,"matches":[{"file1":"proj_1220764_8\\Check.java","file2":"proj_1221904_s5\\proj_1221904_s5\\JavaCustomerPro\\src\\CustomerPackage\\Check.java","start1":1,"end1":43,"start2":2,"end2":47,"tokens":45},{"file1":"proj_1220764_8\\CreditCard.java","file2":"proj_1221904_s5\\proj_1221904_s5\\JavaCustomerPro\\src\\CustomerPackage\\CreditCard.java","start1":1,"end1":42,"start2":2,"end2":48,"tokens":45},{"file1":"proj_1220764_8\\CustomerPayment.java","file2":"proj_1221904_s5\\proj_1221904_s5\\JavaCustomerPro\\src\\CustomerPackage\\CustomerPayment.java","start1":1,"end1":40,"start2":2,"end2":43,"tokens":37},{"file1":"proj_1220764_8\\driver.java","file2":"proj_1221904_s5\\proj_1221904_s5\\JavaCustomerPro\\src\\CustomerPackage\\Driver.java","start1":16,"end1":36,"start2":18,"end2":44,"tokens":36},{"file1":"proj_1220764_8\\Cash.java","file2":"proj_1221904_s5\\proj_1221904_s5\\JavaCustomerPro\\src\\CustomerPackage\\Cash.java","start1":1,"end1":28,"start2":2,"end2":30,"tokens":27},{"file1":"proj_1220764_8\\CustomerPayment.java","file2":"proj_1221904_s5\\proj_1221904_s5\\JavaCustomerPro\\src\\CustomerPackage\\CustomerPayment.java","start1":50,"end1":59,"start2":56,"end2":63,"tokens":9},{"file1":"proj_1220764_8\\driver.java","file2":"proj_1221904_s5\\proj_1221904_s5\\JavaCustomerPro\\src\\CustomerPackage\\Driver.java","start1":1,"end1":9,"start2":2,"end2":10,"tokens":9},{"file1":"proj_1220764_8\\Check.java","file2":"proj_1221904_s5\\proj_1221904_s5\\JavaCustomerPro\\src\\CustomerPackage\\Check.java","start1":53,"end1":61,"start2":60,"end2":71,"tokens":9}]}