{"id1":"proj_1220769_s11","id2":"proj_1222285_s3","similarity":0.8082706766917294,"matches":[{"file1":"proj_1220769_s11\\proj_1220769_11L\\Driver.java","file2":"proj_1222285_s3\\proj_1222285_s3\\Driver.java","start1":8,"end1":46,"start2":9,"end2":45,"tokens":51},{"file1":"proj_1220769_s11\\proj_1220769_11L\\Check.java","file2":"proj_1222285_s3\\proj_1222285_s3\\Check.java","start1":4,"end1":41,"start2":9,"end2":52,"tokens":43},{"file1":"proj_1220769_s11\\proj_1220769_11L\\Cash.java","file2":"proj_1222285_s3\\proj_1222285_s3\\Cash.java","start1":5,"end1":40,"start2":9,"end2":49,"tokens":28},{"file1":"proj_1220769_s11\\proj_1220769_11L\\CustomerPayment.java","file2":"proj_1222285_s3\\proj_1222285_s3\\CustomerPayment.java","start1":16,"end1":44,"start2":22,"end2":49,"tokens":28},{"file1":"proj_1220769_s11\\proj_1220769_11L\\CreditCard.java","file2":"proj_1222285_s3\\proj_1222285_s3\\CreditCard.java","start1":11,"end1":35,"start2":16,"end2":44,"tokens":28},{"file1":"proj_1220769_s11\\proj_1220769_11L\\CustomerPayment.java","file2":"proj_1222285_s3\\proj_1222285_s3\\CustomerPayment.java","start1":44,"end1":56,"start2":61,"end2":75,"tokens":16},{"file1":"proj_1220769_s11\\proj_1220769_11L\\CreditCard.java","file2":"proj_1222285_s3\\proj_1222285_s3\\CreditCard.java","start1":44,"end1":56,"start2":47,"end2":59,"tokens":11},{"file1":"proj_1220769_s11\\proj_1220769_11L\\CustomerPayment.java","file2":"proj_1222285_s3\\proj_1222285_s3\\CustomerPayment.java","start1":5,"end1":15,"start2":10,"end2":20,"tokens":10}]}