{"id1":"proj_1220439_s4","id2":"proj_1221026_s4","similarity":0.8030018761726079,"matches":[{"file1":"proj_1220439_s4\\finalProject\\src\\finalProject\\CustomerPayment.java","file2":"proj_1221026_s4\\proj_1221026_s4\\src\\javaProject\\CustomerPayment.java","start1":6,"end1":69,"start2":7,"end2":118,"tokens":64},{"file1":"proj_1220439_s4\\finalProject\\src\\finalProject\\Driver.java","file2":"proj_1221026_s4\\proj_1221026_s4\\src\\javaProject\\Driver.java","start1":4,"end1":43,"start2":5,"end2":43,"tokens":52},{"file1":"proj_1220439_s4\\finalProject\\src\\finalProject\\Check.java","file2":"proj_1221026_s4\\proj_1221026_s4\\src\\javaProject\\Check.java","start1":4,"end1":47,"start2":4,"end2":56,"tokens":44},{"file1":"proj_1220439_s4\\finalProject\\src\\finalProject\\CreditCard.java","file2":"proj_1221026_s4\\proj_1221026_s4\\src\\javaProject\\CreditCard.java","start1":4,"end1":36,"start2":4,"end2":38,"tokens":32},{"file1":"proj_1220439_s4\\finalProject\\src\\finalProject\\Cash.java","file2":"proj_1221026_s4\\proj_1221026_s4\\src\\javaProject\\Cash.java","start1":4,"end1":25,"start2":4,"end2":31,"tokens":22}]}