{"id1":"proj_1220646_s3","id2":"proj_1220149_s7","similarity":0.8272058823529411,"matches":[{"file1":"proj_1220646_s3\\proj_1220646_s3\\Driver.java","file2":"proj_1220149_s7\\proj_1220149_s7\\Driver.java","start1":1,"end1":40,"start2":5,"end2":42,"tokens":52},{"file1":"proj_1220646_s3\\proj_1220646_s3\\Check.java","file2":"proj_1220149_s7\\proj_1220149_s7\\Check.java","start1":14,"end1":43,"start2":22,"end2":61,"tokens":32},{"file1":"proj_1220646_s3\\proj_1220646_s3\\CreditCard.java","file2":"proj_1220149_s7\\proj_1220149_s7\\CreditCard.java","start1":13,"end1":42,"start2":18,"end2":51,"tokens":26},{"file1":"proj_1220646_s3\\proj_1220646_s3\\Check.java","file2":"proj_1220149_s7\\proj_1220149_s7\\Check.java","start1":1,"end1":12,"start2":5,"end2":18,"tokens":17},{"file1":"proj_1220646_s3\\proj_1220646_s3\\CustomerPayment.java","file2":"proj_1220149_s7\\proj_1220149_s7\\CustomerPayment.java","start1":1,"end1":17,"start2":5,"end2":21,"tokens":16},{"file1":"proj_1220646_s3\\proj_1220646_s3\\Cash.java","file2":"proj_1220149_s7\\proj_1220149_s7\\Cash.java","start1":9,"end1":25,"start2":17,"end2":34,"tokens":15},{"file1":"proj_1220646_s3\\proj_1220646_s3\\CustomerPayment.java","file2":"proj_1220149_s7\\proj_1220149_s7\\CustomerPayment.java","start1":48,"end1":56,"start2":52,"end2":59,"tokens":15},{"file1":"proj_1220646_s3\\proj_1220646_s3\\CreditCard.java","file2":"proj_1220149_s7\\proj_1220149_s7\\CreditCard.java","start1":1,"end1":11,"start2":5,"end2":14,"tokens":13},{"file1":"proj_1220646_s3\\proj_1220646_s3\\Cash.java","file2":"proj_1220149_s7\\proj_1220149_s7\\Cash.java","start1":1,"end1":7,"start2":5,"end2":13,"tokens":10},{"file1":"proj_1220646_s3\\proj_1220646_s3\\CreditCard.java","file2":"proj_1220149_s7\\proj_1220149_s7\\CreditCard.java","start1":43,"end1":51,"start2":53,"end2":62,"tokens":10},{"file1":"proj_1220646_s3\\proj_1220646_s3\\Check.java","file2":"proj_1220149_s7\\proj_1220149_s7\\Check.java","start1":47,"end1":56,"start2":67,"end2":78,"tokens":10},{"file1":"proj_1220646_s3\\proj_1220646_s3\\CustomerPayment.java","file2":"proj_1220149_s7\\proj_1220149_s7\\CustomerPayment.java","start1":19,"end1":26,"start2":27,"end2":37,"tokens":9}]}