{"id1":"proj_1220769_s11","id2":"proj_1221618_s2","similarity":0.8592592592592593,"matches":[{"file1":"proj_1220769_s11\\proj_1220769_11L\\Driver.java","file2":"proj_1221618_s2\\proj_1221618_s2\\newProject\\src\\newProject\\Driver.java","start1":8,"end1":46,"start2":2,"end2":38,"tokens":51},{"file1":"proj_1220769_s11\\proj_1220769_11L\\Check.java","file2":"proj_1221618_s2\\proj_1221618_s2\\newProject\\src\\newProject\\Check.java","start1":4,"end1":41,"start2":2,"end2":39,"tokens":43},{"file1":"proj_1220769_s11\\proj_1220769_11L\\CustomerPayment.java","file2":"proj_1221618_s2\\proj_1221618_s2\\newProject\\src\\newProject\\CustomerPayment.java","start1":5,"end1":44,"start2":3,"end2":37,"tokens":38},{"file1":"proj_1220769_s11\\proj_1220769_11L\\CreditCard.java","file2":"proj_1221618_s2\\proj_1221618_s2\\newProject\\src\\newProject\\CreditCard.java","start1":5,"end1":43,"start2":3,"end2":36,"tokens":38},{"file1":"proj_1220769_s11\\proj_1220769_11L\\Cash.java","file2":"proj_1221618_s2\\proj_1221618_s2\\newProject\\src\\newProject\\Cash.java","start1":5,"end1":26,"start2":3,"end2":22,"tokens":20},{"file1":"proj_1220769_s11\\proj_1220769_11L\\CustomerPayment.java","file2":"proj_1221618_s2\\proj_1221618_s2\\newProject\\src\\newProject\\CustomerPayment.java","start1":44,"end1":61,"start2":43,"end2":57,"tokens":20},{"file1":"proj_1220769_s11\\proj_1220769_11L\\CreditCard.java","file2":"proj_1221618_s2\\proj_1221618_s2\\newProject\\src\\newProject\\Check.java","start1":44,"end1":60,"start2":55,"end2":74,"tokens":12},{"file1":"proj_1220769_s11\\proj_1220769_11L\\Check.java","file2":"proj_1221618_s2\\proj_1221618_s2\\newProject\\src\\newProject\\CreditCard.java","start1":56,"end1":75,"start2":39,"end2":55,"tokens":10}]}