{"id1":"proj_1221026_s4","id2":"proj_1220848_s4","similarity":0.7985739750445633,"matches":[{"file1":"proj_1221026_s4\\proj_1221026_s4\\src\\javaProject\\Driver.java","file2":"proj_1220848_s4\\proj_1220848_s4\\Project\\src\\project\\Driver.java","start1":5,"end1":43,"start2":6,"end2":39,"tokens":52},{"file1":"proj_1221026_s4\\proj_1221026_s4\\src\\javaProject\\CustomerPayment.java","file2":"proj_1220848_s4\\proj_1220848_s4\\Project\\src\\project\\CustomerPayment.java","start1":7,"end1":79,"start2":8,"end2":41,"tokens":36},{"file1":"proj_1221026_s4\\proj_1221026_s4\\src\\javaProject\\Check.java","file2":"proj_1220848_s4\\proj_1220848_s4\\Project\\src\\project\\Check.java","start1":19,"end1":56,"start2":28,"end2":53,"tokens":30},{"file1":"proj_1221026_s4\\proj_1221026_s4\\src\\javaProject\\CustomerPayment.java","file2":"proj_1220848_s4\\proj_1220848_s4\\Project\\src\\project\\CustomerPayment.java","start1":79,"end1":100,"start2":45,"end2":57,"tokens":23},{"file1":"proj_1221026_s4\\proj_1221026_s4\\src\\javaProject\\CreditCard.java","file2":"proj_1220848_s4\\proj_1220848_s4\\Project\\src\\project\\CreditCard.java","start1":15,"end1":38,"start2":20,"end2":38,"tokens":21},{"file1":"proj_1221026_s4\\proj_1221026_s4\\src\\javaProject\\Check.java","file2":"proj_1220848_s4\\proj_1220848_s4\\Project\\src\\project\\Check.java","start1":4,"end1":19,"start2":6,"end2":21,"tokens":14},{"file1":"proj_1221026_s4\\proj_1221026_s4\\src\\javaProject\\Check.java","file2":"proj_1220848_s4\\proj_1220848_s4\\Project\\src\\project\\Check.java","start1":57,"end1":78,"start2":59,"end2":74,"tokens":14},{"file1":"proj_1221026_s4\\proj_1221026_s4\\src\\javaProject\\Cash.java","file2":"proj_1220848_s4\\proj_1220848_s4\\Project\\src\\project\\Cash.java","start1":4,"end1":22,"start2":6,"end2":18,"tokens":14},{"file1":"proj_1221026_s4\\proj_1221026_s4\\src\\javaProject\\CreditCard.java","file2":"proj_1220848_s4\\proj_1220848_s4\\Project\\src\\project\\CreditCard.java","start1":4,"end1":15,"start2":6,"end2":14,"tokens":11},{"file1":"proj_1221026_s4\\proj_1221026_s4\\src\\javaProject\\Cash.java","file2":"proj_1220848_s4\\proj_1220848_s4\\Project\\src\\project\\Cash.java","start1":23,"end1":33,"start2":24,"end2":31,"tokens":9}]}