{"id1":"proj_1220874_s9","id2":"Proj_1222350_s2","similarity":0.8131021194605009,"matches":[{"file1":"proj_1220874_s9\\proj_1220874_s9\\Driver.java","file2":"Proj_1222350_s2\\Proj_1222350_s2\\Driver.java","start1":2,"end1":36,"start2":3,"end2":33,"tokens":46},{"file1":"proj_1220874_s9\\proj_1220874_s9\\Check.java","file2":"Proj_1222350_s2\\Proj_1222350_s2\\Check.java","start1":44,"end1":72,"start2":37,"end2":90,"tokens":25},{"file1":"proj_1220874_s9\\proj_1220874_s9\\CustomerPayment.java","file2":"Proj_1222350_s2\\Proj_1222350_s2\\CustomerPayment.java","start1":22,"end1":48,"start2":28,"end2":78,"tokens":23},{"file1":"proj_1220874_s9\\proj_1220874_s9\\Check.java","file2":"Proj_1222350_s2\\Proj_1222350_s2\\Check.java","start1":2,"end1":20,"start2":2,"end2":35,"tokens":21},{"file1":"proj_1220874_s9\\proj_1220874_s9\\CreditCard.java","file2":"Proj_1222350_s2\\Proj_1222350_s2\\CreditCard.java","start1":2,"end1":19,"start2":2,"end2":31,"tokens":18},{"file1":"proj_1220874_s9\\proj_1220874_s9\\CreditCard.java","file2":"Proj_1222350_s2\\Proj_1222350_s2\\CreditCard.java","start1":30,"end1":47,"start2":33,"end2":66,"tokens":16},{"file1":"proj_1220874_s9\\proj_1220874_s9\\CustomerPayment.java","file2":"Proj_1222350_s2\\Proj_1222350_s2\\CustomerPayment.java","start1":2,"end1":15,"start2":2,"end2":26,"tokens":14},{"file1":"proj_1220874_s9\\proj_1220874_s9\\Cash.java","file2":"Proj_1222350_s2\\Proj_1222350_s2\\Cash.java","start1":2,"end1":15,"start2":2,"end2":24,"tokens":14},{"file1":"proj_1220874_s9\\proj_1220874_s9\\Check.java","file2":"Proj_1222350_s2\\Proj_1222350_s2\\Check.java","start1":32,"end1":43,"start2":92,"end2":119,"tokens":13},{"file1":"proj_1220874_s9\\proj_1220874_s9\\CustomerPayment.java","file2":"Proj_1222350_s2\\Proj_1222350_s2\\CustomerPayment.java","start1":48,"end1":58,"start2":87,"end2":101,"tokens":12},{"file1":"proj_1220874_s9\\proj_1220874_s9\\Cash.java","file2":"Proj_1222350_s2\\Proj_1222350_s2\\Cash.java","start1":21,"end1":30,"start2":26,"end2":43,"tokens":9}]}