{"id1":"proj_1220779_s7","id2":"proj_1220814_s4","similarity":0.8093525179856115,"matches":[{"file1":"proj_1220779_s7\\1\\src\\projectBzu\\Driver.java","file2":"proj_1220814_s4\\Comp2310Project\\src\\Driver.java","start1":2,"end1":38,"start2":4,"end2":41,"tokens":51},{"file1":"proj_1220779_s7\\1\\src\\projectBzu\\CustomerPayment.java","file2":"proj_1220814_s4\\Comp2310Project\\src\\CustomerPyment.java","start1":3,"end1":52,"start2":4,"end2":52,"tokens":42},{"file1":"proj_1220779_s7\\1\\src\\projectBzu\\Check.java","file2":"proj_1220814_s4\\Comp2310Project\\src\\Check.java","start1":22,"end1":48,"start2":25,"end2":50,"tokens":23},{"file1":"proj_1220779_s7\\1\\src\\projectBzu\\Cash.java","file2":"proj_1220814_s4\\Comp2310Project\\src\\Cash.java","start1":3,"end1":27,"start2":4,"end2":25,"tokens":22},{"file1":"proj_1220779_s7\\1\\src\\projectBzu\\Check.java","file2":"proj_1220814_s4\\Comp2310Project\\src\\Check.java","start1":3,"end1":21,"start2":4,"end2":20,"tokens":20},{"file1":"proj_1220779_s7\\1\\src\\projectBzu\\CreditCard.java","file2":"proj_1220814_s4\\Comp2310Project\\src\\CreditCard.java","start1":39,"end1":56,"start2":38,"end2":63,"tokens":19},{"file1":"proj_1220779_s7\\1\\src\\projectBzu\\CreditCard.java","file2":"proj_1220814_s4\\Comp2310Project\\src\\CreditCard.java","start1":4,"end1":21,"start2":4,"end2":20,"tokens":17},{"file1":"proj_1220779_s7\\1\\src\\projectBzu\\CreditCard.java","file2":"proj_1220814_s4\\Comp2310Project\\src\\CreditCard.java","start1":27,"end1":39,"start2":26,"end2":38,"tokens":11},{"file1":"proj_1220779_s7\\1\\src\\projectBzu\\Check.java","file2":"proj_1220814_s4\\Comp2310Project\\src\\Check.java","start1":50,"end1":60,"start2":70,"end2":89,"tokens":11},{"file1":"proj_1220779_s7\\1\\src\\projectBzu\\Cash.java","file2":"proj_1220814_s4\\Comp2310Project\\src\\Cash.java","start1":27,"end1":33,"start2":35,"end2":42,"tokens":9}]}