{"id1":"proj_1220769_s11","id2":"proj_1220041_sec10","similarity":0.7985611510791367,"matches":[{"file1":"proj_1220769_s11\\proj_1220769_11L\\Check.java","file2":"proj_1220041_sec10\\proj_1220041_sec10\\Check.java","start1":4,"end1":54,"start2":7,"end2":76,"tokens":53},{"file1":"proj_1220769_s11\\proj_1220769_11L\\Driver.java","file2":"proj_1220041_sec10\\proj_1220041_sec10\\Driver.java","start1":8,"end1":46,"start2":2,"end2":38,"tokens":51},{"file1":"proj_1220769_s11\\proj_1220769_11L\\CustomerPayment.java","file2":"proj_1220041_sec10\\proj_1220041_sec10\\CustomerPayment.java","start1":5,"end1":44,"start2":10,"end2":51,"tokens":39},{"file1":"proj_1220769_s11\\proj_1220769_11L\\CreditCard.java","file2":"proj_1220041_sec10\\proj_1220041_sec10\\CreditCard.java","start1":13,"end1":41,"start2":17,"end2":50,"tokens":31},{"file1":"proj_1220769_s11\\proj_1220769_11L\\Cash.java","file2":"proj_1220041_sec10\\proj_1220041_sec10\\Cash.java","start1":9,"end1":34,"start2":13,"end2":37,"tokens":23},{"file1":"proj_1220769_s11\\proj_1220769_11L\\CustomerPayment.java","file2":"proj_1220041_sec10\\proj_1220041_sec10\\CustomerPayment.java","start1":45,"end1":56,"start2":62,"end2":74,"tokens":15},{"file1":"proj_1220769_s11\\proj_1220769_11L\\CustomerPayment.java","file2":"proj_1220041_sec10\\proj_1220041_sec10\\Check.java","start1":58,"end1":66,"start2":83,"end2":114,"tokens":10}]}