{"id1":"proj_1220769_s11","id2":"Project1220433sec1","similarity":0.8104089219330854,"matches":[{"file1":"proj_1220769_s11\\proj_1220769_11L\\Driver.java","file2":"Project1220433sec1\\proj___1220433__s1\\Driver.java","start1":6,"end1":46,"start2":4,"end2":71,"tokens":53},{"file1":"proj_1220769_s11\\proj_1220769_11L\\Check.java","file2":"Project1220433sec1\\proj___1220433__s1\\Check.java","start1":4,"end1":41,"start2":5,"end2":69,"tokens":43},{"file1":"proj_1220769_s11\\proj_1220769_11L\\CustomerPayment.java","file2":"Project1220433sec1\\proj___1220433__s1\\CustomerPayment.java","start1":5,"end1":44,"start2":5,"end2":55,"tokens":38},{"file1":"proj_1220769_s11\\proj_1220769_11L\\CreditCard.java","file2":"Project1220433sec1\\proj___1220433__s1\\CreditCard.java","start1":5,"end1":37,"start2":4,"end2":49,"tokens":33},{"file1":"proj_1220769_s11\\proj_1220769_11L\\Cash.java","file2":"Project1220433sec1\\proj___1220433__s1\\Cash.java","start1":5,"end1":34,"start2":5,"end2":38,"tokens":26},{"file1":"proj_1220769_s11\\proj_1220769_11L\\CustomerPayment.java","file2":"Project1220433sec1\\proj___1220433__s1\\CustomerPayment.java","start1":44,"end1":56,"start2":73,"end2":88,"tokens":16},{"file1":"proj_1220769_s11\\proj_1220769_11L\\CreditCard.java","file2":"Project1220433sec1\\proj___1220433__s1\\CreditCard.java","start1":43,"end1":50,"start2":62,"end2":70,"tokens":9}]}