{"id1":"proj_1221026_s4","id2":"proj_1221618_s2","similarity":0.8519195612431444,"matches":[{"file1":"proj_1221026_s4\\proj_1221026_s4\\src\\javaProject\\Driver.java","file2":"proj_1221618_s2\\proj_1221618_s2\\newProject\\src\\newProject\\Driver.java","start1":5,"end1":43,"start2":1,"end2":38,"tokens":52},{"file1":"proj_1221026_s4\\proj_1221026_s4\\src\\javaProject\\Check.java","file2":"proj_1221618_s2\\proj_1221618_s2\\newProject\\src\\newProject\\Check.java","start1":4,"end1":57,"start2":1,"end2":41,"tokens":45},{"file1":"proj_1221026_s4\\proj_1221026_s4\\src\\javaProject\\CustomerPayment.java","file2":"proj_1221618_s2\\proj_1221618_s2\\newProject\\src\\newProject\\CustomerPayment.java","start1":7,"end1":83,"start2":3,"end2":40,"tokens":41},{"file1":"proj_1221026_s4\\proj_1221026_s4\\src\\javaProject\\CreditCard.java","file2":"proj_1221618_s2\\proj_1221618_s2\\newProject\\src\\newProject\\CreditCard.java","start1":4,"end1":38,"start2":1,"end2":30,"tokens":32},{"file1":"proj_1221026_s4\\proj_1221026_s4\\src\\javaProject\\CustomerPayment.java","file2":"proj_1221618_s2\\proj_1221618_s2\\newProject\\src\\newProject\\CustomerPayment.java","start1":86,"end1":118,"start2":42,"end2":60,"tokens":23},{"file1":"proj_1221026_s4\\proj_1221026_s4\\src\\javaProject\\Cash.java","file2":"proj_1221618_s2\\proj_1221618_s2\\newProject\\src\\newProject\\Cash.java","start1":4,"end1":31,"start2":1,"end2":22,"tokens":21},{"file1":"proj_1221026_s4\\proj_1221026_s4\\src\\javaProject\\CreditCard.java","file2":"proj_1221618_s2\\proj_1221618_s2\\newProject\\src\\newProject\\Check.java","start1":41,"end1":51,"start2":57,"end2":68,"tokens":10},{"file1":"proj_1221026_s4\\proj_1221026_s4\\src\\javaProject\\Check.java","file2":"proj_1221618_s2\\proj_1221618_s2\\newProject\\src\\newProject\\CreditCard.java","start1":59,"end1":72,"start2":39,"end2":47,"tokens":9}]}