{"id1":"proj_1220439_s4","id2":"proj_1220686_L1","similarity":0.7992424242424242,"matches":[{"file1":"proj_1220439_s4\\finalProject\\src\\finalProject\\CustomerPayment.java","file2":"proj_1220686_L1\\proj_1220686_L1\\CustomerPayment.java","start1":14,"end1":69,"start2":15,"end2":74,"tokens":54},{"file1":"proj_1220439_s4\\finalProject\\src\\finalProject\\Driver.java","file2":"proj_1220686_L1\\proj_1220686_L1\\Driver.java","start1":5,"end1":43,"start2":1,"end2":38,"tokens":51},{"file1":"proj_1220439_s4\\finalProject\\src\\finalProject\\Check.java","file2":"proj_1220686_L1\\proj_1220686_L1\\Check.java","start1":6,"end1":47,"start2":3,"end2":46,"tokens":43},{"file1":"proj_1220439_s4\\finalProject\\src\\finalProject\\CreditCard.java","file2":"proj_1220686_L1\\proj_1220686_L1\\CreditCard.java","start1":5,"end1":36,"start2":2,"end2":32,"tokens":32},{"file1":"proj_1220439_s4\\finalProject\\src\\finalProject\\Cash.java","file2":"proj_1220686_L1\\proj_1220686_L1\\Cash.java","start1":6,"end1":25,"start2":3,"end2":23,"tokens":21},{"file1":"proj_1220439_s4\\finalProject\\src\\finalProject\\CustomerPayment.java","file2":"proj_1220686_L1\\proj_1220686_L1\\CustomerPayment.java","start1":6,"end1":13,"start2":3,"end2":13,"tokens":10}]}