{"id1":"proj_1220893_s11","id2":"proj_1222596_s5","similarity":0.8235294117647058,"matches":[{"file1":"proj_1220893_s11\\JavaProject1\\src\\SuhibProject\\CustomerPayment.java","file2":"proj_1222596_s5\\proj_1222596_s5\\Check.java","start1":14,"end1":46,"start2":28,"end2":68,"tokens":27},{"file1":"proj_1220893_s11\\JavaProject1\\src\\SuhibProject\\Check.java","file2":"proj_1222596_s5\\proj_1222596_s5\\CustomerPayment.java","start1":17,"end1":43,"start2":25,"end2":58,"tokens":23},{"file1":"proj_1220893_s11\\JavaProject1\\src\\SuhibProject\\Driver.java","file2":"proj_1222596_s5\\proj_1222596_s5\\Driver.java","start1":22,"end1":33,"start2":38,"end2":59,"tokens":21},{"file1":"proj_1220893_s11\\JavaProject1\\src\\SuhibProject\\CreditCard.java","file2":"proj_1222596_s5\\proj_1222596_s5\\CreditCard.java","start1":12,"end1":27,"start2":24,"end2":47,"tokens":18},{"file1":"proj_1220893_s11\\JavaProject1\\src\\SuhibProject\\Check.java","file2":"proj_1222596_s5\\proj_1222596_s5\\Check.java","start1":4,"end1":16,"start2":6,"end2":22,"tokens":18},{"file1":"proj_1220893_s11\\JavaProject1\\src\\SuhibProject\\Cash.java","file2":"proj_1222596_s5\\proj_1222596_s5\\Cash.java","start1":11,"end1":37,"start2":19,"end2":48,"tokens":17},{"file1":"proj_1220893_s11\\JavaProject1\\src\\SuhibProject\\CustomerPayment.java","file2":"proj_1222596_s5\\proj_1222596_s5\\CustomerPayment.java","start1":46,"end1":54,"start2":58,"end2":71,"tokens":14},{"file1":"proj_1220893_s11\\JavaProject1\\src\\SuhibProject\\CreditCard.java","file2":"proj_1222596_s5\\proj_1222596_s5\\CreditCard.java","start1":3,"end1":11,"start2":6,"end2":18,"tokens":13},{"file1":"proj_1220893_s11\\JavaProject1\\src\\SuhibProject\\Check.java","file2":"proj_1222596_s5\\proj_1222596_s5\\Check.java","start1":44,"end1":56,"start2":70,"end2":94,"tokens":12},{"file1":"proj_1220893_s11\\JavaProject1\\src\\SuhibProject\\CustomerPayment.java","file2":"proj_1222596_s5\\proj_1222596_s5\\CustomerPayment.java","start1":4,"end1":13,"start2":8,"end2":19,"tokens":11},{"file1":"proj_1220893_s11\\JavaProject1\\src\\SuhibProject\\Driver.java","file2":"proj_1222596_s5\\proj_1222596_s5\\Driver.java","start1":4,"end1":12,"start2":9,"end2":20,"tokens":11},{"file1":"proj_1220893_s11\\JavaProject1\\src\\SuhibProject\\Cash.java","file2":"proj_1222596_s5\\proj_1222596_s5\\Cash.java","start1":5,"end1":10,"start2":6,"end2":13,"tokens":9},{"file1":"proj_1220893_s11\\JavaProject1\\src\\SuhibProject\\Driver.java","file2":"proj_1222596_s5\\proj_1222596_s5\\Driver.java","start1":12,"end1":19,"start2":22,"end2":31,"tokens":9}]}