{"id1":"proj_1220505_S4","id2":"proj_1220764_8","similarity":0.8336594911937377,"matches":[{"file1":"proj_1220505_S4\\Project_COMP\\src\\Driver.java","file2":"proj_1220764_8\\driver.java","start1":4,"end1":34,"start2":3,"end2":36,"tokens":51},{"file1":"proj_1220505_S4\\Project_COMP\\src\\CreditCard.java","file2":"proj_1220764_8\\CreditCard.java","start1":5,"end1":53,"start2":3,"end2":45,"tokens":47},{"file1":"proj_1220505_S4\\Project_COMP\\src\\CustomerPayment.java","file2":"proj_1220764_8\\CustomerPayment.java","start1":5,"end1":43,"start2":3,"end2":40,"tokens":36},{"file1":"proj_1220505_S4\\Project_COMP\\src\\Check.java","file2":"proj_1220764_8\\Check.java","start1":23,"end1":47,"start2":19,"end2":39,"tokens":22},{"file1":"proj_1220505_S4\\Project_COMP\\src\\Check.java","file2":"proj_1220764_8\\Check.java","start1":4,"end1":17,"start2":3,"end2":17,"tokens":17},{"file1":"proj_1220505_S4\\Project_COMP\\src\\Cash.java","file2":"proj_1220764_8\\Cash.java","start1":5,"end1":20,"start2":3,"end2":18,"tokens":16},{"file1":"proj_1220505_S4\\Project_COMP\\src\\CustomerPayment.java","file2":"proj_1220764_8\\CustomerPayment.java","start1":43,"end1":53,"start2":43,"end2":51,"tokens":14},{"file1":"proj_1220505_S4\\Project_COMP\\src\\Check.java","file2":"proj_1220764_8\\Cash.java","start1":53,"end1":63,"start2":20,"end2":29,"tokens":10}]}