{"id1":"proj 1220039 s10","id2":"proj_1220890_s6","similarity":0.8314606741573034,"matches":[{"file1":"proj 1220039 s10\\proj 1220039 s10\\Customerpayment.java","file2":"proj_1220890_s6\\Project\\src\\project\\CustomerPayment.java","start1":2,"end1":55,"start2":4,"end2":54,"tokens":47},{"file1":"proj 1220039 s10\\proj 1220039 s10\\Check.java","file2":"proj_1220890_s6\\Project\\src\\project\\Check.java","start1":2,"end1":46,"start2":4,"end2":49,"tokens":43},{"file1":"proj 1220039 s10\\proj 1220039 s10\\Driver.java","file2":"proj_1220890_s6\\Project\\src\\project\\Driver.java","start1":2,"end1":30,"start2":4,"end2":35,"tokens":42},{"file1":"proj 1220039 s10\\proj 1220039 s10\\Creditcard.java","file2":"proj_1220890_s6\\Project\\src\\project\\CreditCard.java","start1":2,"end1":40,"start2":4,"end2":41,"tokens":35},{"file1":"proj 1220039 s10\\proj 1220039 s10\\Cash.java","file2":"proj_1220890_s6\\Project\\src\\project\\Cash.java","start1":2,"end1":23,"start2":4,"end2":23,"tokens":20},{"file1":"proj 1220039 s10\\proj 1220039 s10\\Customerpayment.java","file2":"proj_1220890_s6\\Project\\src\\project\\CustomerPayment.java","start1":55,"end1":68,"start2":55,"end2":65,"tokens":16},{"file1":"proj 1220039 s10\\proj 1220039 s10\\Check.java","file2":"proj_1220890_s6\\Project\\src\\project\\Check.java","start1":58,"end1":70,"start2":60,"end2":69,"tokens":10},{"file1":"proj 1220039 s10\\proj 1220039 s10\\Driver.java","file2":"proj_1220890_s6\\Project\\src\\project\\Driver.java","start1":31,"end1":37,"start2":37,"end2":41,"tokens":9}]}