{"id1":"proj_1220686_L1","id2":"proj_1221618_s2","similarity":0.8154981549815498,"matches":[{"file1":"proj_1220686_L1\\proj_1220686_L1\\Driver.java","file2":"proj_1221618_s2\\proj_1221618_s2\\newProject\\src\\newProject\\Driver.java","start1":1,"end1":38,"start2":2,"end2":38,"tokens":51},{"file1":"proj_1220686_L1\\proj_1220686_L1\\Check.java","file2":"proj_1221618_s2\\proj_1221618_s2\\newProject\\src\\newProject\\Check.java","start1":3,"end1":52,"start2":2,"end2":42,"tokens":45},{"file1":"proj_1220686_L1\\proj_1220686_L1\\CreditCard.java","file2":"proj_1221618_s2\\proj_1221618_s2\\newProject\\src\\newProject\\CreditCard.java","start1":2,"end1":32,"start2":3,"end2":30,"tokens":32},{"file1":"proj_1220686_L1\\proj_1220686_L1\\CustomerPayment.java","file2":"proj_1221618_s2\\proj_1221618_s2\\newProject\\src\\newProject\\CustomerPayment.java","start1":15,"end1":50,"start2":13,"end2":40,"tokens":31},{"file1":"proj_1220686_L1\\proj_1220686_L1\\CustomerPayment.java","file2":"proj_1221618_s2\\proj_1221618_s2\\newProject\\src\\newProject\\CustomerPayment.java","start1":51,"end1":74,"start2":42,"end2":60,"tokens":23},{"file1":"proj_1220686_L1\\proj_1220686_L1\\Cash.java","file2":"proj_1221618_s2\\proj_1221618_s2\\newProject\\src\\newProject\\Cash.java","start1":3,"end1":23,"start2":3,"end2":22,"tokens":20},{"file1":"proj_1220686_L1\\proj_1220686_L1\\CustomerPayment.java","file2":"proj_1221618_s2\\proj_1221618_s2\\newProject\\src\\newProject\\CustomerPayment.java","start1":3,"end1":13,"start2":3,"end2":12,"tokens":10},{"file1":"proj_1220686_L1\\proj_1220686_L1\\Check.java","file2":"proj_1221618_s2\\proj_1221618_s2\\newProject\\src\\newProject\\Check.java","start1":53,"end1":62,"start2":44,"end2":55,"tokens":9}]}