{"id1":"proj_1220686_L1","id2":"proj_1221492_s8","similarity":0.819366852886406,"matches":[{"file1":"proj_1220686_L1\\proj_1220686_L1\\Driver.java","file2":"proj_1221492_s8\\project\\src\\project\\Driver.java","start1":1,"end1":38,"start2":5,"end2":41,"tokens":51},{"file1":"proj_1220686_L1\\proj_1220686_L1\\Check.java","file2":"proj_1221492_s8\\project\\src\\project\\Check.java","start1":3,"end1":46,"start2":4,"end2":40,"tokens":43},{"file1":"proj_1220686_L1\\proj_1220686_L1\\CustomerPayment.java","file2":"proj_1221492_s8\\project\\src\\project\\CustomerPayment.java","start1":15,"end1":54,"start2":14,"end2":45,"tokens":33},{"file1":"proj_1220686_L1\\proj_1220686_L1\\CreditCard.java","file2":"proj_1221492_s8\\project\\src\\project\\CreditCard.java","start1":2,"end1":32,"start2":3,"end2":32,"tokens":31},{"file1":"proj_1220686_L1\\proj_1220686_L1\\Cash.java","file2":"proj_1221492_s8\\project\\src\\project\\Cash.java","start1":3,"end1":23,"start2":4,"end2":23,"tokens":20},{"file1":"proj_1220686_L1\\proj_1220686_L1\\CustomerPayment.java","file2":"proj_1221492_s8\\project\\src\\project\\CustomerPayment.java","start1":55,"end1":74,"start2":45,"end2":61,"tokens":20},{"file1":"proj_1220686_L1\\proj_1220686_L1\\Check.java","file2":"proj_1221492_s8\\project\\src\\project\\Check.java","start1":62,"end1":73,"start2":46,"end2":57,"tokens":12},{"file1":"proj_1220686_L1\\proj_1220686_L1\\CustomerPayment.java","file2":"proj_1221492_s8\\project\\src\\project\\CustomerPayment.java","start1":3,"end1":13,"start2":4,"end2":13,"tokens":10}]}