{"id1":"proj_1221026_s4","id2":"porj_1211583_s8","similarity":0.8602540834845736,"matches":[{"file1":"proj_1221026_s4\\proj_1221026_s4\\src\\javaProject\\Driver.java","file2":"porj_1211583_s8\\Project\\Driver.java","start1":6,"end1":43,"start2":9,"end2":43,"tokens":51},{"file1":"proj_1221026_s4\\proj_1221026_s4\\src\\javaProject\\Check.java","file2":"porj_1211583_s8\\Project\\Check.java","start1":4,"end1":51,"start2":1,"end2":45,"tokens":41},{"file1":"proj_1221026_s4\\proj_1221026_s4\\src\\javaProject\\CustomerPayment.java","file2":"porj_1211583_s8\\Project\\CustomerPayment.java","start1":7,"end1":82,"start2":7,"end2":48,"tokens":38},{"file1":"proj_1221026_s4\\proj_1221026_s4\\src\\javaProject\\CreditCard.java","file2":"porj_1211583_s8\\Project\\CreditCard.java","start1":4,"end1":38,"start2":1,"end2":39,"tokens":32},{"file1":"proj_1221026_s4\\proj_1221026_s4\\src\\javaProject\\Cash.java","file2":"porj_1211583_s8\\Project\\Cash.java","start1":4,"end1":44,"start2":1,"end2":37,"tokens":29},{"file1":"proj_1221026_s4\\proj_1221026_s4\\src\\javaProject\\CustomerPayment.java","file2":"porj_1211583_s8\\Project\\CustomerPayment.java","start1":83,"end1":100,"start2":57,"end2":70,"tokens":21},{"file1":"proj_1221026_s4\\proj_1221026_s4\\src\\javaProject\\Check.java","file2":"porj_1211583_s8\\Project\\Check.java","start1":67,"end1":92,"start2":61,"end2":78,"tokens":15},{"file1":"proj_1221026_s4\\proj_1221026_s4\\src\\javaProject\\CreditCard.java","file2":"porj_1211583_s8\\Project\\CreditCard.java","start1":46,"end1":61,"start2":45,"end2":57,"tokens":10}]}