{"id1":"proj_1220646_s3","id2":"proj_1221197_s4","similarity":0.8103130755064457,"matches":[{"file1":"proj_1220646_s3\\proj_1220646_s3\\Driver.java","file2":"proj_1221197_s4\\proj_1221197_s4\\Driver.java","start1":1,"end1":40,"start2":1,"end2":40,"tokens":52},{"file1":"proj_1220646_s3\\proj_1220646_s3\\CreditCard.java","file2":"proj_1221197_s4\\proj_1221197_s4\\CreditCard.java","start1":1,"end1":21,"start2":1,"end2":25,"tokens":21},{"file1":"proj_1220646_s3\\proj_1220646_s3\\CustomerPayment.java","file2":"proj_1221197_s4\\proj_1221197_s4\\CustomerPayment.java","start1":1,"end1":20,"start2":1,"end2":24,"tokens":19},{"file1":"proj_1220646_s3\\proj_1220646_s3\\CustomerPayment.java","file2":"proj_1221197_s4\\proj_1221197_s4\\CustomerPayment.java","start1":46,"end1":56,"start2":43,"end2":52,"tokens":18},{"file1":"proj_1220646_s3\\proj_1220646_s3\\CreditCard.java","file2":"proj_1221197_s4\\proj_1221197_s4\\Cash.java","start1":22,"end1":40,"start2":14,"end2":33,"tokens":17},{"file1":"proj_1220646_s3\\proj_1220646_s3\\Check.java","file2":"proj_1221197_s4\\proj_1221197_s4\\Check.java","start1":10,"end1":22,"start2":16,"end2":29,"tokens":17},{"file1":"proj_1220646_s3\\proj_1220646_s3\\Check.java","file2":"proj_1221197_s4\\proj_1221197_s4\\Check.java","start1":46,"end1":63,"start2":60,"end2":76,"tokens":16},{"file1":"proj_1220646_s3\\proj_1220646_s3\\Check.java","file2":"proj_1221197_s4\\proj_1221197_s4\\Check.java","start1":33,"end1":46,"start2":43,"end2":59,"tokens":13},{"file1":"proj_1220646_s3\\proj_1220646_s3\\Cash.java","file2":"proj_1221197_s4\\proj_1221197_s4\\Cash.java","start1":1,"end1":8,"start2":1,"end2":13,"tokens":11},{"file1":"proj_1220646_s3\\proj_1220646_s3\\CreditCard.java","file2":"proj_1221197_s4\\proj_1221197_s4\\CreditCard.java","start1":43,"end1":49,"start2":45,"end2":50,"tokens":9},{"file1":"proj_1220646_s3\\proj_1220646_s3\\Check.java","file2":"proj_1221197_s4\\proj_1221197_s4\\Check.java","start1":1,"end1":8,"start2":1,"end2":14,"tokens":9},{"file1":"proj_1220646_s3\\proj_1220646_s3\\Check.java","file2":"proj_1221197_s4\\proj_1221197_s4\\Check.java","start1":24,"end1":31,"start2":31,"end2":41,"tokens":9},{"file1":"proj_1220646_s3\\proj_1220646_s3\\CustomerPayment.java","file2":"proj_1221197_s4\\proj_1221197_s4\\CustomerPayment.java","start1":22,"end1":29,"start2":26,"end2":33,"tokens":9}]}