{"id1":"proj_1220228_s7","id2":"proj_1222936_s5","similarity":0.8149466192170819,"matches":[{"file1":"proj_1220228_s7\\proj_1220228_s7\\Driver.java","file2":"proj_1222936_s5\\Project1\\Project1\\src\\Project1\\Driver.java","start1":5,"end1":40,"start2":1,"end2":37,"tokens":52},{"file1":"proj_1220228_s7\\proj_1220228_s7\\CustomerPayment.java","file2":"proj_1222936_s5\\Project1\\Project1\\src\\Project1\\CustomerPayment.java","start1":5,"end1":43,"start2":1,"end2":39,"tokens":44},{"file1":"proj_1220228_s7\\proj_1220228_s7\\CreditCard.java","file2":"proj_1222936_s5\\Project1\\Project1\\src\\Project1\\CreditCard.java","start1":18,"end1":35,"start2":18,"end2":46,"tokens":21},{"file1":"proj_1220228_s7\\proj_1220228_s7\\Check.java","file2":"proj_1222936_s5\\Project1\\Project1\\src\\Project1\\Check.java","start1":5,"end1":19,"start2":1,"end2":17,"tokens":19},{"file1":"proj_1220228_s7\\proj_1220228_s7\\Check.java","file2":"proj_1222936_s5\\Project1\\Project1\\src\\Project1\\Check.java","start1":41,"end1":59,"start2":41,"end2":65,"tokens":19},{"file1":"proj_1220228_s7\\proj_1220228_s7\\CustomerPayment.java","file2":"proj_1222936_s5\\Project1\\Project1\\src\\Project1\\CustomerPayment.java","start1":49,"end1":58,"start2":40,"end2":48,"tokens":18},{"file1":"proj_1220228_s7\\proj_1220228_s7\\Cash.java","file2":"proj_1222936_s5\\Project1\\Project1\\src\\Project1\\Cash.java","start1":22,"end1":41,"start2":17,"end2":38,"tokens":15},{"file1":"proj_1220228_s7\\proj_1220228_s7\\CreditCard.java","file2":"proj_1222936_s5\\Project1\\Project1\\src\\Project1\\CreditCard.java","start1":5,"end1":15,"start2":1,"end2":15,"tokens":15},{"file1":"proj_1220228_s7\\proj_1220228_s7\\Check.java","file2":"proj_1222936_s5\\Project1\\Project1\\src\\Project1\\Check.java","start1":23,"end1":39,"start2":22,"end2":40,"tokens":14},{"file1":"proj_1220228_s7\\proj_1220228_s7\\Cash.java","file2":"proj_1222936_s5\\Project1\\Project1\\src\\Project1\\Cash.java","start1":5,"end1":17,"start2":1,"end2":14,"tokens":12}]}