{"id1":"proj_1220869_3L","id2":"proj_1221381_s11","similarity":0.8185328185328186,"matches":[{"file1":"proj_1220869_3L\\Check.java","file2":"proj_1221381_s11\\proj_1221381_s11\\src\\ProjectOneJava\\Check.java","start1":4,"end1":55,"start2":3,"end2":53,"tokens":54},{"file1":"proj_1220869_3L\\Driver.java","file2":"proj_1221381_s11\\proj_1221381_s11\\src\\ProjectOneJava\\DriverPayment.java","start1":4,"end1":34,"start2":2,"end2":32,"tokens":48},{"file1":"proj_1220869_3L\\CustomerPayment.java","file2":"proj_1221381_s11\\proj_1221381_s11\\src\\ProjectOneJava\\CustomerPayment.java","start1":4,"end1":37,"start2":3,"end2":39,"tokens":38},{"file1":"proj_1220869_3L\\CreditCard.java","file2":"proj_1221381_s11\\proj_1221381_s11\\src\\ProjectOneJava\\CreditCard.java","start1":11,"end1":36,"start2":12,"end2":38,"tokens":31},{"file1":"proj_1220869_3L\\Cash.java","file2":"proj_1221381_s11\\proj_1221381_s11\\src\\ProjectOneJava\\Cash.java","start1":4,"end1":33,"start2":2,"end2":39,"tokens":29},{"file1":"proj_1220869_3L\\Check.java","file2":"proj_1221381_s11\\proj_1221381_s11\\src\\ProjectOneJava\\CreditCard.java","start1":57,"end1":71,"start2":40,"end2":56,"tokens":12}]}