{"id1":"proj_1220290_s4","id2":"Proj_1223194_s11rar","similarity":0.8132295719844358,"matches":[{"file1":"proj_1220290_s4\\مجلد بلا عنوان\\Check.java","file2":"Proj_1223194_s11rar\\Project\\src\\alaa\\check.java","start1":13,"end1":71,"start2":5,"end2":52,"tokens":48},{"file1":"proj_1220290_s4\\مجلد بلا عنوان\\Driver.java","file2":"Proj_1223194_s11rar\\Project\\src\\alaa\\driver.java","start1":6,"end1":37,"start2":7,"end2":47,"tokens":48},{"file1":"proj_1220290_s4\\مجلد بلا عنوان\\CreditCard.java","file2":"Proj_1223194_s11rar\\Project\\src\\alaa\\credircard.java","start1":7,"end1":62,"start2":3,"end2":48,"tokens":46},{"file1":"proj_1220290_s4\\مجلد بلا عنوان\\CustomerPayment.java","file2":"Proj_1223194_s11rar\\Project\\src\\alaa\\CustomerPayment.java","start1":21,"end1":51,"start2":16,"end2":54,"tokens":30},{"file1":"proj_1220290_s4\\مجلد بلا عنوان\\Cash.java","file2":"Proj_1223194_s11rar\\Project\\src\\alaa\\cash.java","start1":14,"end1":39,"start2":4,"end2":34,"tokens":26},{"file1":"proj_1220290_s4\\مجلد بلا عنوان\\CustomerPayment.java","file2":"Proj_1223194_s11rar\\Project\\src\\alaa\\CustomerPayment.java","start1":51,"end1":59,"start2":62,"end2":70,"tokens":11}]}