{"id1":"proj_1220686_L1","id2":"proj_1220701_6","similarity":0.8097014925373134,"matches":[{"file1":"proj_1220686_L1\\proj_1220686_L1\\Driver.java","file2":"proj_1220701_6\\proj_1220701_6\\Driver.java","start1":1,"end1":38,"start2":3,"end2":44,"tokens":51},{"file1":"proj_1220686_L1\\proj_1220686_L1\\Check.java","file2":"proj_1220701_6\\proj_1220701_6\\Check.java","start1":3,"end1":46,"start2":4,"end2":45,"tokens":43},{"file1":"proj_1220686_L1\\proj_1220686_L1\\CreditCard.java","file2":"proj_1220701_6\\proj_1220701_6\\CreditCard.java","start1":2,"end1":37,"start2":3,"end2":38,"tokens":37},{"file1":"proj_1220686_L1\\proj_1220686_L1\\Cash.java","file2":"proj_1220701_6\\proj_1220701_6\\Cash.java","start1":3,"end1":38,"start2":3,"end2":36,"tokens":28},{"file1":"proj_1220686_L1\\proj_1220686_L1\\CustomerPayment.java","file2":"proj_1220701_6\\proj_1220701_6\\CustomerPayment.java","start1":15,"end1":47,"start2":10,"end2":41,"tokens":26},{"file1":"proj_1220686_L1\\proj_1220686_L1\\Check.java","file2":"proj_1220701_6\\proj_1220701_6\\Check.java","start1":60,"end1":73,"start2":45,"end2":56,"tokens":13},{"file1":"proj_1220686_L1\\proj_1220686_L1\\CustomerPayment.java","file2":"proj_1220701_6\\proj_1220701_6\\CustomerPayment.java","start1":3,"end1":13,"start2":2,"end2":9,"tokens":10},{"file1":"proj_1220686_L1\\proj_1220686_L1\\Check.java","file2":"proj_1220701_6\\proj_1220701_6\\Check.java","start1":51,"end1":60,"start2":57,"end2":66,"tokens":9}]}