{"id1":"proj_1221228_s9","id2":"proj_1221227_s9 (2)","similarity":0.9700854700854701,"matches":[{"file1":"proj_1221228_s9\\proj_1221228_s9\\Check.java","file2":"proj_1221227_s9 (2)\\javaproject\\Check.java","start1":4,"end1":80,"start2":4,"end2":63,"tokens":61},{"file1":"proj_1221228_s9\\proj_1221228_s9\\Driver.java","file2":"proj_1221227_s9 (2)\\javaproject\\Driver.java","start1":4,"end1":40,"start2":4,"end2":40,"tokens":51},{"file1":"proj_1221228_s9\\proj_1221228_s9\\CreditCard.java","file2":"proj_1221227_s9 (2)\\javaproject\\CreditCard.java","start1":4,"end1":49,"start2":4,"end2":49,"tokens":44},{"file1":"proj_1221228_s9\\proj_1221228_s9\\CustomerPayment.java","file2":"proj_1221227_s9 (2)\\javaproject\\CustomerPayment.java","start1":4,"end1":42,"start2":4,"end2":39,"tokens":43},{"file1":"proj_1221228_s9\\proj_1221228_s9\\Cash.java","file2":"proj_1221227_s9 (2)\\javaproject\\Cash.java","start1":4,"end1":38,"start2":4,"end2":33,"tokens":28}]}