{"id1":"proj_1211204_s10","id2":"proj_1220893_s11","similarity":0.8,"matches":[{"file1":"proj_1211204_s10\\proj_1211204_s10\\CreditCard.java","file2":"proj_1220893_s11\\JavaProject1\\src\\SuhibProject\\CreditCard.java","start1":5,"end1":47,"start2":2,"end2":37,"tokens":42},{"file1":"proj_1211204_s10\\proj_1211204_s10\\Check.java","file2":"proj_1220893_s11\\JavaProject1\\src\\SuhibProject\\Check.java","start1":5,"end1":48,"start2":2,"end2":43,"tokens":42},{"file1":"proj_1211204_s10\\proj_1211204_s10\\CustomerPayment.java","file2":"proj_1220893_s11\\JavaProject1\\src\\SuhibProject\\CustomerPayment.java","start1":5,"end1":44,"start2":2,"end2":42,"tokens":37},{"file1":"proj_1211204_s10\\proj_1211204_s10\\Cash.java","file2":"proj_1220893_s11\\JavaProject1\\src\\SuhibProject\\Cash.java","start1":5,"end1":30,"start2":3,"end2":29,"tokens":25},{"file1":"proj_1211204_s10\\proj_1211204_s10\\Driver.java","file2":"proj_1220893_s11\\JavaProject1\\src\\SuhibProject\\Driver.java","start1":29,"end1":45,"start2":22,"end2":33,"tokens":21},{"file1":"proj_1211204_s10\\proj_1211204_s10\\CustomerPayment.java","file2":"proj_1220893_s11\\JavaProject1\\src\\SuhibProject\\CustomerPayment.java","start1":46,"end1":58,"start2":44,"end2":59,"tokens":17},{"file1":"proj_1211204_s10\\proj_1211204_s10\\Driver.java","file2":"proj_1220893_s11\\JavaProject1\\src\\SuhibProject\\Driver.java","start1":20,"end1":28,"start2":11,"end2":18,"tokens":10}]}