{"id1":"proj_1220769_s11","id2":"proj_1221928_s6","similarity":0.8450184501845018,"matches":[{"file1":"proj_1220769_s11\\proj_1220769_11L\\Driver.java","file2":"proj_1221928_s6\\project\\Driver.java","start1":8,"end1":46,"start2":7,"end2":36,"tokens":51},{"file1":"proj_1220769_s11\\proj_1220769_11L\\CustomerPayment.java","file2":"proj_1221928_s6\\project\\CustomerPayment.java","start1":38,"end1":66,"start2":46,"end2":72,"tokens":30},{"file1":"proj_1220769_s11\\proj_1220769_11L\\Check.java","file2":"proj_1221928_s6\\project\\Check.java","start1":4,"end1":23,"start2":7,"end2":26,"tokens":22},{"file1":"proj_1220769_s11\\proj_1220769_11L\\Check.java","file2":"proj_1221928_s6\\project\\CustomerPayment.java","start1":25,"end1":41,"start2":22,"end2":44,"tokens":20},{"file1":"proj_1220769_s11\\proj_1220769_11L\\Check.java","file2":"proj_1221928_s6\\project\\Check.java","start1":43,"end1":75,"start2":66,"end2":92,"tokens":20},{"file1":"proj_1220769_s11\\proj_1220769_11L\\CreditCard.java","file2":"proj_1221928_s6\\project\\CreditCard.java","start1":5,"end1":23,"start2":7,"end2":24,"tokens":17},{"file1":"proj_1220769_s11\\proj_1220769_11L\\CustomerPayment.java","file2":"proj_1221928_s6\\project\\Check.java","start1":24,"end1":36,"start2":26,"end2":42,"tokens":15},{"file1":"proj_1220769_s11\\proj_1220769_11L\\Cash.java","file2":"proj_1221928_s6\\project\\Cash.java","start1":5,"end1":17,"start2":7,"end2":21,"tokens":13},{"file1":"proj_1220769_s11\\proj_1220769_11L\\CreditCard.java","file2":"proj_1221928_s6\\project\\CreditCard.java","start1":26,"end1":35,"start2":24,"end2":36,"tokens":11},{"file1":"proj_1220769_s11\\proj_1220769_11L\\Cash.java","file2":"proj_1221928_s6\\project\\Cash.java","start1":23,"end1":40,"start2":27,"end2":39,"tokens":10},{"file1":"proj_1220769_s11\\proj_1220769_11L\\CustomerPayment.java","file2":"proj_1221928_s6\\project\\CustomerPayment.java","start1":5,"end1":15,"start2":7,"end2":17,"tokens":10},{"file1":"proj_1220769_s11\\proj_1220769_11L\\CreditCard.java","file2":"proj_1221928_s6\\project\\CreditCard.java","start1":44,"end1":56,"start2":43,"end2":52,"tokens":10}]}