{"id1":"proj_1220764_8","id2":"proj_1220847_s2","similarity":0.8038834951456311,"matches":[{"file1":"proj_1220764_8\\Check.java","file2":"proj_1220847_s2\\proj_1220847_s2\\Check.java","start1":3,"end1":42,"start2":3,"end2":36,"tokens":43},{"file1":"proj_1220764_8\\CustomerPayment.java","file2":"proj_1220847_s2\\proj_1220847_s2\\CustomerPayment.java","start1":3,"end1":40,"start2":3,"end2":32,"tokens":36},{"file1":"proj_1220764_8\\CreditCard.java","file2":"proj_1220847_s2\\proj_1220847_s2\\CreditCard.java","start1":3,"end1":30,"start2":2,"end2":26,"tokens":32},{"file1":"proj_1220764_8\\Cash.java","file2":"proj_1220847_s2\\proj_1220847_s2\\Cash.java","start1":3,"end1":31,"start2":3,"end2":27,"tokens":29},{"file1":"proj_1220764_8\\driver.java","file2":"proj_1220847_s2\\proj_1220847_s2\\Driver.java","start1":3,"end1":24,"start2":3,"end2":22,"tokens":28},{"file1":"proj_1220764_8\\CustomerPayment.java","file2":"proj_1220847_s2\\proj_1220847_s2\\CustomerPayment.java","start1":43,"end1":59,"start2":32,"end2":44,"tokens":19},{"file1":"proj_1220764_8\\driver.java","file2":"proj_1220847_s2\\proj_1220847_s2\\Driver.java","start1":31,"end1":36,"start2":33,"end2":39,"tokens":10},{"file1":"proj_1220764_8\\Check.java","file2":"proj_1220847_s2\\proj_1220847_s2\\Check.java","start1":55,"end1":65,"start2":52,"end2":61,"tokens":10}]}