{"id1":"proj_1220686_L1","id2":"proj_1221697_s3","similarity":0.8614232209737828,"matches":[{"file1":"proj_1220686_L1\\proj_1220686_L1\\Check.java","file2":"proj_1221697_s3\\proj_1221697_s3\\Check.java","start1":3,"end1":62,"start2":2,"end2":54,"tokens":54},{"file1":"proj_1220686_L1\\proj_1220686_L1\\Driver.java","file2":"proj_1221697_s3\\proj_1221697_s3\\Driver.java","start1":1,"end1":38,"start2":2,"end2":38,"tokens":51},{"file1":"proj_1220686_L1\\proj_1220686_L1\\CreditCard.java","file2":"proj_1221697_s3\\proj_1221697_s3\\CreditCard.java","start1":2,"end1":32,"start2":2,"end2":26,"tokens":32},{"file1":"proj_1220686_L1\\proj_1220686_L1\\CustomerPayment.java","file2":"proj_1221697_s3\\proj_1221697_s3\\CustomerPayment.java","start1":15,"end1":49,"start2":10,"end2":34,"tokens":28},{"file1":"proj_1220686_L1\\proj_1220686_L1\\Cash.java","file2":"proj_1221697_s3\\proj_1221697_s3\\Cash.java","start1":3,"end1":34,"start2":2,"end2":24,"tokens":26},{"file1":"proj_1220686_L1\\proj_1220686_L1\\CustomerPayment.java","file2":"proj_1221697_s3\\proj_1221697_s3\\CustomerPayment.java","start1":54,"end1":72,"start2":34,"end2":43,"tokens":20},{"file1":"proj_1220686_L1\\proj_1220686_L1\\CustomerPayment.java","file2":"proj_1221697_s3\\proj_1221697_s3\\CustomerPayment.java","start1":3,"end1":13,"start2":2,"end2":9,"tokens":10},{"file1":"proj_1220686_L1\\proj_1220686_L1\\Check.java","file2":"proj_1221697_s3\\proj_1221697_s3\\Check.java","start1":67,"end1":75,"start2":58,"end2":64,"tokens":9}]}