{"id1":"proj_1220965_s1","id2":"1221469_3.java","similarity":0.8422939068100358,"matches":[{"file1":"proj_1220965_s1\\Check.java","file2":"1221469_3.java\\1221469_3.java\\src\\pay\\Check.java","start1":2,"end1":52,"start2":3,"end2":59,"tokens":49},{"file1":"proj_1220965_s1\\Driver.java","file2":"1221469_3.java\\1221469_3.java\\src\\pay\\Driver.java","start1":2,"end1":33,"start2":7,"end2":54,"tokens":48},{"file1":"proj_1220965_s1\\CreditCard.java","file2":"1221469_3.java\\1221469_3.java\\src\\pay\\CreditCard.java","start1":1,"end1":35,"start2":3,"end2":37,"tokens":35},{"file1":"proj_1220965_s1\\CustomerPayment.java","file2":"1221469_3.java\\1221469_3.java\\src\\pay\\CustomerPayment.java","start1":12,"end1":38,"start2":12,"end2":45,"tokens":28},{"file1":"proj_1220965_s1\\Cash.java","file2":"1221469_3.java\\1221469_3.java\\src\\pay\\Cash.java","start1":2,"end1":21,"start2":3,"end2":28,"tokens":22},{"file1":"proj_1220965_s1\\CustomerPayment.java","file2":"1221469_3.java\\1221469_3.java\\src\\pay\\CustomerPayment.java","start1":43,"end1":57,"start2":45,"end2":60,"tokens":20},{"file1":"proj_1220965_s1\\Check.java","file2":"1221469_3.java\\1221469_3.java\\src\\pay\\CreditCard.java","start1":59,"end1":73,"start2":44,"end2":56,"tokens":14},{"file1":"proj_1220965_s1\\CustomerPayment.java","file2":"1221469_3.java\\1221469_3.java\\src\\pay\\CustomerPayment.java","start1":2,"end1":10,"start2":3,"end2":11,"tokens":10},{"file1":"proj_1220965_s1\\CreditCard.java","file2":"1221469_3.java\\1221469_3.java\\src\\pay\\Cash.java","start1":40,"end1":51,"start2":31,"end2":41,"tokens":9}]}