{"id1":"proj_1220769_s11","id2":"proj_1221697_s3","similarity":0.8721804511278195,"matches":[{"file1":"proj_1220769_s11\\proj_1220769_11L\\CustomerPayment.java","file2":"proj_1221697_s3\\proj_1221697_s3\\CustomerPayment.java","start1":5,"end1":66,"start2":2,"end2":47,"tokens":64},{"file1":"proj_1220769_s11\\proj_1220769_11L\\Driver.java","file2":"proj_1221697_s3\\proj_1221697_s3\\Driver.java","start1":8,"end1":46,"start2":2,"end2":38,"tokens":51},{"file1":"proj_1220769_s11\\proj_1220769_11L\\Check.java","file2":"proj_1221697_s3\\proj_1221697_s3\\Check.java","start1":4,"end1":41,"start2":2,"end2":43,"tokens":43},{"file1":"proj_1220769_s11\\proj_1220769_11L\\CreditCard.java","file2":"proj_1221697_s3\\proj_1221697_s3\\CreditCard.java","start1":5,"end1":41,"start2":2,"end2":30,"tokens":36},{"file1":"proj_1220769_s11\\proj_1220769_11L\\Cash.java","file2":"proj_1221697_s3\\proj_1221697_s3\\Cash.java","start1":5,"end1":34,"start2":2,"end2":24,"tokens":26},{"file1":"proj_1220769_s11\\proj_1220769_11L\\Check.java","file2":"proj_1221697_s3\\proj_1221697_s3\\Check.java","start1":43,"end1":59,"start2":46,"end2":58,"tokens":12}]}