{"id1":"proj_1220769_s11","id2":"proj_1220686_L1","similarity":0.803030303030303,"matches":[{"file1":"proj_1220769_s11\\proj_1220769_11L\\Driver.java","file2":"proj_1220686_L1\\proj_1220686_L1\\Driver.java","start1":8,"end1":46,"start2":1,"end2":38,"tokens":51},{"file1":"proj_1220769_s11\\proj_1220769_11L\\Check.java","file2":"proj_1220686_L1\\proj_1220686_L1\\Check.java","start1":4,"end1":41,"start2":3,"end2":46,"tokens":43},{"file1":"proj_1220769_s11\\proj_1220769_11L\\CreditCard.java","file2":"proj_1220686_L1\\proj_1220686_L1\\CreditCard.java","start1":5,"end1":35,"start2":2,"end2":32,"tokens":32},{"file1":"proj_1220769_s11\\proj_1220769_11L\\Cash.java","file2":"proj_1220686_L1\\proj_1220686_L1\\Cash.java","start1":5,"end1":40,"start2":3,"end2":38,"tokens":28},{"file1":"proj_1220769_s11\\proj_1220769_11L\\CustomerPayment.java","file2":"proj_1220686_L1\\proj_1220686_L1\\CustomerPayment.java","start1":16,"end1":44,"start2":15,"end2":49,"tokens":28},{"file1":"proj_1220769_s11\\proj_1220769_11L\\CustomerPayment.java","file2":"proj_1220686_L1\\proj_1220686_L1\\CustomerPayment.java","start1":44,"end1":61,"start2":54,"end2":72,"tokens":20},{"file1":"proj_1220769_s11\\proj_1220769_11L\\CustomerPayment.java","file2":"proj_1220686_L1\\proj_1220686_L1\\CustomerPayment.java","start1":5,"end1":15,"start2":3,"end2":13,"tokens":10}]}