{"id1":"Proj_1220495_s6","id2":"proj_1220965_s1","similarity":0.7992565055762082,"matches":[{"file1":"Proj_1220495_s6\\proj_1220495_s6\\src\\JavaProject\\Driver.java","file2":"proj_1220965_s1\\Driver.java","start1":4,"end1":46,"start2":2,"end2":35,"tokens":51},{"file1":"Proj_1220495_s6\\proj_1220495_s6\\src\\JavaProject\\Check.java","file2":"proj_1220965_s1\\Check.java","start1":3,"end1":58,"start2":2,"end2":49,"tokens":46},{"file1":"Proj_1220495_s6\\proj_1220495_s6\\src\\JavaProject\\CreditCard.java","file2":"proj_1220965_s1\\CreditCard.java","start1":3,"end1":46,"start2":1,"end2":35,"tokens":34},{"file1":"Proj_1220495_s6\\proj_1220495_s6\\src\\JavaProject\\CustomerPayment.java","file2":"proj_1220965_s1\\CustomerPayment.java","start1":12,"end1":34,"start2":12,"end2":36,"tokens":26},{"file1":"Proj_1220495_s6\\proj_1220495_s6\\src\\JavaProject\\Cash.java","file2":"proj_1220965_s1\\Cash.java","start1":3,"end1":25,"start2":2,"end2":21,"tokens":21},{"file1":"Proj_1220495_s6\\proj_1220495_s6\\src\\JavaProject\\CustomerPayment.java","file2":"proj_1220965_s1\\CustomerPayment.java","start1":3,"end1":10,"start2":2,"end2":10,"tokens":10},{"file1":"Proj_1220495_s6\\proj_1220495_s6\\src\\JavaProject\\CustomerPayment.java","file2":"proj_1220965_s1\\CustomerPayment.java","start1":41,"end1":49,"start2":36,"end2":44,"tokens":9},{"file1":"Proj_1220495_s6\\proj_1220495_s6\\src\\JavaProject\\Check.java","file2":"proj_1220965_s1\\Check.java","start1":74,"end1":83,"start2":50,"end2":57,"tokens":9},{"file1":"Proj_1220495_s6\\proj_1220495_s6\\src\\JavaProject\\CreditCard.java","file2":"proj_1220965_s1\\CreditCard.java","start1":47,"end1":53,"start2":36,"end2":44,"tokens":9}]}