{"id1":"proj2_1220352_s9","id2":"proj_1221414_s10","similarity":0.8214285714285714,"matches":[{"file1":"proj2_1220352_s9\\proj2_1220352_s9\\src\\projectone\\Check.java","file2":"proj_1221414_s10\\javaproject\\project\\src\\project\\Check.java","start1":1,"end1":63,"start2":1,"end2":50,"tokens":55},{"file1":"proj2_1220352_s9\\proj2_1220352_s9\\src\\projectone\\Driver.java","file2":"proj_1221414_s10\\javaproject\\project\\src\\project\\Driver.java","start1":3,"end1":38,"start2":2,"end2":38,"tokens":51},{"file1":"proj2_1220352_s9\\proj2_1220352_s9\\src\\projectone\\CustomerPayment.java","file2":"proj_1221414_s10\\javaproject\\project\\src\\project\\CustomerPayment.java","start1":10,"end1":56,"start2":12,"end2":51,"tokens":47},{"file1":"proj2_1220352_s9\\proj2_1220352_s9\\src\\projectone\\CreditCard.java","file2":"proj_1221414_s10\\javaproject\\project\\src\\project\\CreditCard.java","start1":9,"end1":36,"start2":10,"end2":38,"tokens":35},{"file1":"proj2_1220352_s9\\proj2_1220352_s9\\src\\projectone\\Cash.java","file2":"proj_1221414_s10\\javaproject\\project\\src\\project\\Cash.java","start1":1,"end1":34,"start2":1,"end2":31,"tokens":31},{"file1":"proj2_1220352_s9\\proj2_1220352_s9\\src\\projectone\\CreditCard.java","file2":"proj_1221414_s10\\javaproject\\project\\src\\project\\CreditCard.java","start1":37,"end1":44,"start2":41,"end2":48,"tokens":11}]}