{"jplag_version":{"major":4,"minor":3,"patch":0},"submission_folder_path":["C:\\Users\\Asus\\Downloads\\sectionone"],"base_code_folder_path":"","language":"Javac based AST plugin","file_extensions":[".java",".JAVA"],"submission_id_to_display_name":{"sec1_1212850-Salahaldin Eid_616055_assignsubmission_file":"sec1_1212850-Salahaldin Eid_616055_assignsubmission_file","sec1_1210567-Tala Abadi_615995_assignsubmission_file":"sec1_1210567-Tala Abadi_615995_assignsubmission_file","sec1_1210442-Baha Abukhalil_616180_assignsubmission_file":"sec1_1210442-Baha Abukhalil_616180_assignsubmission_file","sec1_1190244-waleed ayesh_616161_assignsubmission_file":"sec1_1190244-waleed ayesh_616161_assignsubmission_file","sec1_1221248-warda bairat_616131_assignsubmission_file":"sec1_1221248-warda bairat_616131_assignsubmission_file","sec1_1200814-masa itmaiza_616086_assignsubmission_file":"sec1_1200814-masa itmaiza_616086_assignsubmission_file","sec1_1201656-reda srour_615998_assignsubmission_file":"sec1_1201656-reda srour_615998_assignsubmission_file","sec1_1220153-Mohammed Khawaja_616061_assignsubmission_file":"sec1_1220153-Mohammed Khawaja_616061_assignsubmission_file","sec1_1221371-Ahmad Sous_616133_assignsubmission_file":"sec1_1221371-Ahmad Sous_616133_assignsubmission_file","sec1_1222177-sadeen faqeeh_616153_assignsubmission_file":"sec1_1222177-sadeen faqeeh_616153_assignsubmission_file","sec1_1222703-noor abdul rahman_616143_assignsubmission_file":"sec1_1222703-noor abdul rahman_616143_assignsubmission_file","sec1_1220782-Aya Abdullah_616122_assignsubmission_file":"sec1_1220782-Aya Abdullah_616122_assignsubmission_file","sec1_1220433-Ilisar Kharoub_615989_assignsubmission_file":"sec1_1220433-Ilisar Kharoub_615989_assignsubmission_file","sec1_1220686-Dareen Abualhaj_616179_assignsubmission_file":"sec1_1220686-Dareen Abualhaj_616179_assignsubmission_file","sec1_1222732-layan kahalf_616047_assignsubmission_file":"sec1_1222732-layan kahalf_616047_assignsubmission_file","sec1_1220958-Fayez Zyoud_616196_assignsubmission_file":"sec1_1220958-Fayez Zyoud_616196_assignsubmission_file","sec1_1221727-Rua Sroor_616158_assignsubmission_file":"sec1_1221727-Rua Sroor_616158_assignsubmission_file","sec1_1181680-Osama Hammoudeh_616154_assignsubmission_file":"sec1_1181680-Osama Hammoudeh_616154_assignsubmission_file","sec1_1221806-manar zitawi_616019_assignsubmission_file":"sec1_1221806-manar zitawi_616019_assignsubmission_file","sec1_1221972-mohammed saada_616168_assignsubmission_file":"sec1_1221972-mohammed saada_616168_assignsubmission_file","sec1_1203152-Tamer Ballout_616090_assignsubmission_file":"sec1_1203152-Tamer Ballout_616090_assignsubmission_file","sec1_1220152-Abdallah Khawaja_616200_assignsubmission_file":"sec1_1220152-Abdallah Khawaja_616200_assignsubmission_file","sec1_1220965-Nagham Halloum_616141_assignsubmission_file":"sec1_1220965-Nagham Halloum_616141_assignsubmission_file","sec1_1190477-Osama AlJamal_616185_assignsubmission_file":"sec1_1190477-Osama AlJamal_616185_assignsubmission_file","sec1_1211512-Masarra Alnubani_616110_assignsubmission_file":"sec1_1211512-Masarra Alnubani_616110_assignsubmission_file","sec1_1200874-Kamel Aqel_616078_assignsubmission_file":"sec1_1200874-Kamel Aqel_616078_assignsubmission_file","sec1_1220321-abdallah sadaqa_615968_assignsubmission_file":"sec1_1220321-abdallah sadaqa_615968_assignsubmission_file"},"submission_ids_to_comparison_file_name":{"sec1_1210567-Tala Abadi_615995_assignsubmission_file":{"sec1_1220152-Abdallah Khawaja_616200_assignsubmission_file":"sec1_1210567-Tala Abadi_615995_assignsubmission_file-sec1_1220152-Abdallah Khawaja_616200_assignsubmission_file.json","sec1_1220153-Mohammed Khawaja_616061_assignsubmission_file":"sec1_1210567-Tala Abadi_615995_assignsubmission_file-sec1_1220153-Mohammed Khawaja_616061_assignsubmission_file.json","sec1_1220965-Nagham Halloum_616141_assignsubmission_file":"sec1_1220965-Nagham Halloum_616141_assignsubmission_file-sec1_1210567-Tala Abadi_615995_assignsubmission_file.json","sec1_1220686-Dareen Abualhaj_616179_assignsubmission_file":"sec1_1220686-Dareen Abualhaj_616179_assignsubmission_file-sec1_1210567-Tala Abadi_615995_assignsubmission_file.json","sec1_1221371-Ahmad Sous_616133_assignsubmission_file":"sec1_1210567-Tala Abadi_615995_assignsubmission_file-sec1_1221371-Ahmad Sous_616133_assignsubmission_file.json","sec1_1221806-manar zitawi_616019_assignsubmission_file":"sec1_1221806-manar zitawi_616019_assignsubmission_file-sec1_1210567-Tala Abadi_615995_assignsubmission_file.json","sec1_1190244-waleed ayesh_616161_assignsubmission_file":"sec1_1190244-waleed ayesh_616161_assignsubmission_file-sec1_1210567-Tala Abadi_615995_assignsubmission_file.json","sec1_1221972-mohammed saada_616168_assignsubmission_file":"sec1_1221972-mohammed saada_616168_assignsubmission_file-sec1_1210567-Tala Abadi_615995_assignsubmission_file.json","sec1_1222703-noor abdul rahman_616143_assignsubmission_file":"sec1_1222703-noor abdul rahman_616143_assignsubmission_file-sec1_1210567-Tala Abadi_615995_assignsubmission_file.json"},"sec1_1220782-Aya Abdullah_616122_assignsubmission_file":{"sec1_1220433-Ilisar Kharoub_615989_assignsubmission_file":"sec1_1220782-Aya Abdullah_616122_assignsubmission_file-sec1_1220433-Ilisar Kharoub_615989_assignsubmission_file.json","sec1_1220686-Dareen Abualhaj_616179_assignsubmission_file":"sec1_1220782-Aya Abdullah_616122_assignsubmission_file-sec1_1220686-Dareen Abualhaj_616179_assignsubmission_file.json","sec1_1220958-Fayez Zyoud_616196_assignsubmission_file":"sec1_1220782-Aya Abdullah_616122_assignsubmission_file-sec1_1220958-Fayez Zyoud_616196_assignsubmission_file.json","sec1_1221806-manar zitawi_616019_assignsubmission_file":"sec1_1220782-Aya Abdullah_616122_assignsubmission_file-sec1_1221806-manar zitawi_616019_assignsubmission_file.json","sec1_1190244-waleed ayesh_616161_assignsubmission_file":"sec1_1220782-Aya Abdullah_616122_assignsubmission_file-sec1_1190244-waleed ayesh_616161_assignsubmission_file.json","sec1_1221972-mohammed saada_616168_assignsubmission_file":"sec1_1220782-Aya Abdullah_616122_assignsubmission_file-sec1_1221972-mohammed saada_616168_assignsubmission_file.json","sec1_1201656-reda srour_615998_assignsubmission_file":"sec1_1220782-Aya Abdullah_616122_assignsubmission_file-sec1_1201656-reda srour_615998_assignsubmission_file.json","sec1_1220965-Nagham Halloum_616141_assignsubmission_file":"sec1_1220782-Aya Abdullah_616122_assignsubmission_file-sec1_1220965-Nagham Halloum_616141_assignsubmission_file.json","sec1_1211512-Masarra Alnubani_616110_assignsubmission_file":"sec1_1220782-Aya Abdullah_616122_assignsubmission_file-sec1_1211512-Masarra Alnubani_616110_assignsubmission_file.json","sec1_1221371-Ahmad Sous_616133_assignsubmission_file":"sec1_1220782-Aya Abdullah_616122_assignsubmission_file-sec1_1221371-Ahmad Sous_616133_assignsubmission_file.json","sec1_1222703-noor abdul rahman_616143_assignsubmission_file":"sec1_1220782-Aya Abdullah_616122_assignsubmission_file-sec1_1222703-noor abdul rahman_616143_assignsubmission_file.json","sec1_1220321-abdallah sadaqa_615968_assignsubmission_file":"sec1_1220321-abdallah sadaqa_615968_assignsubmission_file-sec1_1220782-Aya Abdullah_616122_assignsubmission_file.json"},"sec1_1220433-Ilisar Kharoub_615989_assignsubmission_file":{"sec1_1220782-Aya Abdullah_616122_assignsubmission_file":"sec1_1220782-Aya Abdullah_616122_assignsubmission_file-sec1_1220433-Ilisar Kharoub_615989_assignsubmission_file.json","sec1_1220686-Dareen Abualhaj_616179_assignsubmission_file":"sec1_1220686-Dareen Abualhaj_616179_assignsubmission_file-sec1_1220433-Ilisar Kharoub_615989_assignsubmission_file.json","sec1_1190244-waleed ayesh_616161_assignsubmission_file":"sec1_1220433-Ilisar Kharoub_615989_assignsubmission_file-sec1_1190244-waleed ayesh_616161_assignsubmission_file.json","sec1_1221806-manar zitawi_616019_assignsubmission_file":"sec1_1221806-manar zitawi_616019_assignsubmission_file-sec1_1220433-Ilisar Kharoub_615989_assignsubmission_file.json","sec1_1221972-mohammed saada_616168_assignsubmission_file":"sec1_1221972-mohammed saada_616168_assignsubmission_file-sec1_1220433-Ilisar Kharoub_615989_assignsubmission_file.json","sec1_1220152-Abdallah Khawaja_616200_assignsubmission_file":"sec1_1220433-Ilisar Kharoub_615989_assignsubmission_file-sec1_1220152-Abdallah Khawaja_616200_assignsubmission_file.json","sec1_1220153-Mohammed Khawaja_616061_assignsubmission_file":"sec1_1220433-Ilisar Kharoub_615989_assignsubmission_file-sec1_1220153-Mohammed Khawaja_616061_assignsubmission_file.json","sec1_1220965-Nagham Halloum_616141_assignsubmission_file":"sec1_1220965-Nagham Halloum_616141_assignsubmission_file-sec1_1220433-Ilisar Kharoub_615989_assignsubmission_file.json","sec1_1211512-Masarra Alnubani_616110_assignsubmission_file":"sec1_1211512-Masarra Alnubani_616110_assignsubmission_file-sec1_1220433-Ilisar Kharoub_615989_assignsubmission_file.json","sec1_1200874-Kamel Aqel_616078_assignsubmission_file":"sec1_1200874-Kamel Aqel_616078_assignsubmission_file-sec1_1220433-Ilisar Kharoub_615989_assignsubmission_file.json","sec1_1221371-Ahmad Sous_616133_assignsubmission_file":"sec1_1220433-Ilisar Kharoub_615989_assignsubmission_file-sec1_1221371-Ahmad Sous_616133_assignsubmission_file.json","sec1_1222177-sadeen faqeeh_616153_assignsubmission_file":"sec1_1220433-Ilisar Kharoub_615989_assignsubmission_file-sec1_1222177-sadeen faqeeh_616153_assignsubmission_file.json","sec1_1222703-noor abdul rahman_616143_assignsubmission_file":"sec1_1222703-noor abdul rahman_616143_assignsubmission_file-sec1_1220433-Ilisar Kharoub_615989_assignsubmission_file.json"},"sec1_1222732-layan kahalf_616047_assignsubmission_file":{"sec1_1203152-Tamer Ballout_616090_assignsubmission_file":"sec1_1203152-Tamer Ballout_616090_assignsubmission_file-sec1_1222732-layan kahalf_616047_assignsubmission_file.json","sec1_1201656-reda srour_615998_assignsubmission_file":"sec1_1222732-layan kahalf_616047_assignsubmission_file-sec1_1201656-reda srour_615998_assignsubmission_file.json","sec1_1181680-Osama Hammoudeh_616154_assignsubmission_file":"sec1_1181680-Osama Hammoudeh_616154_assignsubmission_file-sec1_1222732-layan kahalf_616047_assignsubmission_file.json"},"sec1_1220686-Dareen Abualhaj_616179_assignsubmission_file":{"sec1_1220782-Aya Abdullah_616122_assignsubmission_file":"sec1_1220782-Aya Abdullah_616122_assignsubmission_file-sec1_1220686-Dareen Abualhaj_616179_assignsubmission_file.json","sec1_1210567-Tala Abadi_615995_assignsubmission_file":"sec1_1220686-Dareen Abualhaj_616179_assignsubmission_file-sec1_1210567-Tala Abadi_615995_assignsubmission_file.json","sec1_1220433-Ilisar Kharoub_615989_assignsubmission_file":"sec1_1220686-Dareen Abualhaj_616179_assignsubmission_file-sec1_1220433-Ilisar Kharoub_615989_assignsubmission_file.json","sec1_1220958-Fayez Zyoud_616196_assignsubmission_file":"sec1_1220686-Dareen Abualhaj_616179_assignsubmission_file-sec1_1220958-Fayez Zyoud_616196_assignsubmission_file.json","sec1_1190244-waleed ayesh_616161_assignsubmission_file":"sec1_1220686-Dareen Abualhaj_616179_assignsubmission_file-sec1_1190244-waleed ayesh_616161_assignsubmission_file.json","sec1_1221806-manar zitawi_616019_assignsubmission_file":"sec1_1221806-manar zitawi_616019_assignsubmission_file-sec1_1220686-Dareen Abualhaj_616179_assignsubmission_file.json","sec1_1221972-mohammed saada_616168_assignsubmission_file":"sec1_1221972-mohammed saada_616168_assignsubmission_file-sec1_1220686-Dareen Abualhaj_616179_assignsubmission_file.json","sec1_1220152-Abdallah Khawaja_616200_assignsubmission_file":"sec1_1220686-Dareen Abualhaj_616179_assignsubmission_file-sec1_1220152-Abdallah Khawaja_616200_assignsubmission_file.json","sec1_1220153-Mohammed Khawaja_616061_assignsubmission_file":"sec1_1220686-Dareen Abualhaj_616179_assignsubmission_file-sec1_1220153-Mohammed Khawaja_616061_assignsubmission_file.json","sec1_1220965-Nagham Halloum_616141_assignsubmission_file":"sec1_1220686-Dareen Abualhaj_616179_assignsubmission_file-sec1_1220965-Nagham Halloum_616141_assignsubmission_file.json","sec1_1211512-Masarra Alnubani_616110_assignsubmission_file":"sec1_1211512-Masarra Alnubani_616110_assignsubmission_file-sec1_1220686-Dareen Abualhaj_616179_assignsubmission_file.json","sec1_1200874-Kamel Aqel_616078_assignsubmission_file":"sec1_1220686-Dareen Abualhaj_616179_assignsubmission_file-sec1_1200874-Kamel Aqel_616078_assignsubmission_file.json","sec1_1221371-Ahmad Sous_616133_assignsubmission_file":"sec1_1220686-Dareen Abualhaj_616179_assignsubmission_file-sec1_1221371-Ahmad Sous_616133_assignsubmission_file.json","sec1_1222177-sadeen faqeeh_616153_assignsubmission_file":"sec1_1220686-Dareen Abualhaj_616179_assignsubmission_file-sec1_1222177-sadeen faqeeh_616153_assignsubmission_file.json","sec1_1222703-noor abdul rahman_616143_assignsubmission_file":"sec1_1220686-Dareen Abualhaj_616179_assignsubmission_file-sec1_1222703-noor abdul rahman_616143_assignsubmission_file.json"},"sec1_1210442-Baha Abukhalil_616180_assignsubmission_file":{"sec1_1200874-Kamel Aqel_616078_assignsubmission_file":"sec1_1200874-Kamel Aqel_616078_assignsubmission_file-sec1_1210442-Baha Abukhalil_616180_assignsubmission_file.json","sec1_1221806-manar zitawi_616019_assignsubmission_file":"sec1_1221806-manar zitawi_616019_assignsubmission_file-sec1_1210442-Baha Abukhalil_616180_assignsubmission_file.json","sec1_1222703-noor abdul rahman_616143_assignsubmission_file":"sec1_1222703-noor abdul rahman_616143_assignsubmission_file-sec1_1210442-Baha Abukhalil_616180_assignsubmission_file.json"},"sec1_1220958-Fayez Zyoud_616196_assignsubmission_file":{"sec1_1220782-Aya Abdullah_616122_assignsubmission_file":"sec1_1220782-Aya Abdullah_616122_assignsubmission_file-sec1_1220958-Fayez Zyoud_616196_assignsubmission_file.json","sec1_1220686-Dareen Abualhaj_616179_assignsubmission_file":"sec1_1220686-Dareen Abualhaj_616179_assignsubmission_file-sec1_1220958-Fayez Zyoud_616196_assignsubmission_file.json"},"sec1_1181680-Osama Hammoudeh_616154_assignsubmission_file":{"sec1_1203152-Tamer Ballout_616090_assignsubmission_file":"sec1_1181680-Osama Hammoudeh_616154_assignsubmission_file-sec1_1203152-Tamer Ballout_616090_assignsubmission_file.json","sec1_1222732-layan kahalf_616047_assignsubmission_file":"sec1_1181680-Osama Hammoudeh_616154_assignsubmission_file-sec1_1222732-layan kahalf_616047_assignsubmission_file.json"},"sec1_1221806-manar zitawi_616019_assignsubmission_file":{"sec1_1220782-Aya Abdullah_616122_assignsubmission_file":"sec1_1220782-Aya Abdullah_616122_assignsubmission_file-sec1_1221806-manar zitawi_616019_assignsubmission_file.json","sec1_1210567-Tala Abadi_615995_assignsubmission_file":"sec1_1221806-manar zitawi_616019_assignsubmission_file-sec1_1210567-Tala Abadi_615995_assignsubmission_file.json","sec1_1220433-Ilisar Kharoub_615989_assignsubmission_file":"sec1_1221806-manar zitawi_616019_assignsubmission_file-sec1_1220433-Ilisar Kharoub_615989_assignsubmission_file.json","sec1_1220686-Dareen Abualhaj_616179_assignsubmission_file":"sec1_1221806-manar zitawi_616019_assignsubmission_file-sec1_1220686-Dareen Abualhaj_616179_assignsubmission_file.json","sec1_1210442-Baha Abukhalil_616180_assignsubmission_file":"sec1_1221806-manar zitawi_616019_assignsubmission_file-sec1_1210442-Baha Abukhalil_616180_assignsubmission_file.json","sec1_1190244-waleed ayesh_616161_assignsubmission_file":"sec1_1221806-manar zitawi_616019_assignsubmission_file-sec1_1190244-waleed ayesh_616161_assignsubmission_file.json","sec1_1221972-mohammed saada_616168_assignsubmission_file":"sec1_1221972-mohammed saada_616168_assignsubmission_file-sec1_1221806-manar zitawi_616019_assignsubmission_file.json","sec1_1220152-Abdallah Khawaja_616200_assignsubmission_file":"sec1_1221806-manar zitawi_616019_assignsubmission_file-sec1_1220152-Abdallah Khawaja_616200_assignsubmission_file.json","sec1_1220153-Mohammed Khawaja_616061_assignsubmission_file":"sec1_1221806-manar zitawi_616019_assignsubmission_file-sec1_1220153-Mohammed Khawaja_616061_assignsubmission_file.json","sec1_1220965-Nagham Halloum_616141_assignsubmission_file":"sec1_1221806-manar zitawi_616019_assignsubmission_file-sec1_1220965-Nagham Halloum_616141_assignsubmission_file.json","sec1_1211512-Masarra Alnubani_616110_assignsubmission_file":"sec1_1211512-Masarra Alnubani_616110_assignsubmission_file-sec1_1221806-manar zitawi_616019_assignsubmission_file.json","sec1_1200874-Kamel Aqel_616078_assignsubmission_file":"sec1_1221806-manar zitawi_616019_assignsubmission_file-sec1_1200874-Kamel Aqel_616078_assignsubmission_file.json","sec1_1221371-Ahmad Sous_616133_assignsubmission_file":"sec1_1221806-manar zitawi_616019_assignsubmission_file-sec1_1221371-Ahmad Sous_616133_assignsubmission_file.json","sec1_1222177-sadeen faqeeh_616153_assignsubmission_file":"sec1_1221806-manar zitawi_616019_assignsubmission_file-sec1_1222177-sadeen faqeeh_616153_assignsubmission_file.json","sec1_1222703-noor abdul rahman_616143_assignsubmission_file":"sec1_1221806-manar zitawi_616019_assignsubmission_file-sec1_1222703-noor abdul rahman_616143_assignsubmission_file.json"},"sec1_1190244-waleed ayesh_616161_assignsubmission_file":{"sec1_1220782-Aya Abdullah_616122_assignsubmission_file":"sec1_1220782-Aya Abdullah_616122_assignsubmission_file-sec1_1190244-waleed ayesh_616161_assignsubmission_file.json","sec1_1210567-Tala Abadi_615995_assignsubmission_file":"sec1_1190244-waleed ayesh_616161_assignsubmission_file-sec1_1210567-Tala Abadi_615995_assignsubmission_file.json","sec1_1220433-Ilisar Kharoub_615989_assignsubmission_file":"sec1_1220433-Ilisar Kharoub_615989_assignsubmission_file-sec1_1190244-waleed ayesh_616161_assignsubmission_file.json","sec1_1220686-Dareen Abualhaj_616179_assignsubmission_file":"sec1_1220686-Dareen Abualhaj_616179_assignsubmission_file-sec1_1190244-waleed ayesh_616161_assignsubmission_file.json","sec1_1221806-manar zitawi_616019_assignsubmission_file":"sec1_1221806-manar zitawi_616019_assignsubmission_file-sec1_1190244-waleed ayesh_616161_assignsubmission_file.json","sec1_1221972-mohammed saada_616168_assignsubmission_file":"sec1_1221972-mohammed saada_616168_assignsubmission_file-sec1_1190244-waleed ayesh_616161_assignsubmission_file.json","sec1_1220152-Abdallah Khawaja_616200_assignsubmission_file":"sec1_1190244-waleed ayesh_616161_assignsubmission_file-sec1_1220152-Abdallah Khawaja_616200_assignsubmission_file.json","sec1_1220153-Mohammed Khawaja_616061_assignsubmission_file":"sec1_1190244-waleed ayesh_616161_assignsubmission_file-sec1_1220153-Mohammed Khawaja_616061_assignsubmission_file.json","sec1_1220965-Nagham Halloum_616141_assignsubmission_file":"sec1_1220965-Nagham Halloum_616141_assignsubmission_file-sec1_1190244-waleed ayesh_616161_assignsubmission_file.json","sec1_1211512-Masarra Alnubani_616110_assignsubmission_file":"sec1_1211512-Masarra Alnubani_616110_assignsubmission_file-sec1_1190244-waleed ayesh_616161_assignsubmission_file.json","sec1_1221371-Ahmad Sous_616133_assignsubmission_file":"sec1_1190244-waleed ayesh_616161_assignsubmission_file-sec1_1221371-Ahmad Sous_616133_assignsubmission_file.json","sec1_1222177-sadeen faqeeh_616153_assignsubmission_file":"sec1_1190244-waleed ayesh_616161_assignsubmission_file-sec1_1222177-sadeen faqeeh_616153_assignsubmission_file.json","sec1_1220321-abdallah sadaqa_615968_assignsubmission_file":"sec1_1220321-abdallah sadaqa_615968_assignsubmission_file-sec1_1190244-waleed ayesh_616161_assignsubmission_file.json","sec1_1222703-noor abdul rahman_616143_assignsubmission_file":"sec1_1222703-noor abdul rahman_616143_assignsubmission_file-sec1_1190244-waleed ayesh_616161_assignsubmission_file.json"},"sec1_1221972-mohammed saada_616168_assignsubmission_file":{"sec1_1210567-Tala Abadi_615995_assignsubmission_file":"sec1_1221972-mohammed saada_616168_assignsubmission_file-sec1_1210567-Tala Abadi_615995_assignsubmission_file.json","sec1_1220782-Aya Abdullah_616122_assignsubmission_file":"sec1_1220782-Aya Abdullah_616122_assignsubmission_file-sec1_1221972-mohammed saada_616168_assignsubmission_file.json","sec1_1220433-Ilisar Kharoub_615989_assignsubmission_file":"sec1_1221972-mohammed saada_616168_assignsubmission_file-sec1_1220433-Ilisar Kharoub_615989_assignsubmission_file.json","sec1_1220686-Dareen Abualhaj_616179_assignsubmission_file":"sec1_1221972-mohammed saada_616168_assignsubmission_file-sec1_1220686-Dareen Abualhaj_616179_assignsubmission_file.json","sec1_1221806-manar zitawi_616019_assignsubmission_file":"sec1_1221972-mohammed saada_616168_assignsubmission_file-sec1_1221806-manar zitawi_616019_assignsubmission_file.json","sec1_1190244-waleed ayesh_616161_assignsubmission_file":"sec1_1221972-mohammed saada_616168_assignsubmission_file-sec1_1190244-waleed ayesh_616161_assignsubmission_file.json","sec1_1220152-Abdallah Khawaja_616200_assignsubmission_file":"sec1_1221972-mohammed saada_616168_assignsubmission_file-sec1_1220152-Abdallah Khawaja_616200_assignsubmission_file.json","sec1_1220965-Nagham Halloum_616141_assignsubmission_file":"sec1_1221972-mohammed saada_616168_assignsubmission_file-sec1_1220965-Nagham Halloum_616141_assignsubmission_file.json","sec1_1211512-Masarra Alnubani_616110_assignsubmission_file":"sec1_1211512-Masarra Alnubani_616110_assignsubmission_file-sec1_1221972-mohammed saada_616168_assignsubmission_file.json","sec1_1221371-Ahmad Sous_616133_assignsubmission_file":"sec1_1221972-mohammed saada_616168_assignsubmission_file-sec1_1221371-Ahmad Sous_616133_assignsubmission_file.json","sec1_1222177-sadeen faqeeh_616153_assignsubmission_file":"sec1_1221972-mohammed saada_616168_assignsubmission_file-sec1_1222177-sadeen faqeeh_616153_assignsubmission_file.json","sec1_1222703-noor abdul rahman_616143_assignsubmission_file":"sec1_1221972-mohammed saada_616168_assignsubmission_file-sec1_1222703-noor abdul rahman_616143_assignsubmission_file.json","sec1_1220321-abdallah sadaqa_615968_assignsubmission_file":"sec1_1220321-abdallah sadaqa_615968_assignsubmission_file-sec1_1221972-mohammed saada_616168_assignsubmission_file.json"},"sec1_1203152-Tamer Ballout_616090_assignsubmission_file":{"sec1_1222732-layan kahalf_616047_assignsubmission_file":"sec1_1203152-Tamer Ballout_616090_assignsubmission_file-sec1_1222732-layan kahalf_616047_assignsubmission_file.json","sec1_1181680-Osama Hammoudeh_616154_assignsubmission_file":"sec1_1181680-Osama Hammoudeh_616154_assignsubmission_file-sec1_1203152-Tamer Ballout_616090_assignsubmission_file.json"},"sec1_1220152-Abdallah Khawaja_616200_assignsubmission_file":{"sec1_1210567-Tala Abadi_615995_assignsubmission_file":"sec1_1210567-Tala Abadi_615995_assignsubmission_file-sec1_1220152-Abdallah Khawaja_616200_assignsubmission_file.json","sec1_1220433-Ilisar Kharoub_615989_assignsubmission_file":"sec1_1220433-Ilisar Kharoub_615989_assignsubmission_file-sec1_1220152-Abdallah Khawaja_616200_assignsubmission_file.json","sec1_1220153-Mohammed Khawaja_616061_assignsubmission_file":"sec1_1220152-Abdallah Khawaja_616200_assignsubmission_file-sec1_1220153-Mohammed Khawaja_616061_assignsubmission_file.json","sec1_1220686-Dareen Abualhaj_616179_assignsubmission_file":"sec1_1220686-Dareen Abualhaj_616179_assignsubmission_file-sec1_1220152-Abdallah Khawaja_616200_assignsubmission_file.json","sec1_1220965-Nagham Halloum_616141_assignsubmission_file":"sec1_1220965-Nagham Halloum_616141_assignsubmission_file-sec1_1220152-Abdallah Khawaja_616200_assignsubmission_file.json","sec1_1222177-sadeen faqeeh_616153_assignsubmission_file":"sec1_1220152-Abdallah Khawaja_616200_assignsubmission_file-sec1_1222177-sadeen faqeeh_616153_assignsubmission_file.json","sec1_1190244-waleed ayesh_616161_assignsubmission_file":"sec1_1190244-waleed ayesh_616161_assignsubmission_file-sec1_1220152-Abdallah Khawaja_616200_assignsubmission_file.json","sec1_1221806-manar zitawi_616019_assignsubmission_file":"sec1_1221806-manar zitawi_616019_assignsubmission_file-sec1_1220152-Abdallah Khawaja_616200_assignsubmission_file.json","sec1_1221972-mohammed saada_616168_assignsubmission_file":"sec1_1221972-mohammed saada_616168_assignsubmission_file-sec1_1220152-Abdallah Khawaja_616200_assignsubmission_file.json","sec1_1222703-noor abdul rahman_616143_assignsubmission_file":"sec1_1222703-noor abdul rahman_616143_assignsubmission_file-sec1_1220152-Abdallah Khawaja_616200_assignsubmission_file.json"},"sec1_1201656-reda srour_615998_assignsubmission_file":{"sec1_1220782-Aya Abdullah_616122_assignsubmission_file":"sec1_1220782-Aya Abdullah_616122_assignsubmission_file-sec1_1201656-reda srour_615998_assignsubmission_file.json","sec1_1222732-layan kahalf_616047_assignsubmission_file":"sec1_1222732-layan kahalf_616047_assignsubmission_file-sec1_1201656-reda srour_615998_assignsubmission_file.json","sec1_1211512-Masarra Alnubani_616110_assignsubmission_file":"sec1_1211512-Masarra Alnubani_616110_assignsubmission_file-sec1_1201656-reda srour_615998_assignsubmission_file.json","sec1_1200874-Kamel Aqel_616078_assignsubmission_file":"sec1_1201656-reda srour_615998_assignsubmission_file-sec1_1200874-Kamel Aqel_616078_assignsubmission_file.json","sec1_1220321-abdallah sadaqa_615968_assignsubmission_file":"sec1_1220321-abdallah sadaqa_615968_assignsubmission_file-sec1_1201656-reda srour_615998_assignsubmission_file.json"},"sec1_1220153-Mohammed Khawaja_616061_assignsubmission_file":{"sec1_1210567-Tala Abadi_615995_assignsubmission_file":"sec1_1210567-Tala Abadi_615995_assignsubmission_file-sec1_1220153-Mohammed Khawaja_616061_assignsubmission_file.json","sec1_1220433-Ilisar Kharoub_615989_assignsubmission_file":"sec1_1220433-Ilisar Kharoub_615989_assignsubmission_file-sec1_1220153-Mohammed Khawaja_616061_assignsubmission_file.json","sec1_1220152-Abdallah Khawaja_616200_assignsubmission_file":"sec1_1220152-Abdallah Khawaja_616200_assignsubmission_file-sec1_1220153-Mohammed Khawaja_616061_assignsubmission_file.json","sec1_1220965-Nagham Halloum_616141_assignsubmission_file":"sec1_1220965-Nagham Halloum_616141_assignsubmission_file-sec1_1220153-Mohammed Khawaja_616061_assignsubmission_file.json","sec1_1220686-Dareen Abualhaj_616179_assignsubmission_file":"sec1_1220686-Dareen Abualhaj_616179_assignsubmission_file-sec1_1220153-Mohammed Khawaja_616061_assignsubmission_file.json","sec1_1190244-waleed ayesh_616161_assignsubmission_file":"sec1_1190244-waleed ayesh_616161_assignsubmission_file-sec1_1220153-Mohammed Khawaja_616061_assignsubmission_file.json","sec1_1221806-manar zitawi_616019_assignsubmission_file":"sec1_1221806-manar zitawi_616019_assignsubmission_file-sec1_1220153-Mohammed Khawaja_616061_assignsubmission_file.json","sec1_1222703-noor abdul rahman_616143_assignsubmission_file":"sec1_1222703-noor abdul rahman_616143_assignsubmission_file-sec1_1220153-Mohammed Khawaja_616061_assignsubmission_file.json"},"sec1_1220965-Nagham Halloum_616141_assignsubmission_file":{"sec1_1210567-Tala Abadi_615995_assignsubmission_file":"sec1_1220965-Nagham Halloum_616141_assignsubmission_file-sec1_1210567-Tala Abadi_615995_assignsubmission_file.json","sec1_1220782-Aya Abdullah_616122_assignsubmission_file":"sec1_1220782-Aya Abdullah_616122_assignsubmission_file-sec1_1220965-Nagham Halloum_616141_assignsubmission_file.json","sec1_1220433-Ilisar Kharoub_615989_assignsubmission_file":"sec1_1220965-Nagham Halloum_616141_assignsubmission_file-sec1_1220433-Ilisar Kharoub_615989_assignsubmission_file.json","sec1_1220686-Dareen Abualhaj_616179_assignsubmission_file":"sec1_1220686-Dareen Abualhaj_616179_assignsubmission_file-sec1_1220965-Nagham Halloum_616141_assignsubmission_file.json","sec1_1190244-waleed ayesh_616161_assignsubmission_file":"sec1_1220965-Nagham Halloum_616141_assignsubmission_file-sec1_1190244-waleed ayesh_616161_assignsubmission_file.json","sec1_1221806-manar zitawi_616019_assignsubmission_file":"sec1_1221806-manar zitawi_616019_assignsubmission_file-sec1_1220965-Nagham Halloum_616141_assignsubmission_file.json","sec1_1221972-mohammed saada_616168_assignsubmission_file":"sec1_1221972-mohammed saada_616168_assignsubmission_file-sec1_1220965-Nagham Halloum_616141_assignsubmission_file.json","sec1_1220152-Abdallah Khawaja_616200_assignsubmission_file":"sec1_1220965-Nagham Halloum_616141_assignsubmission_file-sec1_1220152-Abdallah Khawaja_616200_assignsubmission_file.json","sec1_1220153-Mohammed Khawaja_616061_assignsubmission_file":"sec1_1220965-Nagham Halloum_616141_assignsubmission_file-sec1_1220153-Mohammed Khawaja_616061_assignsubmission_file.json","sec1_1211512-Masarra Alnubani_616110_assignsubmission_file":"sec1_1211512-Masarra Alnubani_616110_assignsubmission_file-sec1_1220965-Nagham Halloum_616141_assignsubmission_file.json","sec1_1200874-Kamel Aqel_616078_assignsubmission_file":"sec1_1220965-Nagham Halloum_616141_assignsubmission_file-sec1_1200874-Kamel Aqel_616078_assignsubmission_file.json","sec1_1221371-Ahmad Sous_616133_assignsubmission_file":"sec1_1220965-Nagham Halloum_616141_assignsubmission_file-sec1_1221371-Ahmad Sous_616133_assignsubmission_file.json","sec1_1222177-sadeen faqeeh_616153_assignsubmission_file":"sec1_1220965-Nagham Halloum_616141_assignsubmission_file-sec1_1222177-sadeen faqeeh_616153_assignsubmission_file.json","sec1_1222703-noor abdul rahman_616143_assignsubmission_file":"sec1_1220965-Nagham Halloum_616141_assignsubmission_file-sec1_1222703-noor abdul rahman_616143_assignsubmission_file.json","sec1_1220321-abdallah sadaqa_615968_assignsubmission_file":"sec1_1220321-abdallah sadaqa_615968_assignsubmission_file-sec1_1220965-Nagham Halloum_616141_assignsubmission_file.json"},"sec1_1211512-Masarra Alnubani_616110_assignsubmission_file":{"sec1_1220782-Aya Abdullah_616122_assignsubmission_file":"sec1_1220782-Aya Abdullah_616122_assignsubmission_file-sec1_1211512-Masarra Alnubani_616110_assignsubmission_file.json","sec1_1220433-Ilisar Kharoub_615989_assignsubmission_file":"sec1_1211512-Masarra Alnubani_616110_assignsubmission_file-sec1_1220433-Ilisar Kharoub_615989_assignsubmission_file.json","sec1_1201656-reda srour_615998_assignsubmission_file":"sec1_1211512-Masarra Alnubani_616110_assignsubmission_file-sec1_1201656-reda srour_615998_assignsubmission_file.json","sec1_1220965-Nagham Halloum_616141_assignsubmission_file":"sec1_1211512-Masarra Alnubani_616110_assignsubmission_file-sec1_1220965-Nagham Halloum_616141_assignsubmission_file.json","sec1_1220686-Dareen Abualhaj_616179_assignsubmission_file":"sec1_1211512-Masarra Alnubani_616110_assignsubmission_file-sec1_1220686-Dareen Abualhaj_616179_assignsubmission_file.json","sec1_1190244-waleed ayesh_616161_assignsubmission_file":"sec1_1211512-Masarra Alnubani_616110_assignsubmission_file-sec1_1190244-waleed ayesh_616161_assignsubmission_file.json","sec1_1221806-manar zitawi_616019_assignsubmission_file":"sec1_1211512-Masarra Alnubani_616110_assignsubmission_file-sec1_1221806-manar zitawi_616019_assignsubmission_file.json","sec1_1221972-mohammed saada_616168_assignsubmission_file":"sec1_1211512-Masarra Alnubani_616110_assignsubmission_file-sec1_1221972-mohammed saada_616168_assignsubmission_file.json","sec1_1220321-abdallah sadaqa_615968_assignsubmission_file":"sec1_1220321-abdallah sadaqa_615968_assignsubmission_file-sec1_1211512-Masarra Alnubani_616110_assignsubmission_file.json","sec1_1222703-noor abdul rahman_616143_assignsubmission_file":"sec1_1211512-Masarra Alnubani_616110_assignsubmission_file-sec1_1222703-noor abdul rahman_616143_assignsubmission_file.json"},"sec1_1200874-Kamel Aqel_616078_assignsubmission_file":{"sec1_1220433-Ilisar Kharoub_615989_assignsubmission_file":"sec1_1200874-Kamel Aqel_616078_assignsubmission_file-sec1_1220433-Ilisar Kharoub_615989_assignsubmission_file.json","sec1_1201656-reda srour_615998_assignsubmission_file":"sec1_1201656-reda srour_615998_assignsubmission_file-sec1_1200874-Kamel Aqel_616078_assignsubmission_file.json","sec1_1220965-Nagham Halloum_616141_assignsubmission_file":"sec1_1220965-Nagham Halloum_616141_assignsubmission_file-sec1_1200874-Kamel Aqel_616078_assignsubmission_file.json","sec1_1220686-Dareen Abualhaj_616179_assignsubmission_file":"sec1_1220686-Dareen Abualhaj_616179_assignsubmission_file-sec1_1200874-Kamel Aqel_616078_assignsubmission_file.json","sec1_1210442-Baha Abukhalil_616180_assignsubmission_file":"sec1_1200874-Kamel Aqel_616078_assignsubmission_file-sec1_1210442-Baha Abukhalil_616180_assignsubmission_file.json","sec1_1222177-sadeen faqeeh_616153_assignsubmission_file":"sec1_1200874-Kamel Aqel_616078_assignsubmission_file-sec1_1222177-sadeen faqeeh_616153_assignsubmission_file.json","sec1_1221806-manar zitawi_616019_assignsubmission_file":"sec1_1221806-manar zitawi_616019_assignsubmission_file-sec1_1200874-Kamel Aqel_616078_assignsubmission_file.json","sec1_1220321-abdallah sadaqa_615968_assignsubmission_file":"sec1_1220321-abdallah sadaqa_615968_assignsubmission_file-sec1_1200874-Kamel Aqel_616078_assignsubmission_file.json","sec1_1222703-noor abdul rahman_616143_assignsubmission_file":"sec1_1200874-Kamel Aqel_616078_assignsubmission_file-sec1_1222703-noor abdul rahman_616143_assignsubmission_file.json"},"sec1_1221371-Ahmad Sous_616133_assignsubmission_file":{"sec1_1220782-Aya Abdullah_616122_assignsubmission_file":"sec1_1220782-Aya Abdullah_616122_assignsubmission_file-sec1_1221371-Ahmad Sous_616133_assignsubmission_file.json","sec1_1210567-Tala Abadi_615995_assignsubmission_file":"sec1_1210567-Tala Abadi_615995_assignsubmission_file-sec1_1221371-Ahmad Sous_616133_assignsubmission_file.json","sec1_1220433-Ilisar Kharoub_615989_assignsubmission_file":"sec1_1220433-Ilisar Kharoub_615989_assignsubmission_file-sec1_1221371-Ahmad Sous_616133_assignsubmission_file.json","sec1_1220965-Nagham Halloum_616141_assignsubmission_file":"sec1_1220965-Nagham Halloum_616141_assignsubmission_file-sec1_1221371-Ahmad Sous_616133_assignsubmission_file.json","sec1_1220686-Dareen Abualhaj_616179_assignsubmission_file":"sec1_1220686-Dareen Abualhaj_616179_assignsubmission_file-sec1_1221371-Ahmad Sous_616133_assignsubmission_file.json","sec1_1190244-waleed ayesh_616161_assignsubmission_file":"sec1_1190244-waleed ayesh_616161_assignsubmission_file-sec1_1221371-Ahmad Sous_616133_assignsubmission_file.json","sec1_1221806-manar zitawi_616019_assignsubmission_file":"sec1_1221806-manar zitawi_616019_assignsubmission_file-sec1_1221371-Ahmad Sous_616133_assignsubmission_file.json","sec1_1221972-mohammed saada_616168_assignsubmission_file":"sec1_1221972-mohammed saada_616168_assignsubmission_file-sec1_1221371-Ahmad Sous_616133_assignsubmission_file.json","sec1_1222703-noor abdul rahman_616143_assignsubmission_file":"sec1_1222703-noor abdul rahman_616143_assignsubmission_file-sec1_1221371-Ahmad Sous_616133_assignsubmission_file.json"},"sec1_1222177-sadeen faqeeh_616153_assignsubmission_file":{"sec1_1220433-Ilisar Kharoub_615989_assignsubmission_file":"sec1_1220433-Ilisar Kharoub_615989_assignsubmission_file-sec1_1222177-sadeen faqeeh_616153_assignsubmission_file.json","sec1_1220152-Abdallah Khawaja_616200_assignsubmission_file":"sec1_1220152-Abdallah Khawaja_616200_assignsubmission_file-sec1_1222177-sadeen faqeeh_616153_assignsubmission_file.json","sec1_1220965-Nagham Halloum_616141_assignsubmission_file":"sec1_1220965-Nagham Halloum_616141_assignsubmission_file-sec1_1222177-sadeen faqeeh_616153_assignsubmission_file.json","sec1_1220686-Dareen Abualhaj_616179_assignsubmission_file":"sec1_1220686-Dareen Abualhaj_616179_assignsubmission_file-sec1_1222177-sadeen faqeeh_616153_assignsubmission_file.json","sec1_1200874-Kamel Aqel_616078_assignsubmission_file":"sec1_1200874-Kamel Aqel_616078_assignsubmission_file-sec1_1222177-sadeen faqeeh_616153_assignsubmission_file.json","sec1_1221806-manar zitawi_616019_assignsubmission_file":"sec1_1221806-manar zitawi_616019_assignsubmission_file-sec1_1222177-sadeen faqeeh_616153_assignsubmission_file.json","sec1_1190244-waleed ayesh_616161_assignsubmission_file":"sec1_1190244-waleed ayesh_616161_assignsubmission_file-sec1_1222177-sadeen faqeeh_616153_assignsubmission_file.json","sec1_1221972-mohammed saada_616168_assignsubmission_file":"sec1_1221972-mohammed saada_616168_assignsubmission_file-sec1_1222177-sadeen faqeeh_616153_assignsubmission_file.json","sec1_1222703-noor abdul rahman_616143_assignsubmission_file":"sec1_1222703-noor abdul rahman_616143_assignsubmission_file-sec1_1222177-sadeen faqeeh_616153_assignsubmission_file.json"},"sec1_1222703-noor abdul rahman_616143_assignsubmission_file":{"sec1_1210567-Tala Abadi_615995_assignsubmission_file":"sec1_1222703-noor abdul rahman_616143_assignsubmission_file-sec1_1210567-Tala Abadi_615995_assignsubmission_file.json","sec1_1220782-Aya Abdullah_616122_assignsubmission_file":"sec1_1220782-Aya Abdullah_616122_assignsubmission_file-sec1_1222703-noor abdul rahman_616143_assignsubmission_file.json","sec1_1220433-Ilisar Kharoub_615989_assignsubmission_file":"sec1_1222703-noor abdul rahman_616143_assignsubmission_file-sec1_1220433-Ilisar Kharoub_615989_assignsubmission_file.json","sec1_1220686-Dareen Abualhaj_616179_assignsubmission_file":"sec1_1220686-Dareen Abualhaj_616179_assignsubmission_file-sec1_1222703-noor abdul rahman_616143_assignsubmission_file.json","sec1_1210442-Baha Abukhalil_616180_assignsubmission_file":"sec1_1222703-noor abdul rahman_616143_assignsubmission_file-sec1_1210442-Baha Abukhalil_616180_assignsubmission_file.json","sec1_1190244-waleed ayesh_616161_assignsubmission_file":"sec1_1222703-noor abdul rahman_616143_assignsubmission_file-sec1_1190244-waleed ayesh_616161_assignsubmission_file.json","sec1_1221806-manar zitawi_616019_assignsubmission_file":"sec1_1221806-manar zitawi_616019_assignsubmission_file-sec1_1222703-noor abdul rahman_616143_assignsubmission_file.json","sec1_1221972-mohammed saada_616168_assignsubmission_file":"sec1_1221972-mohammed saada_616168_assignsubmission_file-sec1_1222703-noor abdul rahman_616143_assignsubmission_file.json","sec1_1220152-Abdallah Khawaja_616200_assignsubmission_file":"sec1_1222703-noor abdul rahman_616143_assignsubmission_file-sec1_1220152-Abdallah Khawaja_616200_assignsubmission_file.json","sec1_1220153-Mohammed Khawaja_616061_assignsubmission_file":"sec1_1222703-noor abdul rahman_616143_assignsubmission_file-sec1_1220153-Mohammed Khawaja_616061_assignsubmission_file.json","sec1_1220965-Nagham Halloum_616141_assignsubmission_file":"sec1_1220965-Nagham Halloum_616141_assignsubmission_file-sec1_1222703-noor abdul rahman_616143_assignsubmission_file.json","sec1_1211512-Masarra Alnubani_616110_assignsubmission_file":"sec1_1211512-Masarra Alnubani_616110_assignsubmission_file-sec1_1222703-noor abdul rahman_616143_assignsubmission_file.json","sec1_1200874-Kamel Aqel_616078_assignsubmission_file":"sec1_1200874-Kamel Aqel_616078_assignsubmission_file-sec1_1222703-noor abdul rahman_616143_assignsubmission_file.json","sec1_1221371-Ahmad Sous_616133_assignsubmission_file":"sec1_1222703-noor abdul rahman_616143_assignsubmission_file-sec1_1221371-Ahmad Sous_616133_assignsubmission_file.json","sec1_1222177-sadeen faqeeh_616153_assignsubmission_file":"sec1_1222703-noor abdul rahman_616143_assignsubmission_file-sec1_1222177-sadeen faqeeh_616153_assignsubmission_file.json"},"sec1_1220321-abdallah sadaqa_615968_assignsubmission_file":{"sec1_1220782-Aya Abdullah_616122_assignsubmission_file":"sec1_1220321-abdallah sadaqa_615968_assignsubmission_file-sec1_1220782-Aya Abdullah_616122_assignsubmission_file.json","sec1_1201656-reda srour_615998_assignsubmission_file":"sec1_1220321-abdallah sadaqa_615968_assignsubmission_file-sec1_1201656-reda srour_615998_assignsubmission_file.json","sec1_1220965-Nagham Halloum_616141_assignsubmission_file":"sec1_1220321-abdallah sadaqa_615968_assignsubmission_file-sec1_1220965-Nagham Halloum_616141_assignsubmission_file.json","sec1_1211512-Masarra Alnubani_616110_assignsubmission_file":"sec1_1220321-abdallah sadaqa_615968_assignsubmission_file-sec1_1211512-Masarra Alnubani_616110_assignsubmission_file.json","sec1_1200874-Kamel Aqel_616078_assignsubmission_file":"sec1_1220321-abdallah sadaqa_615968_assignsubmission_file-sec1_1200874-Kamel Aqel_616078_assignsubmission_file.json","sec1_1190244-waleed ayesh_616161_assignsubmission_file":"sec1_1220321-abdallah sadaqa_615968_assignsubmission_file-sec1_1190244-waleed ayesh_616161_assignsubmission_file.json","sec1_1221972-mohammed saada_616168_assignsubmission_file":"sec1_1220321-abdallah sadaqa_615968_assignsubmission_file-sec1_1221972-mohammed saada_616168_assignsubmission_file.json"}},"failed_submission_names":[],"excluded_files":[],"match_sensitivity":9,"date_of_execution":"29/01/24","execution_time":204,"metrics":[{"name":"AVG","distribution":[1,3,25,62,102,70,66,20,2,0],"topComparisons":[{"first_submission":"sec1_1220686-Dareen Abualhaj_616179_assignsubmission_file","second_submission":"sec1_1222703-noor abdul rahman_616143_assignsubmission_file","similarity":0.9236499068901304},{"first_submission":"sec1_1221806-manar zitawi_616019_assignsubmission_file","second_submission":"sec1_1222703-noor abdul rahman_616143_assignsubmission_file","similarity":0.8361581920903954},{"first_submission":"sec1_1221806-manar zitawi_616019_assignsubmission_file","second_submission":"sec1_1220686-Dareen Abualhaj_616179_assignsubmission_file","similarity":0.8320610687022901},{"first_submission":"sec1_1221806-manar zitawi_616019_assignsubmission_file","second_submission":"sec1_1220433-Ilisar Kharoub_615989_assignsubmission_file","similarity":0.8089887640449438},{"first_submission":"sec1_1222703-noor abdul rahman_616143_assignsubmission_file","second_submission":"sec1_1220433-Ilisar Kharoub_615989_assignsubmission_file","similarity":0.793418647166362},{"first_submission":"sec1_1220686-Dareen Abualhaj_616179_assignsubmission_file","second_submission":"sec1_1220433-Ilisar Kharoub_615989_assignsubmission_file","similarity":0.7814814814814814},{"first_submission":"sec1_1221806-manar zitawi_616019_assignsubmission_file","second_submission":"sec1_1220965-Nagham Halloum_616141_assignsubmission_file","similarity":0.7433962264150943},{"first_submission":"sec1_1220965-Nagham Halloum_616141_assignsubmission_file","second_submission":"sec1_1190244-waleed ayesh_616161_assignsubmission_file","similarity":0.7404718693284936},{"first_submission":"sec1_1220782-Aya Abdullah_616122_assignsubmission_file","second_submission":"sec1_1201656-reda srour_615998_assignsubmission_file","similarity":0.7360308285163777},{"first_submission":"sec1_1222703-noor abdul rahman_616143_assignsubmission_file","second_submission":"sec1_1190244-waleed ayesh_616161_assignsubmission_file","similarity":0.7355072463768116},{"first_submission":"sec1_1220433-Ilisar Kharoub_615989_assignsubmission_file","second_submission":"sec1_1190244-waleed ayesh_616161_assignsubmission_file","similarity":0.7351351351351352},{"first_submission":"sec1_1220686-Dareen Abualhaj_616179_assignsubmission_file","second_submission":"sec1_1220965-Nagham Halloum_616141_assignsubmission_file","similarity":0.7350746268656716},{"first_submission":"sec1_1181680-Osama Hammoudeh_616154_assignsubmission_file","second_submission":"sec1_1222732-layan kahalf_616047_assignsubmission_file","similarity":0.7313432835820896},{"first_submission":"sec1_1221806-manar zitawi_616019_assignsubmission_file","second_submission":"sec1_1190244-waleed ayesh_616161_assignsubmission_file","similarity":0.7235621521335807},{"first_submission":"sec1_1221972-mohammed saada_616168_assignsubmission_file","second_submission":"sec1_1221806-manar zitawi_616019_assignsubmission_file","similarity":0.7195357833655706},{"first_submission":"sec1_1221972-mohammed saada_616168_assignsubmission_file","second_submission":"sec1_1221371-Ahmad Sous_616133_assignsubmission_file","similarity":0.7180385288966725},{"first_submission":"sec1_1220965-Nagham Halloum_616141_assignsubmission_file","second_submission":"sec1_1220433-Ilisar Kharoub_615989_assignsubmission_file","similarity":0.717948717948718},{"first_submission":"sec1_1200874-Kamel Aqel_616078_assignsubmission_file","second_submission":"sec1_1220433-Ilisar Kharoub_615989_assignsubmission_file","similarity":0.716636197440585},{"first_submission":"sec1_1220686-Dareen Abualhaj_616179_assignsubmission_file","second_submission":"sec1_1190244-waleed ayesh_616161_assignsubmission_file","similarity":0.7155963302752294},{"first_submission":"sec1_1220782-Aya Abdullah_616122_assignsubmission_file","second_submission":"sec1_1211512-Masarra Alnubani_616110_assignsubmission_file","similarity":0.7154150197628458},{"first_submission":"sec1_1222703-noor abdul rahman_616143_assignsubmission_file","second_submission":"sec1_1221371-Ahmad Sous_616133_assignsubmission_file","similarity":0.7145299145299145},{"first_submission":"sec1_1221972-mohammed saada_616168_assignsubmission_file","second_submission":"sec1_1222703-noor abdul rahman_616143_assignsubmission_file","similarity":0.7132075471698113},{"first_submission":"sec1_1220321-abdallah sadaqa_615968_assignsubmission_file","second_submission":"sec1_1211512-Masarra Alnubani_616110_assignsubmission_file","similarity":0.7089108910891089},{"first_submission":"sec1_1220965-Nagham Halloum_616141_assignsubmission_file","second_submission":"sec1_1222703-noor abdul rahman_616143_assignsubmission_file","similarity":0.7071823204419889},{"first_submission":"sec1_1211512-Masarra Alnubani_616110_assignsubmission_file","second_submission":"sec1_1201656-reda srour_615998_assignsubmission_file","similarity":0.7063339731285988},{"first_submission":"sec1_1220965-Nagham Halloum_616141_assignsubmission_file","second_submission":"sec1_1221371-Ahmad Sous_616133_assignsubmission_file","similarity":0.702054794520548},{"first_submission":"sec1_1211512-Masarra Alnubani_616110_assignsubmission_file","second_submission":"sec1_1221806-manar zitawi_616019_assignsubmission_file","similarity":0.7017543859649122},{"first_submission":"sec1_1220965-Nagham Halloum_616141_assignsubmission_file","second_submission":"sec1_1220153-Mohammed Khawaja_616061_assignsubmission_file","similarity":0.7011686143572621},{"first_submission":"sec1_1220782-Aya Abdullah_616122_assignsubmission_file","second_submission":"sec1_1221806-manar zitawi_616019_assignsubmission_file","similarity":0.700587084148728},{"first_submission":"sec1_1221806-manar zitawi_616019_assignsubmission_file","second_submission":"sec1_1222177-sadeen faqeeh_616153_assignsubmission_file","similarity":0.6979166666666666},{"first_submission":"sec1_1220782-Aya Abdullah_616122_assignsubmission_file","second_submission":"sec1_1222703-noor abdul rahman_616143_assignsubmission_file","similarity":0.6946564885496184},{"first_submission":"sec1_1220965-Nagham Halloum_616141_assignsubmission_file","second_submission":"sec1_1210567-Tala Abadi_615995_assignsubmission_file","similarity":0.6907775768535263},{"first_submission":"sec1_1222703-noor abdul rahman_616143_assignsubmission_file","second_submission":"sec1_1222177-sadeen faqeeh_616153_assignsubmission_file","similarity":0.6893039049235993},{"first_submission":"sec1_1221972-mohammed saada_616168_assignsubmission_file","second_submission":"sec1_1220152-Abdallah Khawaja_616200_assignsubmission_file","similarity":0.6858168761220825},{"first_submission":"sec1_1221806-manar zitawi_616019_assignsubmission_file","second_submission":"sec1_1200874-Kamel Aqel_616078_assignsubmission_file","similarity":0.6854990583804144},{"first_submission":"sec1_1220321-abdallah sadaqa_615968_assignsubmission_file","second_submission":"sec1_1220782-Aya Abdullah_616122_assignsubmission_file","similarity":0.679920477137177},{"first_submission":"sec1_1220433-Ilisar Kharoub_615989_assignsubmission_file","second_submission":"sec1_1222177-sadeen faqeeh_616153_assignsubmission_file","similarity":0.6790540540540541},{"first_submission":"sec1_1220782-Aya Abdullah_616122_assignsubmission_file","second_submission":"sec1_1221972-mohammed saada_616168_assignsubmission_file","similarity":0.6784313725490196},{"first_submission":"sec1_1200874-Kamel Aqel_616078_assignsubmission_file","second_submission":"sec1_1222703-noor abdul rahman_616143_assignsubmission_file","similarity":0.6764705882352942},{"first_submission":"sec1_1190244-waleed ayesh_616161_assignsubmission_file","second_submission":"sec1_1210567-Tala Abadi_615995_assignsubmission_file","similarity":0.6761565836298933},{"first_submission":"sec1_1220782-Aya Abdullah_616122_assignsubmission_file","second_submission":"sec1_1220433-Ilisar Kharoub_615989_assignsubmission_file","similarity":0.6755218216318786},{"first_submission":"sec1_1221972-mohammed saada_616168_assignsubmission_file","second_submission":"sec1_1220433-Ilisar Kharoub_615989_assignsubmission_file","similarity":0.6754221388367729},{"first_submission":"sec1_1220686-Dareen Abualhaj_616179_assignsubmission_file","second_submission":"sec1_1200874-Kamel Aqel_616078_assignsubmission_file","similarity":0.6741154562383612},{"first_submission":"sec1_1221972-mohammed saada_616168_assignsubmission_file","second_submission":"sec1_1220965-Nagham Halloum_616141_assignsubmission_file","similarity":0.6729678638941399},{"first_submission":"sec1_1220321-abdallah sadaqa_615968_assignsubmission_file","second_submission":"sec1_1201656-reda srour_615998_assignsubmission_file","similarity":0.667953667953668},{"first_submission":"sec1_1220686-Dareen Abualhaj_616179_assignsubmission_file","second_submission":"sec1_1222177-sadeen faqeeh_616153_assignsubmission_file","similarity":0.6666666666666666},{"first_submission":"sec1_1220782-Aya Abdullah_616122_assignsubmission_file","second_submission":"sec1_1220686-Dareen Abualhaj_616179_assignsubmission_file","similarity":0.6653771760154739},{"first_submission":"sec1_1221806-manar zitawi_616019_assignsubmission_file","second_submission":"sec1_1221371-Ahmad Sous_616133_assignsubmission_file","similarity":0.6643356643356644},{"first_submission":"sec1_1220433-Ilisar Kharoub_615989_assignsubmission_file","second_submission":"sec1_1220153-Mohammed Khawaja_616061_assignsubmission_file","similarity":0.6633499170812603},{"first_submission":"sec1_1220433-Ilisar Kharoub_615989_assignsubmission_file","second_submission":"sec1_1221371-Ahmad Sous_616133_assignsubmission_file","similarity":0.6632653061224489},{"first_submission":"sec1_1220433-Ilisar Kharoub_615989_assignsubmission_file","second_submission":"sec1_1220152-Abdallah Khawaja_616200_assignsubmission_file","similarity":0.6585365853658537},{"first_submission":"sec1_1221806-manar zitawi_616019_assignsubmission_file","second_submission":"sec1_1220152-Abdallah Khawaja_616200_assignsubmission_file","similarity":0.6559139784946236},{"first_submission":"sec1_1222732-layan kahalf_616047_assignsubmission_file","second_submission":"sec1_1201656-reda srour_615998_assignsubmission_file","similarity":0.6484210526315789},{"first_submission":"sec1_1220782-Aya Abdullah_616122_assignsubmission_file","second_submission":"sec1_1190244-waleed ayesh_616161_assignsubmission_file","similarity":0.6466165413533834},{"first_submission":"sec1_1210567-Tala Abadi_615995_assignsubmission_file","second_submission":"sec1_1220153-Mohammed Khawaja_616061_assignsubmission_file","similarity":0.6459016393442623},{"first_submission":"sec1_1220686-Dareen Abualhaj_616179_assignsubmission_file","second_submission":"sec1_1220153-Mohammed Khawaja_616061_assignsubmission_file","similarity":0.6441821247892074},{"first_submission":"sec1_1220686-Dareen Abualhaj_616179_assignsubmission_file","second_submission":"sec1_1221371-Ahmad Sous_616133_assignsubmission_file","similarity":0.643598615916955},{"first_submission":"sec1_1221972-mohammed saada_616168_assignsubmission_file","second_submission":"sec1_1220686-Dareen Abualhaj_616179_assignsubmission_file","similarity":0.6424474187380497},{"first_submission":"sec1_1190244-waleed ayesh_616161_assignsubmission_file","second_submission":"sec1_1220153-Mohammed Khawaja_616061_assignsubmission_file","similarity":0.6414473684210527},{"first_submission":"sec1_1181680-Osama Hammoudeh_616154_assignsubmission_file","second_submission":"sec1_1203152-Tamer Ballout_616090_assignsubmission_file","similarity":0.6412213740458015},{"first_submission":"sec1_1221806-manar zitawi_616019_assignsubmission_file","second_submission":"sec1_1220153-Mohammed Khawaja_616061_assignsubmission_file","similarity":0.6405451448040886},{"first_submission":"sec1_1222703-noor abdul rahman_616143_assignsubmission_file","second_submission":"sec1_1220152-Abdallah Khawaja_616200_assignsubmission_file","similarity":0.637478108581436},{"first_submission":"sec1_1222703-noor abdul rahman_616143_assignsubmission_file","second_submission":"sec1_1220153-Mohammed Khawaja_616061_assignsubmission_file","similarity":0.6366666666666667},{"first_submission":"sec1_1221972-mohammed saada_616168_assignsubmission_file","second_submission":"sec1_1222177-sadeen faqeeh_616153_assignsubmission_file","similarity":0.6365217391304347},{"first_submission":"sec1_1211512-Masarra Alnubani_616110_assignsubmission_file","second_submission":"sec1_1222703-noor abdul rahman_616143_assignsubmission_file","similarity":0.6349809885931559},{"first_submission":"sec1_1211512-Masarra Alnubani_616110_assignsubmission_file","second_submission":"sec1_1221972-mohammed saada_616168_assignsubmission_file","similarity":0.6328125},{"first_submission":"sec1_1221972-mohammed saada_616168_assignsubmission_file","second_submission":"sec1_1190244-waleed ayesh_616161_assignsubmission_file","similarity":0.6319702602230484},{"first_submission":"sec1_1203152-Tamer Ballout_616090_assignsubmission_file","second_submission":"sec1_1222732-layan kahalf_616047_assignsubmission_file","similarity":0.628992628992629},{"first_submission":"sec1_1200874-Kamel Aqel_616078_assignsubmission_file","second_submission":"sec1_1222177-sadeen faqeeh_616153_assignsubmission_file","similarity":0.6281833616298812},{"first_submission":"sec1_1211512-Masarra Alnubani_616110_assignsubmission_file","second_submission":"sec1_1220686-Dareen Abualhaj_616179_assignsubmission_file","similarity":0.628131021194605},{"first_submission":"sec1_1190244-waleed ayesh_616161_assignsubmission_file","second_submission":"sec1_1222177-sadeen faqeeh_616153_assignsubmission_file","similarity":0.626465661641541},{"first_submission":"sec1_1200874-Kamel Aqel_616078_assignsubmission_file","second_submission":"sec1_1210442-Baha Abukhalil_616180_assignsubmission_file","similarity":0.6241379310344828},{"first_submission":"sec1_1211512-Masarra Alnubani_616110_assignsubmission_file","second_submission":"sec1_1220433-Ilisar Kharoub_615989_assignsubmission_file","similarity":0.6238185255198487},{"first_submission":"sec1_1220321-abdallah sadaqa_615968_assignsubmission_file","second_submission":"sec1_1221972-mohammed saada_616168_assignsubmission_file","similarity":0.6208251473477406},{"first_submission":"sec1_1220782-Aya Abdullah_616122_assignsubmission_file","second_submission":"sec1_1220965-Nagham Halloum_616141_assignsubmission_file","similarity":0.6195028680688337},{"first_submission":"sec1_1220686-Dareen Abualhaj_616179_assignsubmission_file","second_submission":"sec1_1210567-Tala Abadi_615995_assignsubmission_file","similarity":0.6179159049360147},{"first_submission":"sec1_1220321-abdallah sadaqa_615968_assignsubmission_file","second_submission":"sec1_1220965-Nagham Halloum_616141_assignsubmission_file","similarity":0.6168582375478927},{"first_submission":"sec1_1201656-reda srour_615998_assignsubmission_file","second_submission":"sec1_1200874-Kamel Aqel_616078_assignsubmission_file","similarity":0.6159554730983302},{"first_submission":"sec1_1221806-manar zitawi_616019_assignsubmission_file","second_submission":"sec1_1210567-Tala Abadi_615995_assignsubmission_file","similarity":0.6136783733826248},{"first_submission":"sec1_1220782-Aya Abdullah_616122_assignsubmission_file","second_submission":"sec1_1220958-Fayez Zyoud_616196_assignsubmission_file","similarity":0.6097560975609756},{"first_submission":"sec1_1210567-Tala Abadi_615995_assignsubmission_file","second_submission":"sec1_1221371-Ahmad Sous_616133_assignsubmission_file","similarity":0.6084033613445378},{"first_submission":"sec1_1220965-Nagham Halloum_616141_assignsubmission_file","second_submission":"sec1_1220152-Abdallah Khawaja_616200_assignsubmission_file","similarity":0.6070175438596491},{"first_submission":"sec1_1220782-Aya Abdullah_616122_assignsubmission_file","second_submission":"sec1_1221371-Ahmad Sous_616133_assignsubmission_file","similarity":0.6053097345132743},{"first_submission":"sec1_1190244-waleed ayesh_616161_assignsubmission_file","second_submission":"sec1_1220152-Abdallah Khawaja_616200_assignsubmission_file","similarity":0.6044905008635578},{"first_submission":"sec1_1222703-noor abdul rahman_616143_assignsubmission_file","second_submission":"sec1_1210442-Baha Abukhalil_616180_assignsubmission_file","similarity":0.603448275862069},{"first_submission":"sec1_1221806-manar zitawi_616019_assignsubmission_file","second_submission":"sec1_1210442-Baha Abukhalil_616180_assignsubmission_file","similarity":0.6031746031746031},{"first_submission":"sec1_1220686-Dareen Abualhaj_616179_assignsubmission_file","second_submission":"sec1_1220958-Fayez Zyoud_616196_assignsubmission_file","similarity":0.6030664395229983},{"first_submission":"sec1_1211512-Masarra Alnubani_616110_assignsubmission_file","second_submission":"sec1_1190244-waleed ayesh_616161_assignsubmission_file","similarity":0.602996254681648},{"first_submission":"sec1_1220686-Dareen Abualhaj_616179_assignsubmission_file","second_submission":"sec1_1220152-Abdallah Khawaja_616200_assignsubmission_file","similarity":0.6028368794326241},{"first_submission":"sec1_1220152-Abdallah Khawaja_616200_assignsubmission_file","second_submission":"sec1_1222177-sadeen faqeeh_616153_assignsubmission_file","similarity":0.6006493506493507},{"first_submission":"sec1_1220321-abdallah sadaqa_615968_assignsubmission_file","second_submission":"sec1_1200874-Kamel Aqel_616078_assignsubmission_file","similarity":0.6003824091778203},{"first_submission":"sec1_1220965-Nagham Halloum_616141_assignsubmission_file","second_submission":"sec1_1200874-Kamel Aqel_616078_assignsubmission_file","similarity":0.5966850828729282},{"first_submission":"sec1_1220965-Nagham Halloum_616141_assignsubmission_file","second_submission":"sec1_1222177-sadeen faqeeh_616153_assignsubmission_file","similarity":0.5952380952380952},{"first_submission":"sec1_1211512-Masarra Alnubani_616110_assignsubmission_file","second_submission":"sec1_1220965-Nagham Halloum_616141_assignsubmission_file","similarity":0.5942857142857143},{"first_submission":"sec1_1190244-waleed ayesh_616161_assignsubmission_file","second_submission":"sec1_1221371-Ahmad Sous_616133_assignsubmission_file","similarity":0.5935919055649241},{"first_submission":"sec1_1221972-mohammed saada_616168_assignsubmission_file","second_submission":"sec1_1210567-Tala Abadi_615995_assignsubmission_file","similarity":0.5925925925925926},{"first_submission":"sec1_1210567-Tala Abadi_615995_assignsubmission_file","second_submission":"sec1_1220152-Abdallah Khawaja_616200_assignsubmission_file","similarity":0.5920826161790017},{"first_submission":"sec1_1222703-noor abdul rahman_616143_assignsubmission_file","second_submission":"sec1_1210567-Tala Abadi_615995_assignsubmission_file","similarity":0.592057761732852},{"first_submission":"sec1_1220321-abdallah sadaqa_615968_assignsubmission_file","second_submission":"sec1_1190244-waleed ayesh_616161_assignsubmission_file","similarity":0.591337099811676},{"first_submission":"sec1_1220152-Abdallah Khawaja_616200_assignsubmission_file","second_submission":"sec1_1220153-Mohammed Khawaja_616061_assignsubmission_file","similarity":0.5901116427432217}],"description":"Average of both program coverages. This is the default similarity which works in most cases: Matches with a high average similarity indicate that the programs work in a very similar way."},{"name":"MAX","distribution":[1,3,47,98,92,54,44,12,0,0],"topComparisons":[{"first_submission":"sec1_1220686-Dareen Abualhaj_616179_assignsubmission_file","second_submission":"sec1_1222703-noor abdul rahman_616143_assignsubmission_file","similarity":0.9358490566037736},{"first_submission":"sec1_1221806-manar zitawi_616019_assignsubmission_file","second_submission":"sec1_1222703-noor abdul rahman_616143_assignsubmission_file","similarity":0.8571428571428571},{"first_submission":"sec1_1221806-manar zitawi_616019_assignsubmission_file","second_submission":"sec1_1220686-Dareen Abualhaj_616179_assignsubmission_file","similarity":0.8416988416988417},{"first_submission":"sec1_1221806-manar zitawi_616019_assignsubmission_file","second_submission":"sec1_1220433-Ilisar Kharoub_615989_assignsubmission_file","similarity":0.833976833976834},{"first_submission":"sec1_1222703-noor abdul rahman_616143_assignsubmission_file","second_submission":"sec1_1220433-Ilisar Kharoub_615989_assignsubmission_file","similarity":0.7977941176470589},{"first_submission":"sec1_1220686-Dareen Abualhaj_616179_assignsubmission_file","second_submission":"sec1_1220433-Ilisar Kharoub_615989_assignsubmission_file","similarity":0.7962264150943397},{"first_submission":"sec1_1221972-mohammed saada_616168_assignsubmission_file","second_submission":"sec1_1221371-Ahmad Sous_616133_assignsubmission_file","similarity":0.7945736434108527},{"first_submission":"sec1_1221806-manar zitawi_616019_assignsubmission_file","second_submission":"sec1_1222177-sadeen faqeeh_616153_assignsubmission_file","similarity":0.7760617760617761},{"first_submission":"sec1_1220965-Nagham Halloum_616141_assignsubmission_file","second_submission":"sec1_1220153-Mohammed Khawaja_616061_assignsubmission_file","similarity":0.7749077490774908},{"first_submission":"sec1_1222703-noor abdul rahman_616143_assignsubmission_file","second_submission":"sec1_1221371-Ahmad Sous_616133_assignsubmission_file","similarity":0.7683823529411765},{"first_submission":"sec1_1221806-manar zitawi_616019_assignsubmission_file","second_submission":"sec1_1220965-Nagham Halloum_616141_assignsubmission_file","similarity":0.7606177606177607},{"first_submission":"sec1_1220782-Aya Abdullah_616122_assignsubmission_file","second_submission":"sec1_1201656-reda srour_615998_assignsubmission_file","similarity":0.7579365079365079},{"first_submission":"sec1_1181680-Osama Hammoudeh_616154_assignsubmission_file","second_submission":"sec1_1222732-layan kahalf_616047_assignsubmission_file","similarity":0.7577319587628866},{"first_submission":"sec1_1220965-Nagham Halloum_616141_assignsubmission_file","second_submission":"sec1_1221371-Ahmad Sous_616133_assignsubmission_file","similarity":0.7564575645756457},{"first_submission":"sec1_1221806-manar zitawi_616019_assignsubmission_file","second_submission":"sec1_1190244-waleed ayesh_616161_assignsubmission_file","similarity":0.752895752895753},{"first_submission":"sec1_1220965-Nagham Halloum_616141_assignsubmission_file","second_submission":"sec1_1190244-waleed ayesh_616161_assignsubmission_file","similarity":0.7527675276752768},{"first_submission":"sec1_1222703-noor abdul rahman_616143_assignsubmission_file","second_submission":"sec1_1190244-waleed ayesh_616161_assignsubmission_file","similarity":0.7463235294117647},{"first_submission":"sec1_1222703-noor abdul rahman_616143_assignsubmission_file","second_submission":"sec1_1222177-sadeen faqeeh_616153_assignsubmission_file","similarity":0.7463235294117647},{"first_submission":"sec1_1220686-Dareen Abualhaj_616179_assignsubmission_file","second_submission":"sec1_1220965-Nagham Halloum_616141_assignsubmission_file","similarity":0.7433962264150943},{"first_submission":"sec1_1220433-Ilisar Kharoub_615989_assignsubmission_file","second_submission":"sec1_1190244-waleed ayesh_616161_assignsubmission_file","similarity":0.7418181818181818},{"first_submission":"sec1_1222732-layan kahalf_616047_assignsubmission_file","second_submission":"sec1_1201656-reda srour_615998_assignsubmission_file","similarity":0.7403846153846154},{"first_submission":"sec1_1221972-mohammed saada_616168_assignsubmission_file","second_submission":"sec1_1220152-Abdallah Khawaja_616200_assignsubmission_file","similarity":0.7403100775193798},{"first_submission":"sec1_1220686-Dareen Abualhaj_616179_assignsubmission_file","second_submission":"sec1_1190244-waleed ayesh_616161_assignsubmission_file","similarity":0.7358490566037735},{"first_submission":"sec1_1221806-manar zitawi_616019_assignsubmission_file","second_submission":"sec1_1221371-Ahmad Sous_616133_assignsubmission_file","similarity":0.7335907335907336},{"first_submission":"sec1_1221972-mohammed saada_616168_assignsubmission_file","second_submission":"sec1_1222703-noor abdul rahman_616143_assignsubmission_file","similarity":0.7325581395348837},{"first_submission":"sec1_1220686-Dareen Abualhaj_616179_assignsubmission_file","second_submission":"sec1_1222177-sadeen faqeeh_616153_assignsubmission_file","similarity":0.7320754716981132},{"first_submission":"sec1_1220433-Ilisar Kharoub_615989_assignsubmission_file","second_submission":"sec1_1222177-sadeen faqeeh_616153_assignsubmission_file","similarity":0.730909090909091},{"first_submission":"sec1_1220433-Ilisar Kharoub_615989_assignsubmission_file","second_submission":"sec1_1220153-Mohammed Khawaja_616061_assignsubmission_file","similarity":0.7272727272727273},{"first_submission":"sec1_1221806-manar zitawi_616019_assignsubmission_file","second_submission":"sec1_1220153-Mohammed Khawaja_616061_assignsubmission_file","similarity":0.7258687258687259},{"first_submission":"sec1_1211512-Masarra Alnubani_616110_assignsubmission_file","second_submission":"sec1_1201656-reda srour_615998_assignsubmission_file","similarity":0.7244094488188977},{"first_submission":"sec1_1220965-Nagham Halloum_616141_assignsubmission_file","second_submission":"sec1_1220433-Ilisar Kharoub_615989_assignsubmission_file","similarity":0.7232472324723247},{"first_submission":"sec1_1220782-Aya Abdullah_616122_assignsubmission_file","second_submission":"sec1_1222703-noor abdul rahman_616143_assignsubmission_file","similarity":0.7222222222222222},{"first_submission":"sec1_1221972-mohammed saada_616168_assignsubmission_file","second_submission":"sec1_1221806-manar zitawi_616019_assignsubmission_file","similarity":0.7209302325581395},{"first_submission":"sec1_1220686-Dareen Abualhaj_616179_assignsubmission_file","second_submission":"sec1_1220153-Mohammed Khawaja_616061_assignsubmission_file","similarity":0.720754716981132},{"first_submission":"sec1_1200874-Kamel Aqel_616078_assignsubmission_file","second_submission":"sec1_1220433-Ilisar Kharoub_615989_assignsubmission_file","similarity":0.7205882352941176},{"first_submission":"sec1_1220782-Aya Abdullah_616122_assignsubmission_file","second_submission":"sec1_1211512-Masarra Alnubani_616110_assignsubmission_file","similarity":0.7182539682539683},{"first_submission":"sec1_1220321-abdallah sadaqa_615968_assignsubmission_file","second_submission":"sec1_1211512-Masarra Alnubani_616110_assignsubmission_file","similarity":0.7131474103585658},{"first_submission":"sec1_1220782-Aya Abdullah_616122_assignsubmission_file","second_submission":"sec1_1221806-manar zitawi_616019_assignsubmission_file","similarity":0.7103174603174603},{"first_submission":"sec1_1221972-mohammed saada_616168_assignsubmission_file","second_submission":"sec1_1222177-sadeen faqeeh_616153_assignsubmission_file","similarity":0.7093023255813954},{"first_submission":"sec1_1220433-Ilisar Kharoub_615989_assignsubmission_file","second_submission":"sec1_1221371-Ahmad Sous_616133_assignsubmission_file","similarity":0.7090909090909091},{"first_submission":"sec1_1211512-Masarra Alnubani_616110_assignsubmission_file","second_submission":"sec1_1221806-manar zitawi_616019_assignsubmission_file","similarity":0.7086614173228346},{"first_submission":"sec1_1220965-Nagham Halloum_616141_assignsubmission_file","second_submission":"sec1_1222703-noor abdul rahman_616143_assignsubmission_file","similarity":0.7084870848708487},{"first_submission":"sec1_1221806-manar zitawi_616019_assignsubmission_file","second_submission":"sec1_1220152-Abdallah Khawaja_616200_assignsubmission_file","similarity":0.7065637065637066},{"first_submission":"sec1_1220782-Aya Abdullah_616122_assignsubmission_file","second_submission":"sec1_1220433-Ilisar Kharoub_615989_assignsubmission_file","similarity":0.7063492063492064},{"first_submission":"sec1_1220965-Nagham Halloum_616141_assignsubmission_file","second_submission":"sec1_1210567-Tala Abadi_615995_assignsubmission_file","similarity":0.7047970479704797},{"first_submission":"sec1_1221806-manar zitawi_616019_assignsubmission_file","second_submission":"sec1_1200874-Kamel Aqel_616078_assignsubmission_file","similarity":0.7027027027027027},{"first_submission":"sec1_1222703-noor abdul rahman_616143_assignsubmission_file","second_submission":"sec1_1220153-Mohammed Khawaja_616061_assignsubmission_file","similarity":0.7022058823529411},{"first_submission":"sec1_1220686-Dareen Abualhaj_616179_assignsubmission_file","second_submission":"sec1_1221371-Ahmad Sous_616133_assignsubmission_file","similarity":0.7018867924528301},{"first_submission":"sec1_1210567-Tala Abadi_615995_assignsubmission_file","second_submission":"sec1_1220153-Mohammed Khawaja_616061_assignsubmission_file","similarity":0.6985815602836879},{"first_submission":"sec1_1221972-mohammed saada_616168_assignsubmission_file","second_submission":"sec1_1220433-Ilisar Kharoub_615989_assignsubmission_file","similarity":0.6976744186046512},{"first_submission":"sec1_1190244-waleed ayesh_616161_assignsubmission_file","second_submission":"sec1_1220153-Mohammed Khawaja_616061_assignsubmission_file","similarity":0.6964285714285714},{"first_submission":"sec1_1220782-Aya Abdullah_616122_assignsubmission_file","second_submission":"sec1_1220958-Fayez Zyoud_616196_assignsubmission_file","similarity":0.6944444444444444},{"first_submission":"sec1_1221972-mohammed saada_616168_assignsubmission_file","second_submission":"sec1_1220965-Nagham Halloum_616141_assignsubmission_file","similarity":0.689922480620155},{"first_submission":"sec1_1220321-abdallah sadaqa_615968_assignsubmission_file","second_submission":"sec1_1201656-reda srour_615998_assignsubmission_file","similarity":0.6892430278884463},{"first_submission":"sec1_1220433-Ilisar Kharoub_615989_assignsubmission_file","second_submission":"sec1_1220152-Abdallah Khawaja_616200_assignsubmission_file","similarity":0.6872727272727273},{"first_submission":"sec1_1220782-Aya Abdullah_616122_assignsubmission_file","second_submission":"sec1_1221972-mohammed saada_616168_assignsubmission_file","similarity":0.6865079365079365},{"first_submission":"sec1_1220686-Dareen Abualhaj_616179_assignsubmission_file","second_submission":"sec1_1200874-Kamel Aqel_616078_assignsubmission_file","similarity":0.6830188679245283},{"first_submission":"sec1_1220782-Aya Abdullah_616122_assignsubmission_file","second_submission":"sec1_1220686-Dareen Abualhaj_616179_assignsubmission_file","similarity":0.6825396825396826},{"first_submission":"sec1_1220782-Aya Abdullah_616122_assignsubmission_file","second_submission":"sec1_1190244-waleed ayesh_616161_assignsubmission_file","similarity":0.6825396825396826},{"first_submission":"sec1_1220321-abdallah sadaqa_615968_assignsubmission_file","second_submission":"sec1_1220782-Aya Abdullah_616122_assignsubmission_file","similarity":0.6812749003984063},{"first_submission":"sec1_1200874-Kamel Aqel_616078_assignsubmission_file","second_submission":"sec1_1222177-sadeen faqeeh_616153_assignsubmission_file","similarity":0.6801470588235294},{"first_submission":"sec1_1190244-waleed ayesh_616161_assignsubmission_file","second_submission":"sec1_1210567-Tala Abadi_615995_assignsubmission_file","similarity":0.6785714285714286},{"first_submission":"sec1_1220782-Aya Abdullah_616122_assignsubmission_file","second_submission":"sec1_1221371-Ahmad Sous_616133_assignsubmission_file","similarity":0.6785714285714286},{"first_submission":"sec1_1200874-Kamel Aqel_616078_assignsubmission_file","second_submission":"sec1_1222703-noor abdul rahman_616143_assignsubmission_file","similarity":0.6764705882352942},{"first_submission":"sec1_1222703-noor abdul rahman_616143_assignsubmission_file","second_submission":"sec1_1220152-Abdallah Khawaja_616200_assignsubmission_file","similarity":0.6691176470588235},{"first_submission":"sec1_1220686-Dareen Abualhaj_616179_assignsubmission_file","second_submission":"sec1_1220958-Fayez Zyoud_616196_assignsubmission_file","similarity":0.6679245283018868},{"first_submission":"sec1_1190244-waleed ayesh_616161_assignsubmission_file","second_submission":"sec1_1222177-sadeen faqeeh_616153_assignsubmission_file","similarity":0.6678571428571428},{"first_submission":"sec1_1200874-Kamel Aqel_616078_assignsubmission_file","second_submission":"sec1_1210442-Baha Abukhalil_616180_assignsubmission_file","similarity":0.6654411764705882},{"first_submission":"sec1_1221806-manar zitawi_616019_assignsubmission_file","second_submission":"sec1_1210442-Baha Abukhalil_616180_assignsubmission_file","similarity":0.6602316602316602},{"first_submission":"sec1_1221972-mohammed saada_616168_assignsubmission_file","second_submission":"sec1_1190244-waleed ayesh_616161_assignsubmission_file","similarity":0.6589147286821705},{"first_submission":"sec1_1211512-Masarra Alnubani_616110_assignsubmission_file","second_submission":"sec1_1222703-noor abdul rahman_616143_assignsubmission_file","similarity":0.65748031496063},{"first_submission":"sec1_1221972-mohammed saada_616168_assignsubmission_file","second_submission":"sec1_1220686-Dareen Abualhaj_616179_assignsubmission_file","similarity":0.6511627906976745},{"first_submission":"sec1_1211512-Masarra Alnubani_616110_assignsubmission_file","second_submission":"sec1_1220433-Ilisar Kharoub_615989_assignsubmission_file","similarity":0.6496062992125984},{"first_submission":"sec1_1181680-Osama Hammoudeh_616154_assignsubmission_file","second_submission":"sec1_1203152-Tamer Ballout_616090_assignsubmission_file","similarity":0.6494845360824743},{"first_submission":"sec1_1220965-Nagham Halloum_616141_assignsubmission_file","second_submission":"sec1_1222177-sadeen faqeeh_616153_assignsubmission_file","similarity":0.6457564575645757},{"first_submission":"sec1_1222703-noor abdul rahman_616143_assignsubmission_file","second_submission":"sec1_1210442-Baha Abukhalil_616180_assignsubmission_file","similarity":0.6433823529411765},{"first_submission":"sec1_1203152-Tamer Ballout_616090_assignsubmission_file","second_submission":"sec1_1222732-layan kahalf_616047_assignsubmission_file","similarity":0.6432160804020101},{"first_submission":"sec1_1220782-Aya Abdullah_616122_assignsubmission_file","second_submission":"sec1_1220965-Nagham Halloum_616141_assignsubmission_file","similarity":0.6428571428571429},{"first_submission":"sec1_1210567-Tala Abadi_615995_assignsubmission_file","second_submission":"sec1_1221371-Ahmad Sous_616133_assignsubmission_file","similarity":0.6418439716312057},{"first_submission":"sec1_1211512-Masarra Alnubani_616110_assignsubmission_file","second_submission":"sec1_1220686-Dareen Abualhaj_616179_assignsubmission_file","similarity":0.6417322834645669},{"first_submission":"sec1_1220686-Dareen Abualhaj_616179_assignsubmission_file","second_submission":"sec1_1220152-Abdallah Khawaja_616200_assignsubmission_file","similarity":0.6415094339622641},{"first_submission":"sec1_1220321-abdallah sadaqa_615968_assignsubmission_file","second_submission":"sec1_1220965-Nagham Halloum_616141_assignsubmission_file","similarity":0.6414342629482072},{"first_submission":"sec1_1221806-manar zitawi_616019_assignsubmission_file","second_submission":"sec1_1210567-Tala Abadi_615995_assignsubmission_file","similarity":0.640926640926641},{"first_submission":"sec1_1220965-Nagham Halloum_616141_assignsubmission_file","second_submission":"sec1_1220152-Abdallah Khawaja_616200_assignsubmission_file","similarity":0.6383763837638377},{"first_submission":"sec1_1211512-Masarra Alnubani_616110_assignsubmission_file","second_submission":"sec1_1221972-mohammed saada_616168_assignsubmission_file","similarity":0.6377952755905512},{"first_submission":"sec1_1220686-Dareen Abualhaj_616179_assignsubmission_file","second_submission":"sec1_1210567-Tala Abadi_615995_assignsubmission_file","similarity":0.6377358490566037},{"first_submission":"sec1_1211512-Masarra Alnubani_616110_assignsubmission_file","second_submission":"sec1_1190244-waleed ayesh_616161_assignsubmission_file","similarity":0.6338582677165354},{"first_submission":"sec1_1220321-abdallah sadaqa_615968_assignsubmission_file","second_submission":"sec1_1221972-mohammed saada_616168_assignsubmission_file","similarity":0.6294820717131474},{"first_submission":"sec1_1190244-waleed ayesh_616161_assignsubmission_file","second_submission":"sec1_1221371-Ahmad Sous_616133_assignsubmission_file","similarity":0.6285714285714286},{"first_submission":"sec1_1220321-abdallah sadaqa_615968_assignsubmission_file","second_submission":"sec1_1200874-Kamel Aqel_616078_assignsubmission_file","similarity":0.6254980079681275},{"first_submission":"sec1_1220321-abdallah sadaqa_615968_assignsubmission_file","second_submission":"sec1_1190244-waleed ayesh_616161_assignsubmission_file","similarity":0.6254980079681275},{"first_submission":"sec1_1190244-waleed ayesh_616161_assignsubmission_file","second_submission":"sec1_1220152-Abdallah Khawaja_616200_assignsubmission_file","similarity":0.625},{"first_submission":"sec1_1201656-reda srour_615998_assignsubmission_file","second_submission":"sec1_1200874-Kamel Aqel_616078_assignsubmission_file","similarity":0.6217228464419475},{"first_submission":"sec1_1221972-mohammed saada_616168_assignsubmission_file","second_submission":"sec1_1210567-Tala Abadi_615995_assignsubmission_file","similarity":0.6201550387596899},{"first_submission":"sec1_1220152-Abdallah Khawaja_616200_assignsubmission_file","second_submission":"sec1_1222177-sadeen faqeeh_616153_assignsubmission_file","similarity":0.6187290969899666},{"first_submission":"sec1_1220152-Abdallah Khawaja_616200_assignsubmission_file","second_submission":"sec1_1220153-Mohammed Khawaja_616061_assignsubmission_file","similarity":0.6187290969899666},{"first_submission":"sec1_1211512-Masarra Alnubani_616110_assignsubmission_file","second_submission":"sec1_1220965-Nagham Halloum_616141_assignsubmission_file","similarity":0.6141732283464567},{"first_submission":"sec1_1210567-Tala Abadi_615995_assignsubmission_file","second_submission":"sec1_1220152-Abdallah Khawaja_616200_assignsubmission_file","similarity":0.6099290780141844},{"first_submission":"sec1_1222703-noor abdul rahman_616143_assignsubmission_file","second_submission":"sec1_1210567-Tala Abadi_615995_assignsubmission_file","similarity":0.6029411764705882},{"first_submission":"sec1_1220965-Nagham Halloum_616141_assignsubmission_file","second_submission":"sec1_1200874-Kamel Aqel_616078_assignsubmission_file","similarity":0.5977859778597786}],"description":"Maximum of both program coverages. This ranking is especially useful if the programs are very different in size. This can happen when dead code was inserted to disguise the origin of the plagiarized program."}],"clusters":[{"average_similarity":0.657740595198233,"strength":0.0010464443204370177,"members":["sec1_1220686-Dareen Abualhaj_616179_assignsubmission_file","sec1_1222703-noor abdul rahman_616143_assignsubmission_file","sec1_1221806-manar zitawi_616019_assignsubmission_file","sec1_1220433-Ilisar Kharoub_615989_assignsubmission_file","sec1_1200874-Kamel Aqel_616078_assignsubmission_file","sec1_1222177-sadeen faqeeh_616153_assignsubmission_file","sec1_1210442-Baha Abukhalil_616180_assignsubmission_file","sec1_1212850-Salahaldin Eid_616055_assignsubmission_file"]},{"average_similarity":0.6671857622068399,"strength":0.0027469290560000383,"members":["sec1_1181680-Osama Hammoudeh_616154_assignsubmission_file","sec1_1222732-layan kahalf_616047_assignsubmission_file","sec1_1203152-Tamer Ballout_616090_assignsubmission_file"]}],"total_comparisons":351}