{"id1":"sec1_1221806-manar zitawi_616019_assignsubmission_file","id2":"sec1_1221371-Ahmad Sous_616133_assignsubmission_file","similarity":0.6643356643356644,"matches":[{"file1":"sec1_1221806-manar zitawi_616019_assignsubmission_file\\Driver.java","file2":"sec1_1221371-Ahmad Sous_616133_assignsubmission_file\\Driver.java","start1":5,"end1":33,"start2":5,"end2":35,"tokens":48},{"file1":"sec1_1221806-manar zitawi_616019_assignsubmission_file\\CustomerPayment.java","file2":"sec1_1221371-Ahmad Sous_616133_assignsubmission_file\\CustomerPayment.java","start1":14,"end1":52,"start2":12,"end2":66,"tokens":39},{"file1":"sec1_1221806-manar zitawi_616019_assignsubmission_file\\CreditCard.java","file2":"sec1_1221371-Ahmad Sous_616133_assignsubmission_file\\CreditCard.java","start1":13,"end1":41,"start2":14,"end2":44,"tokens":30},{"file1":"sec1_1221806-manar zitawi_616019_assignsubmission_file\\Check.java","file2":"sec1_1221371-Ahmad Sous_616133_assignsubmission_file\\Check.java","start1":20,"end1":42,"start2":30,"end2":47,"tokens":20},{"file1":"sec1_1221806-manar zitawi_616019_assignsubmission_file\\Cash.java","file2":"sec1_1221371-Ahmad Sous_616133_assignsubmission_file\\Cash.java","start1":11,"end1":26,"start2":12,"end2":32,"tokens":18},{"file1":"sec1_1221806-manar zitawi_616019_assignsubmission_file\\CustomerPayment.java","file2":"sec1_1221371-Ahmad Sous_616133_assignsubmission_file\\CustomerPayment.java","start1":53,"end1":60,"start2":72,"end2":78,"tokens":15},{"file1":"sec1_1221806-manar zitawi_616019_assignsubmission_file\\Check.java","file2":"sec1_1221371-Ahmad Sous_616133_assignsubmission_file\\Check.java","start1":14,"end1":18,"start2":18,"end2":23,"tokens":11},{"file1":"sec1_1221806-manar zitawi_616019_assignsubmission_file\\Check.java","file2":"sec1_1221371-Ahmad Sous_616133_assignsubmission_file\\Check.java","start1":4,"end1":12,"start2":1,"end2":13,"tokens":9}]}