{"id1":"sec1_1220686-Dareen Abualhaj_616179_assignsubmission_file","id2":"sec1_1220153-Mohammed Khawaja_616061_assignsubmission_file","similarity":0.6441821247892074,"matches":[{"file1":"sec1_1220686-Dareen Abualhaj_616179_assignsubmission_file\\Driver.java","file2":"sec1_1220153-Mohammed Khawaja_616061_assignsubmission_file\\Driver.java","start1":1,"end1":38,"start2":3,"end2":37,"tokens":51},{"file1":"sec1_1220686-Dareen Abualhaj_616179_assignsubmission_file\\Check.java","file2":"sec1_1220153-Mohammed Khawaja_616061_assignsubmission_file\\Check.java","start1":15,"end1":57,"start2":13,"end2":55,"tokens":42},{"file1":"sec1_1220686-Dareen Abualhaj_616179_assignsubmission_file\\CustomerPayment.java","file2":"sec1_1220153-Mohammed Khawaja_616061_assignsubmission_file\\CustomerPayment.java","start1":9,"end1":47,"start2":10,"end2":45,"tokens":33},{"file1":"sec1_1220686-Dareen Abualhaj_616179_assignsubmission_file\\CreditCard.java","file2":"sec1_1220153-Mohammed Khawaja_616061_assignsubmission_file\\CreditCard.java","start1":11,"end1":32,"start2":12,"end2":36,"tokens":27},{"file1":"sec1_1220686-Dareen Abualhaj_616179_assignsubmission_file\\CustomerPayment.java","file2":"sec1_1220153-Mohammed Khawaja_616061_assignsubmission_file\\CustomerPayment.java","start1":55,"end1":74,"start2":50,"end2":66,"tokens":20},{"file1":"sec1_1220686-Dareen Abualhaj_616179_assignsubmission_file\\Cash.java","file2":"sec1_1220153-Mohammed Khawaja_616061_assignsubmission_file\\Cash.java","start1":8,"end1":23,"start2":8,"end2":23,"tokens":18}]}