{"id1":"sec1_1220782-Aya Abdullah_616122_assignsubmission_file","id2":"sec1_1201656-reda srour_615998_assignsubmission_file","similarity":0.7360308285163777,"matches":[{"file1":"sec1_1220782-Aya Abdullah_616122_assignsubmission_file\\Driver.java","file2":"sec1_1201656-reda srour_615998_assignsubmission_file\\Driver.java","start1":2,"end1":38,"start2":6,"end2":40,"tokens":51},{"file1":"sec1_1220782-Aya Abdullah_616122_assignsubmission_file\\Check.java","file2":"sec1_1201656-reda srour_615998_assignsubmission_file\\Check.java","start1":27,"end1":61,"start2":45,"end2":78,"tokens":30},{"file1":"sec1_1220782-Aya Abdullah_616122_assignsubmission_file\\CustomerPayment.java","file2":"sec1_1201656-reda srour_615998_assignsubmission_file\\CustomerPayment.java","start1":12,"end1":34,"start2":22,"end2":52,"tokens":26},{"file1":"sec1_1220782-Aya Abdullah_616122_assignsubmission_file\\Check.java","file2":"sec1_1201656-reda srour_615998_assignsubmission_file\\Check.java","start1":3,"end1":18,"start2":3,"end2":21,"tokens":20},{"file1":"sec1_1220782-Aya Abdullah_616122_assignsubmission_file\\CreditCard.java","file2":"sec1_1201656-reda srour_615998_assignsubmission_file\\CreditCard.java","start1":10,"end1":27,"start2":29,"end2":51,"tokens":19},{"file1":"sec1_1220782-Aya Abdullah_616122_assignsubmission_file\\CreditCard.java","file2":"sec1_1201656-reda srour_615998_assignsubmission_file\\CreditCard.java","start1":2,"end1":9,"start2":3,"end2":12,"tokens":13},{"file1":"sec1_1220782-Aya Abdullah_616122_assignsubmission_file\\Cash.java","file2":"sec1_1201656-reda srour_615998_assignsubmission_file\\Cash.java","start1":9,"end1":23,"start2":22,"end2":36,"tokens":12},{"file1":"sec1_1220782-Aya Abdullah_616122_assignsubmission_file\\CustomerPayment.java","file2":"sec1_1201656-reda srour_615998_assignsubmission_file\\CustomerPayment.java","start1":3,"end1":11,"start2":3,"end2":11,"tokens":11},{"file1":"sec1_1220782-Aya Abdullah_616122_assignsubmission_file\\Cash.java","file2":"sec1_1201656-reda srour_615998_assignsubmission_file\\Cash.java","start1":3,"end1":8,"start2":3,"end2":9,"tokens":9}]}