{"id1":"sec1_1190244-waleed ayesh_616161_assignsubmission_file","id2":"sec1_1221371-Ahmad Sous_616133_assignsubmission_file","similarity":0.5935919055649241,"matches":[{"file1":"sec1_1190244-waleed ayesh_616161_assignsubmission_file\\Driver.java","file2":"sec1_1221371-Ahmad Sous_616133_assignsubmission_file\\Driver.java","start1":5,"end1":42,"start2":1,"end2":33,"tokens":45},{"file1":"sec1_1190244-waleed ayesh_616161_assignsubmission_file\\CustomerPayment.java","file2":"sec1_1221371-Ahmad Sous_616133_assignsubmission_file\\CustomerPayment.java","start1":15,"end1":55,"start2":12,"end2":60,"tokens":31},{"file1":"sec1_1190244-waleed ayesh_616161_assignsubmission_file\\CreditCard.java","file2":"sec1_1221371-Ahmad Sous_616133_assignsubmission_file\\CreditCard.java","start1":22,"end1":48,"start2":14,"end2":39,"tokens":26},{"file1":"sec1_1190244-waleed ayesh_616161_assignsubmission_file\\Check.java","file2":"sec1_1221371-Ahmad Sous_616133_assignsubmission_file\\Check.java","start1":30,"end1":49,"start2":30,"end2":47,"tokens":20},{"file1":"sec1_1190244-waleed ayesh_616161_assignsubmission_file\\Cash.java","file2":"sec1_1221371-Ahmad Sous_616133_assignsubmission_file\\Cash.java","start1":16,"end1":33,"start2":12,"end2":32,"tokens":17},{"file1":"sec1_1190244-waleed ayesh_616161_assignsubmission_file\\CustomerPayment.java","file2":"sec1_1221371-Ahmad Sous_616133_assignsubmission_file\\CustomerPayment.java","start1":55,"end1":64,"start2":71,"end2":78,"tokens":16},{"file1":"sec1_1190244-waleed ayesh_616161_assignsubmission_file\\Check.java","file2":"sec1_1221371-Ahmad Sous_616133_assignsubmission_file\\Check.java","start1":22,"end1":28,"start2":18,"end2":23,"tokens":11},{"file1":"sec1_1190244-waleed ayesh_616161_assignsubmission_file\\Check.java","file2":"sec1_1221371-Ahmad Sous_616133_assignsubmission_file\\Check.java","start1":5,"end1":20,"start2":1,"end2":14,"tokens":10}]}