{"id1":"sec1_1181680-Osama Hammoudeh_616154_assignsubmission_file","id2":"sec1_1222732-layan kahalf_616047_assignsubmission_file","similarity":0.7313432835820896,"matches":[{"file1":"sec1_1181680-Osama Hammoudeh_616154_assignsubmission_file\\Driver.java","file2":"sec1_1222732-layan kahalf_616047_assignsubmission_file\\Driver.java","start1":3,"end1":44,"start2":7,"end2":42,"tokens":49},{"file1":"sec1_1181680-Osama Hammoudeh_616154_assignsubmission_file\\Check.java","file2":"sec1_1222732-layan kahalf_616047_assignsubmission_file\\Check.java","start1":2,"end1":22,"start2":7,"end2":58,"tokens":25},{"file1":"sec1_1181680-Osama Hammoudeh_616154_assignsubmission_file\\CreditCard.java","file2":"sec1_1222732-layan kahalf_616047_assignsubmission_file\\CreditCard.java","start1":2,"end1":20,"start2":7,"end2":42,"tokens":21},{"file1":"sec1_1181680-Osama Hammoudeh_616154_assignsubmission_file\\Cash.java","file2":"sec1_1222732-layan kahalf_616047_assignsubmission_file\\Cash.java","start1":3,"end1":18,"start2":7,"end2":36,"tokens":17},{"file1":"sec1_1181680-Osama Hammoudeh_616154_assignsubmission_file\\CustomerPayment.java","file2":"sec1_1222732-layan kahalf_616047_assignsubmission_file\\CustomerPayment.java","start1":2,"end1":13,"start2":7,"end2":33,"tokens":14},{"file1":"sec1_1181680-Osama Hammoudeh_616154_assignsubmission_file\\Check.java","file2":"sec1_1222732-layan kahalf_616047_assignsubmission_file\\Check.java","start1":24,"end1":34,"start2":60,"end2":80,"tokens":12},{"file1":"sec1_1181680-Osama Hammoudeh_616154_assignsubmission_file\\CustomerPayment.java","file2":"sec1_1222732-layan kahalf_616047_assignsubmission_file\\CustomerPayment.java","start1":16,"end1":20,"start2":77,"end2":86,"tokens":9}]}