{"id1":"sec1_1221972-mohammed saada_616168_assignsubmission_file","id2":"sec1_1220965-Nagham Halloum_616141_assignsubmission_file","similarity":0.6729678638941399,"matches":[{"file1":"sec1_1221972-mohammed saada_616168_assignsubmission_file\\Driver.java","file2":"sec1_1220965-Nagham Halloum_616141_assignsubmission_file\\Driver.java","start1":7,"end1":56,"start2":2,"end2":35,"tokens":51},{"file1":"sec1_1221972-mohammed saada_616168_assignsubmission_file\\Check.java","file2":"sec1_1220965-Nagham Halloum_616141_assignsubmission_file\\Check.java","start1":26,"end1":63,"start2":14,"end2":49,"tokens":37},{"file1":"sec1_1221972-mohammed saada_616168_assignsubmission_file\\CustomerPayment.java","file2":"sec1_1220965-Nagham Halloum_616141_assignsubmission_file\\CustomerPayment.java","start1":20,"end1":59,"start2":12,"end2":43,"tokens":34},{"file1":"sec1_1221972-mohammed saada_616168_assignsubmission_file\\CreditCard.java","file2":"sec1_1220965-Nagham Halloum_616141_assignsubmission_file\\CreditCard.java","start1":20,"end1":48,"start2":9,"end2":35,"tokens":28},{"file1":"sec1_1221972-mohammed saada_616168_assignsubmission_file\\Cash.java","file2":"sec1_1220965-Nagham Halloum_616141_assignsubmission_file\\Cash.java","start1":17,"end1":36,"start2":7,"end2":23,"tokens":19},{"file1":"sec1_1221972-mohammed saada_616168_assignsubmission_file\\Check.java","file2":"sec1_1220965-Nagham Halloum_616141_assignsubmission_file\\Check.java","start1":9,"end1":22,"start2":2,"end2":13,"tokens":9}]}