{"id1":"sec1_1190244-waleed ayesh_616161_assignsubmission_file","id2":"sec1_1210567-Tala Abadi_615995_assignsubmission_file","similarity":0.6761565836298933,"matches":[{"file1":"sec1_1190244-waleed ayesh_616161_assignsubmission_file\\Check.java","file2":"sec1_1210567-Tala Abadi_615995_assignsubmission_file\\Check.java","start1":5,"end1":53,"start2":1,"end2":49,"tokens":45},{"file1":"sec1_1190244-waleed ayesh_616161_assignsubmission_file\\CreditCard.java","file2":"sec1_1210567-Tala Abadi_615995_assignsubmission_file\\CreditCard.java","start1":10,"end1":48,"start2":3,"end2":36,"tokens":32},{"file1":"sec1_1190244-waleed ayesh_616161_assignsubmission_file\\Driver.java","file2":"sec1_1210567-Tala Abadi_615995_assignsubmission_file\\Driver.java","start1":24,"end1":42,"start2":26,"end2":52,"tokens":27},{"file1":"sec1_1190244-waleed ayesh_616161_assignsubmission_file\\CustomerPayment.java","file2":"sec1_1210567-Tala Abadi_615995_assignsubmission_file\\CustomerPayment.java","start1":19,"end1":55,"start2":15,"end2":44,"tokens":26},{"file1":"sec1_1190244-waleed ayesh_616161_assignsubmission_file\\Cash.java","file2":"sec1_1210567-Tala Abadi_615995_assignsubmission_file\\Cash.java","start1":5,"end1":33,"start2":1,"end2":27,"tokens":22},{"file1":"sec1_1190244-waleed ayesh_616161_assignsubmission_file\\CustomerPayment.java","file2":"sec1_1210567-Tala Abadi_615995_assignsubmission_file\\CustomerPayment.java","start1":56,"end1":73,"start2":47,"end2":66,"tokens":20},{"file1":"sec1_1190244-waleed ayesh_616161_assignsubmission_file\\CreditCard.java","file2":"sec1_1210567-Tala Abadi_615995_assignsubmission_file\\Check.java","start1":57,"end1":67,"start2":57,"end2":67,"tokens":9},{"file1":"sec1_1190244-waleed ayesh_616161_assignsubmission_file\\Driver.java","file2":"sec1_1210567-Tala Abadi_615995_assignsubmission_file\\Driver.java","start1":5,"end1":15,"start2":5,"end2":16,"tokens":9}]}