{"id1":"sec1_1220686-Dareen Abualhaj_616179_assignsubmission_file","id2":"sec1_1200874-Kamel Aqel_616078_assignsubmission_file","similarity":0.6741154562383612,"matches":[{"file1":"sec1_1220686-Dareen Abualhaj_616179_assignsubmission_file\\CreditCard.java","file2":"sec1_1200874-Kamel Aqel_616078_assignsubmission_file\\CreditCard.java","start1":2,"end1":37,"start2":4,"end2":41,"tokens":37},{"file1":"sec1_1220686-Dareen Abualhaj_616179_assignsubmission_file\\Driver.java","file2":"sec1_1200874-Kamel Aqel_616078_assignsubmission_file\\Driver.java","start1":14,"end1":32,"start2":21,"end2":42,"tokens":33},{"file1":"sec1_1220686-Dareen Abualhaj_616179_assignsubmission_file\\CustomerPayment.java","file2":"sec1_1200874-Kamel Aqel_616078_assignsubmission_file\\Check.java","start1":17,"end1":47,"start2":27,"end2":54,"tokens":24},{"file1":"sec1_1220686-Dareen Abualhaj_616179_assignsubmission_file\\Check.java","file2":"sec1_1200874-Kamel Aqel_616078_assignsubmission_file\\CustomerPayment.java","start1":21,"end1":46,"start2":21,"end2":48,"tokens":23},{"file1":"sec1_1220686-Dareen Abualhaj_616179_assignsubmission_file\\Check.java","file2":"sec1_1200874-Kamel Aqel_616078_assignsubmission_file\\Check.java","start1":3,"end1":20,"start2":4,"end2":22,"tokens":20},{"file1":"sec1_1220686-Dareen Abualhaj_616179_assignsubmission_file\\Cash.java","file2":"sec1_1200874-Kamel Aqel_616078_assignsubmission_file\\Cash.java","start1":3,"end1":16,"start2":4,"end2":17,"tokens":13},{"file1":"sec1_1220686-Dareen Abualhaj_616179_assignsubmission_file\\Driver.java","file2":"sec1_1200874-Kamel Aqel_616078_assignsubmission_file\\Driver.java","start1":1,"end1":9,"start2":6,"end2":17,"tokens":12},{"file1":"sec1_1220686-Dareen Abualhaj_616179_assignsubmission_file\\CustomerPayment.java","file2":"sec1_1200874-Kamel Aqel_616078_assignsubmission_file\\CustomerPayment.java","start1":3,"end1":13,"start2":4,"end2":14,"tokens":10},{"file1":"sec1_1220686-Dareen Abualhaj_616179_assignsubmission_file\\Cash.java","file2":"sec1_1200874-Kamel Aqel_616078_assignsubmission_file\\Cash.java","start1":17,"end1":26,"start2":23,"end2":32,"tokens":9}]}