{"id1":"sec1_1220782-Aya Abdullah_616122_assignsubmission_file","id2":"sec1_1221972-mohammed saada_616168_assignsubmission_file","similarity":0.6784313725490196,"matches":[{"file1":"sec1_1220782-Aya Abdullah_616122_assignsubmission_file\\Driver.java","file2":"sec1_1221972-mohammed saada_616168_assignsubmission_file\\Driver.java","start1":2,"end1":38,"start2":7,"end2":56,"tokens":51},{"file1":"sec1_1220782-Aya Abdullah_616122_assignsubmission_file\\CreditCard.java","file2":"sec1_1221972-mohammed saada_616168_assignsubmission_file\\CreditCard.java","start1":6,"end1":30,"start2":23,"end2":54,"tokens":31},{"file1":"sec1_1220782-Aya Abdullah_616122_assignsubmission_file\\CustomerPayment.java","file2":"sec1_1221972-mohammed saada_616168_assignsubmission_file\\CustomerPayment.java","start1":7,"end1":31,"start2":19,"end2":51,"tokens":30},{"file1":"sec1_1220782-Aya Abdullah_616122_assignsubmission_file\\Check.java","file2":"sec1_1221972-mohammed saada_616168_assignsubmission_file\\Check.java","start1":31,"end1":63,"start2":34,"end2":67,"tokens":27},{"file1":"sec1_1220782-Aya Abdullah_616122_assignsubmission_file\\Cash.java","file2":"sec1_1221972-mohammed saada_616168_assignsubmission_file\\Cash.java","start1":6,"end1":46,"start2":20,"end2":45,"tokens":23},{"file1":"sec1_1220782-Aya Abdullah_616122_assignsubmission_file\\Check.java","file2":"sec1_1221972-mohammed saada_616168_assignsubmission_file\\Check.java","start1":11,"end1":15,"start2":29,"end2":33,"tokens":11}]}