{"id1":"sec1_1221806-manar zitawi_616019_assignsubmission_file","id2":"sec1_1190244-waleed ayesh_616161_assignsubmission_file","similarity":0.7235621521335807,"matches":[{"file1":"sec1_1221806-manar zitawi_616019_assignsubmission_file\\Driver.java","file2":"sec1_1190244-waleed ayesh_616161_assignsubmission_file\\Driver.java","start1":5,"end1":31,"start2":9,"end2":42,"tokens":42},{"file1":"sec1_1221806-manar zitawi_616019_assignsubmission_file\\CustomerPayment.java","file2":"sec1_1190244-waleed ayesh_616161_assignsubmission_file\\CustomerPayment.java","start1":4,"end1":45,"start2":5,"end2":55,"tokens":37},{"file1":"sec1_1221806-manar zitawi_616019_assignsubmission_file\\Check.java","file2":"sec1_1190244-waleed ayesh_616161_assignsubmission_file\\Check.java","start1":14,"end1":45,"start2":22,"end2":53,"tokens":35},{"file1":"sec1_1221806-manar zitawi_616019_assignsubmission_file\\CreditCard.java","file2":"sec1_1190244-waleed ayesh_616161_assignsubmission_file\\CreditCard.java","start1":13,"end1":36,"start2":22,"end2":48,"tokens":26},{"file1":"sec1_1221806-manar zitawi_616019_assignsubmission_file\\CustomerPayment.java","file2":"sec1_1190244-waleed ayesh_616161_assignsubmission_file\\CustomerPayment.java","start1":52,"end1":66,"start2":55,"end2":71,"tokens":20},{"file1":"sec1_1221806-manar zitawi_616019_assignsubmission_file\\Cash.java","file2":"sec1_1190244-waleed ayesh_616161_assignsubmission_file\\Cash.java","start1":11,"end1":26,"start2":16,"end2":33,"tokens":17},{"file1":"sec1_1221806-manar zitawi_616019_assignsubmission_file\\Check.java","file2":"sec1_1190244-waleed ayesh_616161_assignsubmission_file\\Check.java","start1":4,"end1":12,"start2":5,"end2":19,"tokens":9},{"file1":"sec1_1221806-manar zitawi_616019_assignsubmission_file\\Driver.java","file2":"sec1_1190244-waleed ayesh_616161_assignsubmission_file\\Driver.java","start1":32,"end1":39,"start2":44,"end2":50,"tokens":9}]}