{"id1":"sec1_1221972-mohammed saada_616168_assignsubmission_file","id2":"sec1_1220686-Dareen Abualhaj_616179_assignsubmission_file","similarity":0.6424474187380497,"matches":[{"file1":"sec1_1221972-mohammed saada_616168_assignsubmission_file\\Driver.java","file2":"sec1_1220686-Dareen Abualhaj_616179_assignsubmission_file\\Driver.java","start1":7,"end1":56,"start2":1,"end2":38,"tokens":51},{"file1":"sec1_1221972-mohammed saada_616168_assignsubmission_file\\Check.java","file2":"sec1_1220686-Dareen Abualhaj_616179_assignsubmission_file\\Check.java","start1":26,"end1":61,"start2":15,"end2":46,"tokens":35},{"file1":"sec1_1221972-mohammed saada_616168_assignsubmission_file\\CustomerPayment.java","file2":"sec1_1220686-Dareen Abualhaj_616179_assignsubmission_file\\CustomerPayment.java","start1":20,"end1":59,"start2":15,"end2":54,"tokens":34},{"file1":"sec1_1221972-mohammed saada_616168_assignsubmission_file\\CreditCard.java","file2":"sec1_1220686-Dareen Abualhaj_616179_assignsubmission_file\\CreditCard.java","start1":20,"end1":46,"start2":11,"end2":32,"tokens":27},{"file1":"sec1_1221972-mohammed saada_616168_assignsubmission_file\\Cash.java","file2":"sec1_1220686-Dareen Abualhaj_616179_assignsubmission_file\\Cash.java","start1":17,"end1":40,"start2":8,"end2":32,"tokens":21}]}