{"id1":"sec1_1211512-Masarra Alnubani_616110_assignsubmission_file","id2":"sec1_1221806-manar zitawi_616019_assignsubmission_file","similarity":0.7017543859649122,"matches":[{"file1":"sec1_1211512-Masarra Alnubani_616110_assignsubmission_file\\Driver.java","file2":"sec1_1221806-manar zitawi_616019_assignsubmission_file\\Driver.java","start1":8,"end1":46,"start2":5,"end2":39,"tokens":51},{"file1":"sec1_1211512-Masarra Alnubani_616110_assignsubmission_file\\Check.java","file2":"sec1_1221806-manar zitawi_616019_assignsubmission_file\\Check.java","start1":19,"end1":56,"start2":15,"end2":45,"tokens":34},{"file1":"sec1_1211512-Masarra Alnubani_616110_assignsubmission_file\\CustomerPayment.java","file2":"sec1_1221806-manar zitawi_616019_assignsubmission_file\\CustomerPayment.java","start1":12,"end1":42,"start2":16,"end2":45,"tokens":30},{"file1":"sec1_1211512-Masarra Alnubani_616110_assignsubmission_file\\CreditCard.java","file2":"sec1_1221806-manar zitawi_616019_assignsubmission_file\\CreditCard.java","start1":14,"end1":39,"start2":15,"end2":36,"tokens":26},{"file1":"sec1_1211512-Masarra Alnubani_616110_assignsubmission_file\\Cash.java","file2":"sec1_1221806-manar zitawi_616019_assignsubmission_file\\Cash.java","start1":8,"end1":30,"start2":13,"end2":38,"tokens":24},{"file1":"sec1_1211512-Masarra Alnubani_616110_assignsubmission_file\\Check.java","file2":"sec1_1221806-manar zitawi_616019_assignsubmission_file\\Check.java","start1":60,"end1":78,"start2":51,"end2":71,"tokens":15}]}