{"id1":"sec1_1222703-noor abdul rahman_616143_assignsubmission_file","id2":"sec1_1210442-Baha Abukhalil_616180_assignsubmission_file","similarity":0.603448275862069,"matches":[{"file1":"sec1_1222703-noor abdul rahman_616143_assignsubmission_file\\Check.java","file2":"sec1_1210442-Baha Abukhalil_616180_assignsubmission_file\\Check.java","start1":23,"end1":50,"start2":57,"end2":84,"tokens":24},{"file1":"sec1_1222703-noor abdul rahman_616143_assignsubmission_file\\CustomerPayment.java","file2":"sec1_1210442-Baha Abukhalil_616180_assignsubmission_file\\CustomerPayment.java","start1":20,"end1":49,"start2":23,"end2":50,"tokens":23},{"file1":"sec1_1222703-noor abdul rahman_616143_assignsubmission_file\\Check.java","file2":"sec1_1210442-Baha Abukhalil_616180_assignsubmission_file\\Check.java","start1":1,"end1":22,"start2":1,"end2":21,"tokens":20},{"file1":"sec1_1222703-noor abdul rahman_616143_assignsubmission_file\\CreditCard.java","file2":"sec1_1210442-Baha Abukhalil_616180_assignsubmission_file\\CreditCard.java","start1":18,"end1":42,"start2":40,"end2":65,"tokens":20},{"file1":"sec1_1222703-noor abdul rahman_616143_assignsubmission_file\\CreditCard.java","file2":"sec1_1210442-Baha Abukhalil_616180_assignsubmission_file\\CreditCard.java","start1":4,"end1":17,"start2":4,"end2":17,"tokens":15},{"file1":"sec1_1222703-noor abdul rahman_616143_assignsubmission_file\\Cash.java","file2":"sec1_1210442-Baha Abukhalil_616180_assignsubmission_file\\Check.java","start1":13,"end1":30,"start2":89,"end2":106,"tokens":15},{"file1":"sec1_1222703-noor abdul rahman_616143_assignsubmission_file\\Driver.java","file2":"sec1_1210442-Baha Abukhalil_616180_assignsubmission_file\\Driver.java","start1":1,"end1":18,"start2":2,"end2":16,"tokens":15},{"file1":"sec1_1222703-noor abdul rahman_616143_assignsubmission_file\\CustomerPayment.java","file2":"sec1_1210442-Baha Abukhalil_616180_assignsubmission_file\\CustomerPayment.java","start1":1,"end1":19,"start2":1,"end2":17,"tokens":14},{"file1":"sec1_1222703-noor abdul rahman_616143_assignsubmission_file\\Cash.java","file2":"sec1_1210442-Baha Abukhalil_616180_assignsubmission_file\\Cash.java","start1":1,"end1":12,"start2":1,"end2":12,"tokens":11},{"file1":"sec1_1222703-noor abdul rahman_616143_assignsubmission_file\\Driver.java","file2":"sec1_1210442-Baha Abukhalil_616180_assignsubmission_file\\Driver.java","start1":18,"end1":26,"start2":18,"end2":23,"tokens":9},{"file1":"sec1_1222703-noor abdul rahman_616143_assignsubmission_file\\Driver.java","file2":"sec1_1210442-Baha Abukhalil_616180_assignsubmission_file\\Driver.java","start1":39,"end1":44,"start2":36,"end2":42,"tokens":9}]}