{"id1":"sec1_1220433-Ilisar Kharoub_615989_assignsubmission_file","id2":"sec1_1221371-Ahmad Sous_616133_assignsubmission_file","similarity":0.6632653061224489,"matches":[{"file1":"sec1_1220433-Ilisar Kharoub_615989_assignsubmission_file\\Driver.java","file2":"sec1_1221371-Ahmad Sous_616133_assignsubmission_file\\Driver.java","start1":4,"end1":60,"start2":3,"end2":35,"tokens":50},{"file1":"sec1_1220433-Ilisar Kharoub_615989_assignsubmission_file\\CustomerPayment.java","file2":"sec1_1221371-Ahmad Sous_616133_assignsubmission_file\\CustomerPayment.java","start1":16,"end1":63,"start2":12,"end2":63,"tokens":36},{"file1":"sec1_1220433-Ilisar Kharoub_615989_assignsubmission_file\\CreditCard.java","file2":"sec1_1221371-Ahmad Sous_616133_assignsubmission_file\\CreditCard.java","start1":14,"end1":49,"start2":14,"end2":41,"tokens":28},{"file1":"sec1_1220433-Ilisar Kharoub_615989_assignsubmission_file\\CustomerPayment.java","file2":"sec1_1221371-Ahmad Sous_616133_assignsubmission_file\\CustomerPayment.java","start1":65,"end1":90,"start2":64,"end2":79,"tokens":23},{"file1":"sec1_1220433-Ilisar Kharoub_615989_assignsubmission_file\\Check.java","file2":"sec1_1221371-Ahmad Sous_616133_assignsubmission_file\\Check.java","start1":34,"end1":64,"start2":30,"end2":47,"tokens":20},{"file1":"sec1_1220433-Ilisar Kharoub_615989_assignsubmission_file\\Cash.java","file2":"sec1_1221371-Ahmad Sous_616133_assignsubmission_file\\Cash.java","start1":11,"end1":29,"start2":12,"end2":32,"tokens":18},{"file1":"sec1_1220433-Ilisar Kharoub_615989_assignsubmission_file\\Check.java","file2":"sec1_1221371-Ahmad Sous_616133_assignsubmission_file\\Check.java","start1":23,"end1":31,"start2":18,"end2":23,"tokens":11},{"file1":"sec1_1220433-Ilisar Kharoub_615989_assignsubmission_file\\Check.java","file2":"sec1_1221371-Ahmad Sous_616133_assignsubmission_file\\Check.java","start1":1,"end1":21,"start2":1,"end2":13,"tokens":9}]}