{"id1":"sec1_1220321-abdallah sadaqa_615968_assignsubmission_file","id2":"sec1_1211512-Masarra Alnubani_616110_assignsubmission_file","similarity":0.7089108910891089,"matches":[{"file1":"sec1_1220321-abdallah sadaqa_615968_assignsubmission_file\\Driver.java","file2":"sec1_1211512-Masarra Alnubani_616110_assignsubmission_file\\Driver.java","start1":5,"end1":42,"start2":5,"end2":46,"tokens":53},{"file1":"sec1_1220321-abdallah sadaqa_615968_assignsubmission_file\\Check.java","file2":"sec1_1211512-Masarra Alnubani_616110_assignsubmission_file\\Check.java","start1":3,"end1":44,"start2":3,"end2":56,"tokens":42},{"file1":"sec1_1220321-abdallah sadaqa_615968_assignsubmission_file\\CreditCard.java","file2":"sec1_1211512-Masarra Alnubani_616110_assignsubmission_file\\CreditCard.java","start1":4,"end1":43,"start2":6,"end2":39,"tokens":29},{"file1":"sec1_1220321-abdallah sadaqa_615968_assignsubmission_file\\CustomerPayment.java","file2":"sec1_1211512-Masarra Alnubani_616110_assignsubmission_file\\CustomerPayment.java","start1":19,"end1":61,"start2":16,"end2":42,"tokens":23},{"file1":"sec1_1220321-abdallah sadaqa_615968_assignsubmission_file\\Cash.java","file2":"sec1_1211512-Masarra Alnubani_616110_assignsubmission_file\\Cash.java","start1":3,"end1":24,"start2":3,"end2":21,"tokens":19},{"file1":"sec1_1220321-abdallah sadaqa_615968_assignsubmission_file\\CustomerPayment.java","file2":"sec1_1211512-Masarra Alnubani_616110_assignsubmission_file\\CustomerPayment.java","start1":2,"end1":15,"start2":3,"end2":15,"tokens":13}]}