{"id1":"sec1_1221806-manar zitawi_616019_assignsubmission_file","id2":"sec1_1220152-Abdallah Khawaja_616200_assignsubmission_file","similarity":0.6559139784946236,"matches":[{"file1":"sec1_1221806-manar zitawi_616019_assignsubmission_file\\Driver.java","file2":"sec1_1220152-Abdallah Khawaja_616200_assignsubmission_file\\Driver.java","start1":4,"end1":39,"start2":2,"end2":36,"tokens":52},{"file1":"sec1_1221806-manar zitawi_616019_assignsubmission_file\\Check.java","file2":"sec1_1220152-Abdallah Khawaja_616200_assignsubmission_file\\Check.java","start1":14,"end1":45,"start2":18,"end2":51,"tokens":35},{"file1":"sec1_1221806-manar zitawi_616019_assignsubmission_file\\CreditCard.java","file2":"sec1_1220152-Abdallah Khawaja_616200_assignsubmission_file\\CreditCard.java","start1":13,"end1":41,"start2":18,"end2":47,"tokens":30},{"file1":"sec1_1221806-manar zitawi_616019_assignsubmission_file\\CustomerPayment.java","file2":"sec1_1220152-Abdallah Khawaja_616200_assignsubmission_file\\CustomerPayment.java","start1":18,"end1":47,"start2":14,"end2":45,"tokens":28},{"file1":"sec1_1221806-manar zitawi_616019_assignsubmission_file\\Cash.java","file2":"sec1_1220152-Abdallah Khawaja_616200_assignsubmission_file\\Cash.java","start1":11,"end1":26,"start2":13,"end2":28,"tokens":18},{"file1":"sec1_1221806-manar zitawi_616019_assignsubmission_file\\CustomerPayment.java","file2":"sec1_1220152-Abdallah Khawaja_616200_assignsubmission_file\\CustomerPayment.java","start1":4,"end1":16,"start2":2,"end2":12,"tokens":11},{"file1":"sec1_1221806-manar zitawi_616019_assignsubmission_file\\Check.java","file2":"sec1_1220152-Abdallah Khawaja_616200_assignsubmission_file\\Check.java","start1":4,"end1":12,"start2":2,"end2":9,"tokens":9}]}