{"id1":"sec1_1220965-Nagham Halloum_616141_assignsubmission_file","id2":"sec1_1190244-waleed ayesh_616161_assignsubmission_file","similarity":0.7404718693284936,"matches":[{"file1":"sec1_1220965-Nagham Halloum_616141_assignsubmission_file\\Check.java","file2":"sec1_1190244-waleed ayesh_616161_assignsubmission_file\\Check.java","start1":2,"end1":47,"start2":7,"end2":53,"tokens":44},{"file1":"sec1_1220965-Nagham Halloum_616141_assignsubmission_file\\Driver.java","file2":"sec1_1190244-waleed ayesh_616161_assignsubmission_file\\Driver.java","start1":2,"end1":31,"start2":9,"end2":42,"tokens":42},{"file1":"sec1_1220965-Nagham Halloum_616141_assignsubmission_file\\CreditCard.java","file2":"sec1_1190244-waleed ayesh_616161_assignsubmission_file\\CreditCard.java","start1":1,"end1":33,"start2":10,"end2":48,"tokens":32},{"file1":"sec1_1220965-Nagham Halloum_616141_assignsubmission_file\\CustomerPayment.java","file2":"sec1_1190244-waleed ayesh_616161_assignsubmission_file\\CustomerPayment.java","start1":12,"end1":36,"start2":19,"end2":55,"tokens":26},{"file1":"sec1_1220965-Nagham Halloum_616141_assignsubmission_file\\Cash.java","file2":"sec1_1190244-waleed ayesh_616161_assignsubmission_file\\Cash.java","start1":2,"end1":21,"start2":7,"end2":33,"tokens":21},{"file1":"sec1_1220965-Nagham Halloum_616141_assignsubmission_file\\CustomerPayment.java","file2":"sec1_1190244-waleed ayesh_616161_assignsubmission_file\\CustomerPayment.java","start1":43,"end1":57,"start2":55,"end2":71,"tokens":20},{"file1":"sec1_1220965-Nagham Halloum_616141_assignsubmission_file\\CustomerPayment.java","file2":"sec1_1190244-waleed ayesh_616161_assignsubmission_file\\CustomerPayment.java","start1":2,"end1":10,"start2":7,"end2":18,"tokens":10},{"file1":"sec1_1220965-Nagham Halloum_616141_assignsubmission_file\\Driver.java","file2":"sec1_1190244-waleed ayesh_616161_assignsubmission_file\\Driver.java","start1":32,"end1":35,"start2":44,"end2":50,"tokens":9}]}