{"id1":"sec1_1220433-Ilisar Kharoub_615989_assignsubmission_file","id2":"sec1_1220152-Abdallah Khawaja_616200_assignsubmission_file","similarity":0.6585365853658537,"matches":[{"file1":"sec1_1220433-Ilisar Kharoub_615989_assignsubmission_file\\Driver.java","file2":"sec1_1220152-Abdallah Khawaja_616200_assignsubmission_file\\Driver.java","start1":6,"end1":71,"start2":4,"end2":36,"tokens":51},{"file1":"sec1_1220433-Ilisar Kharoub_615989_assignsubmission_file\\Check.java","file2":"sec1_1220152-Abdallah Khawaja_616200_assignsubmission_file\\Check.java","start1":23,"end1":69,"start2":18,"end2":51,"tokens":35},{"file1":"sec1_1220433-Ilisar Kharoub_615989_assignsubmission_file\\CreditCard.java","file2":"sec1_1220152-Abdallah Khawaja_616200_assignsubmission_file\\CreditCard.java","start1":14,"end1":49,"start2":18,"end2":44,"tokens":28},{"file1":"sec1_1220433-Ilisar Kharoub_615989_assignsubmission_file\\CustomerPayment.java","file2":"sec1_1220152-Abdallah Khawaja_616200_assignsubmission_file\\CustomerPayment.java","start1":19,"end1":55,"start2":14,"end2":45,"tokens":28},{"file1":"sec1_1220433-Ilisar Kharoub_615989_assignsubmission_file\\Cash.java","file2":"sec1_1220152-Abdallah Khawaja_616200_assignsubmission_file\\Cash.java","start1":11,"end1":29,"start2":13,"end2":28,"tokens":18},{"file1":"sec1_1220433-Ilisar Kharoub_615989_assignsubmission_file\\CustomerPayment.java","file2":"sec1_1220152-Abdallah Khawaja_616200_assignsubmission_file\\CustomerPayment.java","start1":1,"end1":17,"start2":2,"end2":12,"tokens":11},{"file1":"sec1_1220433-Ilisar Kharoub_615989_assignsubmission_file\\Check.java","file2":"sec1_1220152-Abdallah Khawaja_616200_assignsubmission_file\\Check.java","start1":1,"end1":21,"start2":2,"end2":9,"tokens":9},{"file1":"sec1_1220433-Ilisar Kharoub_615989_assignsubmission_file\\Check.java","file2":"sec1_1220152-Abdallah Khawaja_616200_assignsubmission_file\\Check.java","start1":74,"end1":88,"start2":51,"end2":62,"tokens":9}]}