{"id1":"sec1_1220152-Abdallah Khawaja_616200_assignsubmission_file","id2":"sec1_1222177-sadeen faqeeh_616153_assignsubmission_file","similarity":0.6006493506493507,"matches":[{"file1":"sec1_1220152-Abdallah Khawaja_616200_assignsubmission_file\\Driver.java","file2":"sec1_1222177-sadeen faqeeh_616153_assignsubmission_file\\Driver.java","start1":4,"end1":36,"start2":8,"end2":45,"tokens":51},{"file1":"sec1_1220152-Abdallah Khawaja_616200_assignsubmission_file\\Check.java","file2":"sec1_1222177-sadeen faqeeh_616153_assignsubmission_file\\Check.java","start1":18,"end1":51,"start2":16,"end2":44,"tokens":35},{"file1":"sec1_1220152-Abdallah Khawaja_616200_assignsubmission_file\\CreditCard.java","file2":"sec1_1222177-sadeen faqeeh_616153_assignsubmission_file\\CreditCard.java","start1":18,"end1":49,"start2":13,"end2":41,"tokens":33},{"file1":"sec1_1220152-Abdallah Khawaja_616200_assignsubmission_file\\CustomerPayment.java","file2":"sec1_1222177-sadeen faqeeh_616153_assignsubmission_file\\CustomerPayment.java","start1":14,"end1":45,"start2":14,"end2":43,"tokens":28},{"file1":"sec1_1220152-Abdallah Khawaja_616200_assignsubmission_file\\Cash.java","file2":"sec1_1222177-sadeen faqeeh_616153_assignsubmission_file\\Cash.java","start1":13,"end1":28,"start2":10,"end2":25,"tokens":18},{"file1":"sec1_1220152-Abdallah Khawaja_616200_assignsubmission_file\\CustomerPayment.java","file2":"sec1_1222177-sadeen faqeeh_616153_assignsubmission_file\\CustomerPayment.java","start1":2,"end1":12,"start2":4,"end2":13,"tokens":11},{"file1":"sec1_1220152-Abdallah Khawaja_616200_assignsubmission_file\\Check.java","file2":"sec1_1222177-sadeen faqeeh_616153_assignsubmission_file\\Check.java","start1":2,"end1":9,"start2":4,"end2":15,"tokens":9}]}