{"id1":"sec1_1220686-Dareen Abualhaj_616179_assignsubmission_file","id2":"sec1_1222177-sadeen faqeeh_616153_assignsubmission_file","similarity":0.6666666666666666,"matches":[{"file1":"sec1_1220686-Dareen Abualhaj_616179_assignsubmission_file\\Driver.java","file2":"sec1_1222177-sadeen faqeeh_616153_assignsubmission_file\\Driver.java","start1":1,"end1":38,"start2":8,"end2":45,"tokens":51},{"file1":"sec1_1220686-Dareen Abualhaj_616179_assignsubmission_file\\Check.java","file2":"sec1_1222177-sadeen faqeeh_616153_assignsubmission_file\\Check.java","start1":3,"end1":46,"start2":6,"end2":44,"tokens":43},{"file1":"sec1_1220686-Dareen Abualhaj_616179_assignsubmission_file\\CustomerPayment.java","file2":"sec1_1222177-sadeen faqeeh_616153_assignsubmission_file\\CustomerPayment.java","start1":15,"end1":51,"start2":14,"end2":45,"tokens":32},{"file1":"sec1_1220686-Dareen Abualhaj_616179_assignsubmission_file\\CreditCard.java","file2":"sec1_1222177-sadeen faqeeh_616153_assignsubmission_file\\CreditCard.java","start1":2,"end1":32,"start2":6,"end2":35,"tokens":32},{"file1":"sec1_1220686-Dareen Abualhaj_616179_assignsubmission_file\\Cash.java","file2":"sec1_1222177-sadeen faqeeh_616153_assignsubmission_file\\Cash.java","start1":3,"end1":34,"start2":6,"end2":31,"tokens":26},{"file1":"sec1_1220686-Dareen Abualhaj_616179_assignsubmission_file\\CustomerPayment.java","file2":"sec1_1222177-sadeen faqeeh_616153_assignsubmission_file\\CustomerPayment.java","start1":3,"end1":13,"start2":6,"end2":13,"tokens":10}]}