{"id1":"sec1_1221972-mohammed saada_616168_assignsubmission_file","id2":"sec1_1221806-manar zitawi_616019_assignsubmission_file","similarity":0.7195357833655706,"matches":[{"file1":"sec1_1221972-mohammed saada_616168_assignsubmission_file\\Driver.java","file2":"sec1_1221806-manar zitawi_616019_assignsubmission_file\\Driver.java","start1":6,"end1":56,"start2":4,"end2":39,"tokens":52},{"file1":"sec1_1221972-mohammed saada_616168_assignsubmission_file\\CustomerPayment.java","file2":"sec1_1221806-manar zitawi_616019_assignsubmission_file\\CustomerPayment.java","start1":17,"end1":59,"start2":14,"end2":52,"tokens":39},{"file1":"sec1_1221972-mohammed saada_616168_assignsubmission_file\\Check.java","file2":"sec1_1221806-manar zitawi_616019_assignsubmission_file\\Check.java","start1":26,"end1":61,"start2":14,"end2":45,"tokens":35},{"file1":"sec1_1221972-mohammed saada_616168_assignsubmission_file\\CreditCard.java","file2":"sec1_1221806-manar zitawi_616019_assignsubmission_file\\CreditCard.java","start1":20,"end1":52,"start2":13,"end2":41,"tokens":30},{"file1":"sec1_1221972-mohammed saada_616168_assignsubmission_file\\Cash.java","file2":"sec1_1221806-manar zitawi_616019_assignsubmission_file\\Cash.java","start1":17,"end1":40,"start2":11,"end2":31,"tokens":21},{"file1":"sec1_1221972-mohammed saada_616168_assignsubmission_file\\Check.java","file2":"sec1_1221806-manar zitawi_616019_assignsubmission_file\\Check.java","start1":6,"end1":21,"start2":4,"end2":12,"tokens":9}]}