{"id1":"sec1_1200874-Kamel Aqel_616078_assignsubmission_file","id2":"sec1_1210442-Baha Abukhalil_616180_assignsubmission_file","similarity":0.6241379310344828,"matches":[{"file1":"sec1_1200874-Kamel Aqel_616078_assignsubmission_file\\CustomerPayment.java","file2":"sec1_1210442-Baha Abukhalil_616180_assignsubmission_file\\CustomerPayment.java","start1":19,"end1":49,"start2":21,"end2":51,"tokens":27},{"file1":"sec1_1200874-Kamel Aqel_616078_assignsubmission_file\\Check.java","file2":"sec1_1210442-Baha Abukhalil_616180_assignsubmission_file\\Check.java","start1":27,"end1":54,"start2":73,"end2":100,"tokens":25},{"file1":"sec1_1200874-Kamel Aqel_616078_assignsubmission_file\\Check.java","file2":"sec1_1210442-Baha Abukhalil_616180_assignsubmission_file\\Check.java","start1":2,"end1":26,"start2":1,"end2":26,"tokens":23},{"file1":"sec1_1200874-Kamel Aqel_616078_assignsubmission_file\\CreditCard.java","file2":"sec1_1210442-Baha Abukhalil_616180_assignsubmission_file\\CreditCard.java","start1":4,"end1":21,"start2":4,"end2":21,"tokens":17},{"file1":"sec1_1200874-Kamel Aqel_616078_assignsubmission_file\\CreditCard.java","file2":"sec1_1210442-Baha Abukhalil_616180_assignsubmission_file\\CreditCard.java","start1":22,"end1":37,"start2":44,"end2":59,"tokens":15},{"file1":"sec1_1200874-Kamel Aqel_616078_assignsubmission_file\\Cash.java","file2":"sec1_1210442-Baha Abukhalil_616180_assignsubmission_file\\Cash.java","start1":2,"end1":17,"start2":1,"end2":17,"tokens":15},{"file1":"sec1_1200874-Kamel Aqel_616078_assignsubmission_file\\CustomerPayment.java","file2":"sec1_1210442-Baha Abukhalil_616180_assignsubmission_file\\CustomerPayment.java","start1":2,"end1":18,"start2":1,"end2":17,"tokens":14},{"file1":"sec1_1200874-Kamel Aqel_616078_assignsubmission_file\\Driver.java","file2":"sec1_1210442-Baha Abukhalil_616180_assignsubmission_file\\Driver.java","start1":4,"end1":16,"start2":5,"end2":16,"tokens":13},{"file1":"sec1_1200874-Kamel Aqel_616078_assignsubmission_file\\Cash.java","file2":"sec1_1210442-Baha Abukhalil_616180_assignsubmission_file\\Cash.java","start1":19,"end1":32,"start2":23,"end2":39,"tokens":12},{"file1":"sec1_1200874-Kamel Aqel_616078_assignsubmission_file\\CustomerPayment.java","file2":"sec1_1210442-Baha Abukhalil_616180_assignsubmission_file\\Check.java","start1":54,"end1":66,"start2":36,"end2":52,"tokens":11},{"file1":"sec1_1200874-Kamel Aqel_616078_assignsubmission_file\\Driver.java","file2":"sec1_1210442-Baha Abukhalil_616180_assignsubmission_file\\Driver.java","start1":36,"end1":41,"start2":36,"end2":42,"tokens":9}]}