{"id1":"sec1_1210567-Tala Abadi_615995_assignsubmission_file","id2":"sec1_1220153-Mohammed Khawaja_616061_assignsubmission_file","similarity":0.6459016393442623,"matches":[{"file1":"sec1_1210567-Tala Abadi_615995_assignsubmission_file\\Check.java","file2":"sec1_1220153-Mohammed Khawaja_616061_assignsubmission_file\\Check.java","start1":1,"end1":51,"start2":1,"end2":49,"tokens":47},{"file1":"sec1_1210567-Tala Abadi_615995_assignsubmission_file\\CreditCard.java","file2":"sec1_1220153-Mohammed Khawaja_616061_assignsubmission_file\\CreditCard.java","start1":1,"end1":36,"start2":1,"end2":36,"tokens":34},{"file1":"sec1_1210567-Tala Abadi_615995_assignsubmission_file\\CustomerPayment.java","file2":"sec1_1220153-Mohammed Khawaja_616061_assignsubmission_file\\CustomerPayment.java","start1":11,"end1":44,"start2":12,"end2":45,"tokens":32},{"file1":"sec1_1210567-Tala Abadi_615995_assignsubmission_file\\Driver.java","file2":"sec1_1220153-Mohammed Khawaja_616061_assignsubmission_file\\Driver.java","start1":26,"end1":55,"start2":16,"end2":32,"tokens":30},{"file1":"sec1_1210567-Tala Abadi_615995_assignsubmission_file\\Cash.java","file2":"sec1_1220153-Mohammed Khawaja_616061_assignsubmission_file\\Cash.java","start1":1,"end1":29,"start2":1,"end2":25,"tokens":24},{"file1":"sec1_1210567-Tala Abadi_615995_assignsubmission_file\\CustomerPayment.java","file2":"sec1_1220153-Mohammed Khawaja_616061_assignsubmission_file\\CustomerPayment.java","start1":44,"end1":63,"start2":48,"end2":64,"tokens":21},{"file1":"sec1_1210567-Tala Abadi_615995_assignsubmission_file\\Check.java","file2":"sec1_1220153-Mohammed Khawaja_616061_assignsubmission_file\\Cash.java","start1":61,"end1":70,"start2":26,"end2":34,"tokens":9}]}