{"id1":"sec1_1203152-Tamer Ballout_616090_assignsubmission_file","id2":"sec1_1222732-layan kahalf_616047_assignsubmission_file","similarity":0.628992628992629,"matches":[{"file1":"sec1_1203152-Tamer Ballout_616090_assignsubmission_file\\Driver.java","file2":"sec1_1222732-layan kahalf_616047_assignsubmission_file\\Driver.java","start1":3,"end1":38,"start2":12,"end2":49,"tokens":51},{"file1":"sec1_1203152-Tamer Ballout_616090_assignsubmission_file\\Check.java","file2":"sec1_1222732-layan kahalf_616047_assignsubmission_file\\Check.java","start1":1,"end1":19,"start2":7,"end2":52,"tokens":22},{"file1":"sec1_1203152-Tamer Ballout_616090_assignsubmission_file\\CreditCard.java","file2":"sec1_1222732-layan kahalf_616047_assignsubmission_file\\CreditCard.java","start1":1,"end1":17,"start2":7,"end2":37,"tokens":18},{"file1":"sec1_1203152-Tamer Ballout_616090_assignsubmission_file\\CustomerPayment.java","file2":"sec1_1222732-layan kahalf_616047_assignsubmission_file\\CustomerPayment.java","start1":1,"end1":14,"start2":7,"end2":33,"tokens":14},{"file1":"sec1_1203152-Tamer Ballout_616090_assignsubmission_file\\Cash.java","file2":"sec1_1222732-layan kahalf_616047_assignsubmission_file\\Cash.java","start1":1,"end1":13,"start2":7,"end2":32,"tokens":14},{"file1":"sec1_1203152-Tamer Ballout_616090_assignsubmission_file\\CustomerPayment.java","file2":"sec1_1222732-layan kahalf_616047_assignsubmission_file\\CustomerPayment.java","start1":17,"end1":28,"start2":34,"end2":48,"tokens":9}]}