{"id1":"sec1_1190244-waleed ayesh_616161_assignsubmission_file","id2":"sec1_1220153-Mohammed Khawaja_616061_assignsubmission_file","similarity":0.6414473684210527,"matches":[{"file1":"sec1_1190244-waleed ayesh_616161_assignsubmission_file\\Check.java","file2":"sec1_1220153-Mohammed Khawaja_616061_assignsubmission_file\\Check.java","start1":5,"end1":53,"start2":1,"end2":47,"tokens":45},{"file1":"sec1_1190244-waleed ayesh_616161_assignsubmission_file\\Driver.java","file2":"sec1_1220153-Mohammed Khawaja_616061_assignsubmission_file\\Driver.java","start1":9,"end1":42,"start2":3,"end2":31,"tokens":42},{"file1":"sec1_1190244-waleed ayesh_616161_assignsubmission_file\\CreditCard.java","file2":"sec1_1220153-Mohammed Khawaja_616061_assignsubmission_file\\CreditCard.java","start1":10,"end1":48,"start2":3,"end2":36,"tokens":32},{"file1":"sec1_1190244-waleed ayesh_616161_assignsubmission_file\\CustomerPayment.java","file2":"sec1_1220153-Mohammed Khawaja_616061_assignsubmission_file\\CustomerPayment.java","start1":19,"end1":55,"start2":16,"end2":45,"tokens":26},{"file1":"sec1_1190244-waleed ayesh_616161_assignsubmission_file\\Cash.java","file2":"sec1_1220153-Mohammed Khawaja_616061_assignsubmission_file\\Cash.java","start1":5,"end1":33,"start2":1,"end2":23,"tokens":22},{"file1":"sec1_1190244-waleed ayesh_616161_assignsubmission_file\\CustomerPayment.java","file2":"sec1_1220153-Mohammed Khawaja_616061_assignsubmission_file\\CustomerPayment.java","start1":56,"end1":71,"start2":50,"end2":64,"tokens":19},{"file1":"sec1_1190244-waleed ayesh_616161_assignsubmission_file\\Driver.java","file2":"sec1_1220153-Mohammed Khawaja_616061_assignsubmission_file\\Driver.java","start1":44,"end1":50,"start2":32,"end2":37,"tokens":9}]}