{"id1":"sec1_1220686-Dareen Abualhaj_616179_assignsubmission_file","id2":"sec1_1220152-Abdallah Khawaja_616200_assignsubmission_file","similarity":0.6028368794326241,"matches":[{"file1":"sec1_1220686-Dareen Abualhaj_616179_assignsubmission_file\\Driver.java","file2":"sec1_1220152-Abdallah Khawaja_616200_assignsubmission_file\\Driver.java","start1":1,"end1":38,"start2":4,"end2":36,"tokens":51},{"file1":"sec1_1220686-Dareen Abualhaj_616179_assignsubmission_file\\CustomerPayment.java","file2":"sec1_1220152-Abdallah Khawaja_616200_assignsubmission_file\\CustomerPayment.java","start1":3,"end1":49,"start2":3,"end2":45,"tokens":39},{"file1":"sec1_1220686-Dareen Abualhaj_616179_assignsubmission_file\\Check.java","file2":"sec1_1220152-Abdallah Khawaja_616200_assignsubmission_file\\Check.java","start1":15,"end1":46,"start2":18,"end2":51,"tokens":35},{"file1":"sec1_1220686-Dareen Abualhaj_616179_assignsubmission_file\\CreditCard.java","file2":"sec1_1220152-Abdallah Khawaja_616200_assignsubmission_file\\CreditCard.java","start1":11,"end1":32,"start2":18,"end2":42,"tokens":27},{"file1":"sec1_1220686-Dareen Abualhaj_616179_assignsubmission_file\\Cash.java","file2":"sec1_1220152-Abdallah Khawaja_616200_assignsubmission_file\\Cash.java","start1":8,"end1":23,"start2":13,"end2":28,"tokens":18}]}