{"id1":"sec1_1220321-abdallah sadaqa_615968_assignsubmission_file","id2":"sec1_1220965-Nagham Halloum_616141_assignsubmission_file","similarity":0.6168582375478927,"matches":[{"file1":"sec1_1220321-abdallah sadaqa_615968_assignsubmission_file\\Driver.java","file2":"sec1_1220965-Nagham Halloum_616141_assignsubmission_file\\Driver.java","start1":7,"end1":42,"start2":2,"end2":35,"tokens":51},{"file1":"sec1_1220321-abdallah sadaqa_615968_assignsubmission_file\\Check.java","file2":"sec1_1220965-Nagham Halloum_616141_assignsubmission_file\\Check.java","start1":13,"end1":44,"start2":16,"end2":47,"tokens":34},{"file1":"sec1_1220321-abdallah sadaqa_615968_assignsubmission_file\\CreditCard.java","file2":"sec1_1220965-Nagham Halloum_616141_assignsubmission_file\\CreditCard.java","start1":13,"end1":43,"start2":11,"end2":33,"tokens":25},{"file1":"sec1_1220321-abdallah sadaqa_615968_assignsubmission_file\\CustomerPayment.java","file2":"sec1_1220965-Nagham Halloum_616141_assignsubmission_file\\CustomerPayment.java","start1":19,"end1":61,"start2":15,"end2":36,"tokens":23},{"file1":"sec1_1220321-abdallah sadaqa_615968_assignsubmission_file\\Cash.java","file2":"sec1_1220965-Nagham Halloum_616141_assignsubmission_file\\Cash.java","start1":9,"end1":24,"start2":9,"end2":21,"tokens":16},{"file1":"sec1_1220321-abdallah sadaqa_615968_assignsubmission_file\\Check.java","file2":"sec1_1220965-Nagham Halloum_616141_assignsubmission_file\\Check.java","start1":54,"end1":68,"start2":60,"end2":73,"tokens":12}]}