{"id1":"sec1_1220686-Dareen Abualhaj_616179_assignsubmission_file","id2":"sec1_1190244-waleed ayesh_616161_assignsubmission_file","similarity":0.7155963302752294,"matches":[{"file1":"sec1_1220686-Dareen Abualhaj_616179_assignsubmission_file\\Driver.java","file2":"sec1_1190244-waleed ayesh_616161_assignsubmission_file\\Driver.java","start1":1,"end1":30,"start2":9,"end2":42,"tokens":42},{"file1":"sec1_1220686-Dareen Abualhaj_616179_assignsubmission_file\\Check.java","file2":"sec1_1190244-waleed ayesh_616161_assignsubmission_file\\Check.java","start1":15,"end1":46,"start2":22,"end2":53,"tokens":35},{"file1":"sec1_1220686-Dareen Abualhaj_616179_assignsubmission_file\\CustomerPayment.java","file2":"sec1_1190244-waleed ayesh_616161_assignsubmission_file\\CustomerPayment.java","start1":15,"end1":47,"start2":19,"end2":55,"tokens":26},{"file1":"sec1_1220686-Dareen Abualhaj_616179_assignsubmission_file\\CreditCard.java","file2":"sec1_1190244-waleed ayesh_616161_assignsubmission_file\\CreditCard.java","start1":11,"end1":32,"start2":22,"end2":48,"tokens":26},{"file1":"sec1_1220686-Dareen Abualhaj_616179_assignsubmission_file\\CustomerPayment.java","file2":"sec1_1190244-waleed ayesh_616161_assignsubmission_file\\CustomerPayment.java","start1":54,"end1":72,"start2":55,"end2":71,"tokens":20},{"file1":"sec1_1220686-Dareen Abualhaj_616179_assignsubmission_file\\Cash.java","file2":"sec1_1190244-waleed ayesh_616161_assignsubmission_file\\Cash.java","start1":8,"end1":23,"start2":16,"end2":33,"tokens":17},{"file1":"sec1_1220686-Dareen Abualhaj_616179_assignsubmission_file\\CustomerPayment.java","file2":"sec1_1190244-waleed ayesh_616161_assignsubmission_file\\CustomerPayment.java","start1":3,"end1":13,"start2":7,"end2":18,"tokens":10},{"file1":"sec1_1220686-Dareen Abualhaj_616179_assignsubmission_file\\CreditCard.java","file2":"sec1_1190244-waleed ayesh_616161_assignsubmission_file\\CreditCard.java","start1":32,"end1":44,"start2":53,"end2":64,"tokens":10},{"file1":"sec1_1220686-Dareen Abualhaj_616179_assignsubmission_file\\Driver.java","file2":"sec1_1190244-waleed ayesh_616161_assignsubmission_file\\Driver.java","start1":31,"end1":38,"start2":44,"end2":50,"tokens":9}]}