{"id1":"sec1_1211512-Masarra Alnubani_616110_assignsubmission_file","id2":"sec1_1220965-Nagham Halloum_616141_assignsubmission_file","similarity":0.5942857142857143,"matches":[{"file1":"sec1_1211512-Masarra Alnubani_616110_assignsubmission_file\\Driver.java","file2":"sec1_1220965-Nagham Halloum_616141_assignsubmission_file\\Driver.java","start1":8,"end1":46,"start2":2,"end2":35,"tokens":51},{"file1":"sec1_1211512-Masarra Alnubani_616110_assignsubmission_file\\Check.java","file2":"sec1_1220965-Nagham Halloum_616141_assignsubmission_file\\Check.java","start1":19,"end1":56,"start2":16,"end2":47,"tokens":35},{"file1":"sec1_1211512-Masarra Alnubani_616110_assignsubmission_file\\CustomerPayment.java","file2":"sec1_1220965-Nagham Halloum_616141_assignsubmission_file\\CustomerPayment.java","start1":13,"end1":42,"start2":12,"end2":36,"tokens":26},{"file1":"sec1_1211512-Masarra Alnubani_616110_assignsubmission_file\\CreditCard.java","file2":"sec1_1220965-Nagham Halloum_616141_assignsubmission_file\\CreditCard.java","start1":14,"end1":39,"start2":11,"end2":33,"tokens":26},{"file1":"sec1_1211512-Masarra Alnubani_616110_assignsubmission_file\\Cash.java","file2":"sec1_1220965-Nagham Halloum_616141_assignsubmission_file\\Cash.java","start1":8,"end1":23,"start2":9,"end2":23,"tokens":18}]}