{"id1":"sec1_1221806-manar zitawi_616019_assignsubmission_file","id2":"sec1_1210442-Baha Abukhalil_616180_assignsubmission_file","similarity":0.6031746031746031,"matches":[{"file1":"sec1_1221806-manar zitawi_616019_assignsubmission_file\\Check.java","file2":"sec1_1210442-Baha Abukhalil_616180_assignsubmission_file\\Check.java","start1":19,"end1":45,"start2":57,"end2":84,"tokens":24},{"file1":"sec1_1221806-manar zitawi_616019_assignsubmission_file\\CustomerPayment.java","file2":"sec1_1210442-Baha Abukhalil_616180_assignsubmission_file\\CustomerPayment.java","start1":21,"end1":45,"start2":23,"end2":50,"tokens":23},{"file1":"sec1_1221806-manar zitawi_616019_assignsubmission_file\\CreditCard.java","file2":"sec1_1210442-Baha Abukhalil_616180_assignsubmission_file\\CreditCard.java","start1":19,"end1":41,"start2":40,"end2":65,"tokens":20},{"file1":"sec1_1221806-manar zitawi_616019_assignsubmission_file\\Check.java","file2":"sec1_1210442-Baha Abukhalil_616180_assignsubmission_file\\Check.java","start1":4,"end1":18,"start2":1,"end2":21,"tokens":20},{"file1":"sec1_1221806-manar zitawi_616019_assignsubmission_file\\CreditCard.java","file2":"sec1_1210442-Baha Abukhalil_616180_assignsubmission_file\\CreditCard.java","start1":6,"end1":18,"start2":4,"end2":17,"tokens":15},{"file1":"sec1_1221806-manar zitawi_616019_assignsubmission_file\\Cash.java","file2":"sec1_1210442-Baha Abukhalil_616180_assignsubmission_file\\Check.java","start1":15,"end1":31,"start2":89,"end2":106,"tokens":15},{"file1":"sec1_1221806-manar zitawi_616019_assignsubmission_file\\CustomerPayment.java","file2":"sec1_1210442-Baha Abukhalil_616180_assignsubmission_file\\CustomerPayment.java","start1":4,"end1":20,"start2":1,"end2":17,"tokens":14},{"file1":"sec1_1221806-manar zitawi_616019_assignsubmission_file\\Cash.java","file2":"sec1_1210442-Baha Abukhalil_616180_assignsubmission_file\\Cash.java","start1":4,"end1":14,"start2":1,"end2":12,"tokens":11},{"file1":"sec1_1221806-manar zitawi_616019_assignsubmission_file\\Driver.java","file2":"sec1_1210442-Baha Abukhalil_616180_assignsubmission_file\\Driver.java","start1":5,"end1":11,"start2":7,"end2":16,"tokens":11},{"file1":"sec1_1221806-manar zitawi_616019_assignsubmission_file\\Driver.java","file2":"sec1_1210442-Baha Abukhalil_616180_assignsubmission_file\\Driver.java","start1":11,"end1":18,"start2":18,"end2":23,"tokens":9},{"file1":"sec1_1221806-manar zitawi_616019_assignsubmission_file\\Driver.java","file2":"sec1_1210442-Baha Abukhalil_616180_assignsubmission_file\\Driver.java","start1":29,"end1":32,"start2":36,"end2":42,"tokens":9}]}