{"id1":"sec1_1220782-Aya Abdullah_616122_assignsubmission_file","id2":"sec1_1220433-Ilisar Kharoub_615989_assignsubmission_file","similarity":0.6755218216318786,"matches":[{"file1":"sec1_1220782-Aya Abdullah_616122_assignsubmission_file\\Driver.java","file2":"sec1_1220433-Ilisar Kharoub_615989_assignsubmission_file\\Driver.java","start1":2,"end1":38,"start2":6,"end2":71,"tokens":51},{"file1":"sec1_1220782-Aya Abdullah_616122_assignsubmission_file\\CustomerPayment.java","file2":"sec1_1220433-Ilisar Kharoub_615989_assignsubmission_file\\CustomerPayment.java","start1":7,"end1":31,"start2":17,"end2":51,"tokens":30},{"file1":"sec1_1220782-Aya Abdullah_616122_assignsubmission_file\\CreditCard.java","file2":"sec1_1220433-Ilisar Kharoub_615989_assignsubmission_file\\CreditCard.java","start1":6,"end1":25,"start2":16,"end2":49,"tokens":27},{"file1":"sec1_1220782-Aya Abdullah_616122_assignsubmission_file\\Check.java","file2":"sec1_1220433-Ilisar Kharoub_615989_assignsubmission_file\\Check.java","start1":31,"end1":57,"start2":34,"end2":69,"tokens":23},{"file1":"sec1_1220782-Aya Abdullah_616122_assignsubmission_file\\Cash.java","file2":"sec1_1220433-Ilisar Kharoub_615989_assignsubmission_file\\Cash.java","start1":6,"end1":24,"start2":12,"end2":34,"tokens":20},{"file1":"sec1_1220782-Aya Abdullah_616122_assignsubmission_file\\CustomerPayment.java","file2":"sec1_1220433-Ilisar Kharoub_615989_assignsubmission_file\\CustomerPayment.java","start1":40,"end1":62,"start2":75,"end2":90,"tokens":16},{"file1":"sec1_1220782-Aya Abdullah_616122_assignsubmission_file\\Check.java","file2":"sec1_1220433-Ilisar Kharoub_615989_assignsubmission_file\\Check.java","start1":11,"end1":15,"start2":25,"end2":33,"tokens":11}]}