{"id1":"sec1_1220782-Aya Abdullah_616122_assignsubmission_file","id2":"sec1_1190244-waleed ayesh_616161_assignsubmission_file","similarity":0.6466165413533834,"matches":[{"file1":"sec1_1220782-Aya Abdullah_616122_assignsubmission_file\\Driver.java","file2":"sec1_1190244-waleed ayesh_616161_assignsubmission_file\\Driver.java","start1":2,"end1":30,"start2":9,"end2":42,"tokens":42},{"file1":"sec1_1220782-Aya Abdullah_616122_assignsubmission_file\\CustomerPayment.java","file2":"sec1_1190244-waleed ayesh_616161_assignsubmission_file\\CustomerPayment.java","start1":7,"end1":31,"start2":18,"end2":55,"tokens":31},{"file1":"sec1_1220782-Aya Abdullah_616122_assignsubmission_file\\CreditCard.java","file2":"sec1_1190244-waleed ayesh_616161_assignsubmission_file\\CreditCard.java","start1":6,"end1":23,"start2":26,"end2":48,"tokens":25},{"file1":"sec1_1220782-Aya Abdullah_616122_assignsubmission_file\\Check.java","file2":"sec1_1190244-waleed ayesh_616161_assignsubmission_file\\Check.java","start1":31,"end1":57,"start2":30,"end2":53,"tokens":23},{"file1":"sec1_1220782-Aya Abdullah_616122_assignsubmission_file\\Cash.java","file2":"sec1_1190244-waleed ayesh_616161_assignsubmission_file\\Cash.java","start1":6,"end1":19,"start2":19,"end2":33,"tokens":16},{"file1":"sec1_1220782-Aya Abdullah_616122_assignsubmission_file\\CustomerPayment.java","file2":"sec1_1190244-waleed ayesh_616161_assignsubmission_file\\CustomerPayment.java","start1":40,"end1":48,"start2":56,"end2":64,"tokens":15},{"file1":"sec1_1220782-Aya Abdullah_616122_assignsubmission_file\\Check.java","file2":"sec1_1190244-waleed ayesh_616161_assignsubmission_file\\Check.java","start1":11,"end1":15,"start2":25,"end2":29,"tokens":11},{"file1":"sec1_1220782-Aya Abdullah_616122_assignsubmission_file\\Driver.java","file2":"sec1_1190244-waleed ayesh_616161_assignsubmission_file\\Driver.java","start1":31,"end1":38,"start2":44,"end2":50,"tokens":9}]}