{"id1":"sec1_1221972-mohammed saada_616168_assignsubmission_file","id2":"sec1_1221371-Ahmad Sous_616133_assignsubmission_file","similarity":0.7180385288966725,"matches":[{"file1":"sec1_1221972-mohammed saada_616168_assignsubmission_file\\CustomerPayment.java","file2":"sec1_1221371-Ahmad Sous_616133_assignsubmission_file\\CustomerPayment.java","start1":6,"end1":67,"start2":1,"end2":71,"tokens":49},{"file1":"sec1_1221972-mohammed saada_616168_assignsubmission_file\\Driver.java","file2":"sec1_1221371-Ahmad Sous_616133_assignsubmission_file\\Driver.java","start1":7,"end1":52,"start2":5,"end2":35,"tokens":48},{"file1":"sec1_1221972-mohammed saada_616168_assignsubmission_file\\CreditCard.java","file2":"sec1_1221371-Ahmad Sous_616133_assignsubmission_file\\CreditCard.java","start1":6,"end1":52,"start2":1,"end2":44,"tokens":40},{"file1":"sec1_1221972-mohammed saada_616168_assignsubmission_file\\Check.java","file2":"sec1_1221371-Ahmad Sous_616133_assignsubmission_file\\Check.java","start1":6,"end1":32,"start2":1,"end2":23,"tokens":24},{"file1":"sec1_1221972-mohammed saada_616168_assignsubmission_file\\Cash.java","file2":"sec1_1221371-Ahmad Sous_616133_assignsubmission_file\\Cash.java","start1":6,"end1":34,"start2":1,"end2":32,"tokens":24},{"file1":"sec1_1221972-mohammed saada_616168_assignsubmission_file\\Check.java","file2":"sec1_1221371-Ahmad Sous_616133_assignsubmission_file\\Check.java","start1":34,"end1":57,"start2":30,"end2":47,"tokens":20}]}