{"id1":"sec1_1222703-noor abdul rahman_616143_assignsubmission_file","id2":"sec1_1220153-Mohammed Khawaja_616061_assignsubmission_file","similarity":0.6366666666666667,"matches":[{"file1":"sec1_1222703-noor abdul rahman_616143_assignsubmission_file\\Driver.java","file2":"sec1_1220153-Mohammed Khawaja_616061_assignsubmission_file\\Driver.java","start1":7,"end1":88,"start2":3,"end2":37,"tokens":51},{"file1":"sec1_1222703-noor abdul rahman_616143_assignsubmission_file\\Check.java","file2":"sec1_1220153-Mohammed Khawaja_616061_assignsubmission_file\\Check.java","start1":17,"end1":58,"start2":13,"end2":55,"tokens":42},{"file1":"sec1_1222703-noor abdul rahman_616143_assignsubmission_file\\CreditCard.java","file2":"sec1_1220153-Mohammed Khawaja_616061_assignsubmission_file\\CreditCard.java","start1":12,"end1":38,"start2":12,"end2":38,"tokens":28},{"file1":"sec1_1222703-noor abdul rahman_616143_assignsubmission_file\\CustomerPayment.java","file2":"sec1_1220153-Mohammed Khawaja_616061_assignsubmission_file\\CustomerPayment.java","start1":17,"end1":49,"start2":16,"end2":45,"tokens":26},{"file1":"sec1_1222703-noor abdul rahman_616143_assignsubmission_file\\Cash.java","file2":"sec1_1220153-Mohammed Khawaja_616061_assignsubmission_file\\Cash.java","start1":9,"end1":24,"start2":8,"end2":23,"tokens":18},{"file1":"sec1_1222703-noor abdul rahman_616143_assignsubmission_file\\CustomerPayment.java","file2":"sec1_1220153-Mohammed Khawaja_616061_assignsubmission_file\\CustomerPayment.java","start1":58,"end1":64,"start2":48,"end2":59,"tokens":17},{"file1":"sec1_1222703-noor abdul rahman_616143_assignsubmission_file\\Check.java","file2":"sec1_1220153-Mohammed Khawaja_616061_assignsubmission_file\\Check.java","start1":1,"end1":15,"start2":1,"end2":11,"tokens":9}]}