{"id1":"sec1_1201656-reda srour_615998_assignsubmission_file","id2":"sec1_1200874-Kamel Aqel_616078_assignsubmission_file","similarity":0.6159554730983302,"matches":[{"file1":"sec1_1201656-reda srour_615998_assignsubmission_file\\Driver.java","file2":"sec1_1200874-Kamel Aqel_616078_assignsubmission_file\\Driver.java","start1":19,"end1":37,"start2":21,"end2":42,"tokens":33},{"file1":"sec1_1201656-reda srour_615998_assignsubmission_file\\CustomerPayment.java","file2":"sec1_1200874-Kamel Aqel_616078_assignsubmission_file\\Check.java","start1":22,"end1":48,"start2":28,"end2":54,"tokens":24},{"file1":"sec1_1201656-reda srour_615998_assignsubmission_file\\Check.java","file2":"sec1_1200874-Kamel Aqel_616078_assignsubmission_file\\CustomerPayment.java","start1":48,"end1":74,"start2":21,"end2":48,"tokens":24},{"file1":"sec1_1201656-reda srour_615998_assignsubmission_file\\CreditCard.java","file2":"sec1_1200874-Kamel Aqel_616078_assignsubmission_file\\CreditCard.java","start1":29,"end1":47,"start2":19,"end2":37,"tokens":17},{"file1":"sec1_1201656-reda srour_615998_assignsubmission_file\\Driver.java","file2":"sec1_1200874-Kamel Aqel_616078_assignsubmission_file\\Driver.java","start1":1,"end1":14,"start2":2,"end2":17,"tokens":15},{"file1":"sec1_1201656-reda srour_615998_assignsubmission_file\\Cash.java","file2":"sec1_1200874-Kamel Aqel_616078_assignsubmission_file\\Cash.java","start1":7,"end1":18,"start2":12,"end2":22,"tokens":13},{"file1":"sec1_1201656-reda srour_615998_assignsubmission_file\\Check.java","file2":"sec1_1200874-Kamel Aqel_616078_assignsubmission_file\\Check.java","start1":13,"end1":21,"start2":17,"end2":26,"tokens":13},{"file1":"sec1_1201656-reda srour_615998_assignsubmission_file\\CustomerPayment.java","file2":"sec1_1200874-Kamel Aqel_616078_assignsubmission_file\\CustomerPayment.java","start1":8,"end1":14,"start2":14,"end2":21,"tokens":9},{"file1":"sec1_1201656-reda srour_615998_assignsubmission_file\\Cash.java","file2":"sec1_1200874-Kamel Aqel_616078_assignsubmission_file\\Cash.java","start1":25,"end1":34,"start2":23,"end2":32,"tokens":9},{"file1":"sec1_1201656-reda srour_615998_assignsubmission_file\\CreditCard.java","file2":"sec1_1200874-Kamel Aqel_616078_assignsubmission_file\\CreditCard.java","start1":9,"end1":12,"start2":15,"end2":18,"tokens":9}]}