{"id1":"sec1_1190244-waleed ayesh_616161_assignsubmission_file","id2":"sec1_1220152-Abdallah Khawaja_616200_assignsubmission_file","similarity":0.6044905008635578,"matches":[{"file1":"sec1_1190244-waleed ayesh_616161_assignsubmission_file\\Driver.java","file2":"sec1_1220152-Abdallah Khawaja_616200_assignsubmission_file\\Driver.java","start1":9,"end1":42,"start2":4,"end2":31,"tokens":42},{"file1":"sec1_1190244-waleed ayesh_616161_assignsubmission_file\\Check.java","file2":"sec1_1220152-Abdallah Khawaja_616200_assignsubmission_file\\Check.java","start1":22,"end1":53,"start2":18,"end2":51,"tokens":35},{"file1":"sec1_1190244-waleed ayesh_616161_assignsubmission_file\\CreditCard.java","file2":"sec1_1220152-Abdallah Khawaja_616200_assignsubmission_file\\CreditCard.java","start1":22,"end1":48,"start2":18,"end2":42,"tokens":26},{"file1":"sec1_1190244-waleed ayesh_616161_assignsubmission_file\\CustomerPayment.java","file2":"sec1_1220152-Abdallah Khawaja_616200_assignsubmission_file\\CustomerPayment.java","start1":19,"end1":55,"start2":14,"end2":43,"tokens":26},{"file1":"sec1_1190244-waleed ayesh_616161_assignsubmission_file\\Cash.java","file2":"sec1_1220152-Abdallah Khawaja_616200_assignsubmission_file\\Cash.java","start1":16,"end1":33,"start2":13,"end2":28,"tokens":17},{"file1":"sec1_1190244-waleed ayesh_616161_assignsubmission_file\\CustomerPayment.java","file2":"sec1_1220152-Abdallah Khawaja_616200_assignsubmission_file\\CustomerPayment.java","start1":5,"end1":18,"start2":2,"end2":12,"tokens":11},{"file1":"sec1_1190244-waleed ayesh_616161_assignsubmission_file\\Check.java","file2":"sec1_1220152-Abdallah Khawaja_616200_assignsubmission_file\\Check.java","start1":5,"end1":19,"start2":2,"end2":9,"tokens":9},{"file1":"sec1_1190244-waleed ayesh_616161_assignsubmission_file\\Driver.java","file2":"sec1_1220152-Abdallah Khawaja_616200_assignsubmission_file\\Driver.java","start1":44,"end1":50,"start2":32,"end2":36,"tokens":9}]}