{"id1":"sec1_1222703-noor abdul rahman_616143_assignsubmission_file","id2":"sec1_1210567-Tala Abadi_615995_assignsubmission_file","similarity":0.592057761732852,"matches":[{"file1":"sec1_1222703-noor abdul rahman_616143_assignsubmission_file\\Check.java","file2":"sec1_1210567-Tala Abadi_615995_assignsubmission_file\\Check.java","start1":17,"end1":52,"start2":14,"end2":51,"tokens":37},{"file1":"sec1_1222703-noor abdul rahman_616143_assignsubmission_file\\Driver.java","file2":"sec1_1210567-Tala Abadi_615995_assignsubmission_file\\Driver.java","start1":23,"end1":44,"start2":26,"end2":55,"tokens":30},{"file1":"sec1_1222703-noor abdul rahman_616143_assignsubmission_file\\CustomerPayment.java","file2":"sec1_1210567-Tala Abadi_615995_assignsubmission_file\\CustomerPayment.java","start1":17,"end1":51,"start2":15,"end2":47,"tokens":28},{"file1":"sec1_1222703-noor abdul rahman_616143_assignsubmission_file\\CreditCard.java","file2":"sec1_1210567-Tala Abadi_615995_assignsubmission_file\\CreditCard.java","start1":12,"end1":36,"start2":12,"end2":36,"tokens":27},{"file1":"sec1_1222703-noor abdul rahman_616143_assignsubmission_file\\Cash.java","file2":"sec1_1210567-Tala Abadi_615995_assignsubmission_file\\Cash.java","start1":9,"end1":24,"start2":10,"end2":27,"tokens":18},{"file1":"sec1_1222703-noor abdul rahman_616143_assignsubmission_file\\CustomerPayment.java","file2":"sec1_1210567-Tala Abadi_615995_assignsubmission_file\\CustomerPayment.java","start1":60,"end1":64,"start2":47,"end2":55,"tokens":15},{"file1":"sec1_1222703-noor abdul rahman_616143_assignsubmission_file\\Check.java","file2":"sec1_1210567-Tala Abadi_615995_assignsubmission_file\\Check.java","start1":1,"end1":15,"start2":1,"end2":12,"tokens":9}]}