{"id1":"sec1_1211512-Masarra Alnubani_616110_assignsubmission_file","id2":"sec1_1220433-Ilisar Kharoub_615989_assignsubmission_file","similarity":0.6238185255198487,"matches":[{"file1":"sec1_1211512-Masarra Alnubani_616110_assignsubmission_file\\Driver.java","file2":"sec1_1220433-Ilisar Kharoub_615989_assignsubmission_file\\Driver.java","start1":5,"end1":46,"start2":4,"end2":71,"tokens":53},{"file1":"sec1_1211512-Masarra Alnubani_616110_assignsubmission_file\\Check.java","file2":"sec1_1220433-Ilisar Kharoub_615989_assignsubmission_file\\Check.java","start1":19,"end1":56,"start2":25,"end2":69,"tokens":34},{"file1":"sec1_1211512-Masarra Alnubani_616110_assignsubmission_file\\CustomerPayment.java","file2":"sec1_1220433-Ilisar Kharoub_615989_assignsubmission_file\\CustomerPayment.java","start1":12,"end1":42,"start2":17,"end2":51,"tokens":30},{"file1":"sec1_1211512-Masarra Alnubani_616110_assignsubmission_file\\CreditCard.java","file2":"sec1_1220433-Ilisar Kharoub_615989_assignsubmission_file\\CreditCard.java","start1":14,"end1":39,"start2":16,"end2":45,"tokens":26},{"file1":"sec1_1211512-Masarra Alnubani_616110_assignsubmission_file\\Cash.java","file2":"sec1_1220433-Ilisar Kharoub_615989_assignsubmission_file\\Cash.java","start1":8,"end1":28,"start2":12,"end2":38,"tokens":22}]}