{"id1":"sec1_1220965-Nagham Halloum_616141_assignsubmission_file","id2":"sec1_1220152-Abdallah Khawaja_616200_assignsubmission_file","similarity":0.6070175438596491,"matches":[{"file1":"sec1_1220965-Nagham Halloum_616141_assignsubmission_file\\Driver.java","file2":"sec1_1220152-Abdallah Khawaja_616200_assignsubmission_file\\Driver.java","start1":2,"end1":35,"start2":4,"end2":36,"tokens":51},{"file1":"sec1_1220965-Nagham Halloum_616141_assignsubmission_file\\CustomerPayment.java","file2":"sec1_1220152-Abdallah Khawaja_616200_assignsubmission_file\\CustomerPayment.java","start1":2,"end1":38,"start2":3,"end2":45,"tokens":39},{"file1":"sec1_1220965-Nagham Halloum_616141_assignsubmission_file\\Check.java","file2":"sec1_1220152-Abdallah Khawaja_616200_assignsubmission_file\\Check.java","start1":14,"end1":49,"start2":18,"end2":53,"tokens":37},{"file1":"sec1_1220965-Nagham Halloum_616141_assignsubmission_file\\CreditCard.java","file2":"sec1_1220152-Abdallah Khawaja_616200_assignsubmission_file\\CreditCard.java","start1":9,"end1":35,"start2":18,"end2":44,"tokens":28},{"file1":"sec1_1220965-Nagham Halloum_616141_assignsubmission_file\\Cash.java","file2":"sec1_1220152-Abdallah Khawaja_616200_assignsubmission_file\\Cash.java","start1":7,"end1":21,"start2":13,"end2":28,"tokens":18}]}