{"id1":"sec1_1221806-manar zitawi_616019_assignsubmission_file","id2":"sec1_1220433-Ilisar Kharoub_615989_assignsubmission_file","similarity":0.8089887640449438,"matches":[{"file1":"sec1_1221806-manar zitawi_616019_assignsubmission_file\\Driver.java","file2":"sec1_1220433-Ilisar Kharoub_615989_assignsubmission_file\\Driver.java","start1":5,"end1":39,"start2":6,"end2":71,"tokens":51},{"file1":"sec1_1221806-manar zitawi_616019_assignsubmission_file\\Check.java","file2":"sec1_1220433-Ilisar Kharoub_615989_assignsubmission_file\\Check.java","start1":4,"end1":45,"start2":1,"end2":69,"tokens":44},{"file1":"sec1_1221806-manar zitawi_616019_assignsubmission_file\\CustomerPayment.java","file2":"sec1_1220433-Ilisar Kharoub_615989_assignsubmission_file\\CustomerPayment.java","start1":4,"end1":48,"start2":1,"end2":63,"tokens":42},{"file1":"sec1_1221806-manar zitawi_616019_assignsubmission_file\\CreditCard.java","file2":"sec1_1220433-Ilisar Kharoub_615989_assignsubmission_file\\CreditCard.java","start1":4,"end1":38,"start2":1,"end2":49,"tokens":34},{"file1":"sec1_1221806-manar zitawi_616019_assignsubmission_file\\Cash.java","file2":"sec1_1220433-Ilisar Kharoub_615989_assignsubmission_file\\Cash.java","start1":4,"end1":33,"start2":1,"end2":38,"tokens":27},{"file1":"sec1_1221806-manar zitawi_616019_assignsubmission_file\\CustomerPayment.java","file2":"sec1_1220433-Ilisar Kharoub_615989_assignsubmission_file\\CustomerPayment.java","start1":49,"end1":60,"start2":71,"end2":88,"tokens":18}]}