{"id1":"sec1_1200874-Kamel Aqel_616078_assignsubmission_file","id2":"sec1_1222703-noor abdul rahman_616143_assignsubmission_file","similarity":0.6764705882352942,"matches":[{"file1":"sec1_1200874-Kamel Aqel_616078_assignsubmission_file\\Driver.java","file2":"sec1_1222703-noor abdul rahman_616143_assignsubmission_file\\Driver.java","start1":21,"end1":42,"start2":23,"end2":45,"tokens":33},{"file1":"sec1_1200874-Kamel Aqel_616078_assignsubmission_file\\CreditCard.java","file2":"sec1_1222703-noor abdul rahman_616143_assignsubmission_file\\CreditCard.java","start1":2,"end1":37,"start2":1,"end2":36,"tokens":33},{"file1":"sec1_1200874-Kamel Aqel_616078_assignsubmission_file\\Check.java","file2":"sec1_1222703-noor abdul rahman_616143_assignsubmission_file\\Check.java","start1":27,"end1":54,"start2":23,"end2":50,"tokens":24},{"file1":"sec1_1200874-Kamel Aqel_616078_assignsubmission_file\\CustomerPayment.java","file2":"sec1_1222703-noor abdul rahman_616143_assignsubmission_file\\CustomerPayment.java","start1":21,"end1":48,"start2":20,"end2":49,"tokens":23},{"file1":"sec1_1200874-Kamel Aqel_616078_assignsubmission_file\\Check.java","file2":"sec1_1222703-noor abdul rahman_616143_assignsubmission_file\\Check.java","start1":2,"end1":21,"start2":1,"end2":22,"tokens":20},{"file1":"sec1_1200874-Kamel Aqel_616078_assignsubmission_file\\Driver.java","file2":"sec1_1222703-noor abdul rahman_616143_assignsubmission_file\\Driver.java","start1":4,"end1":17,"start2":5,"end2":18,"tokens":14},{"file1":"sec1_1200874-Kamel Aqel_616078_assignsubmission_file\\Cash.java","file2":"sec1_1222703-noor abdul rahman_616143_assignsubmission_file\\Cash.java","start1":2,"end1":17,"start2":1,"end2":16,"tokens":14},{"file1":"sec1_1200874-Kamel Aqel_616078_assignsubmission_file\\CustomerPayment.java","file2":"sec1_1222703-noor abdul rahman_616143_assignsubmission_file\\CustomerPayment.java","start1":2,"end1":18,"start2":1,"end2":19,"tokens":14},{"file1":"sec1_1200874-Kamel Aqel_616078_assignsubmission_file\\Cash.java","file2":"sec1_1222703-noor abdul rahman_616143_assignsubmission_file\\Cash.java","start1":23,"end1":32,"start2":17,"end2":27,"tokens":9}]}