{"id1":"sec1_1220782-Aya Abdullah_616122_assignsubmission_file","id2":"sec1_1221371-Ahmad Sous_616133_assignsubmission_file","similarity":0.6053097345132743,"matches":[{"file1":"sec1_1220782-Aya Abdullah_616122_assignsubmission_file\\Driver.java","file2":"sec1_1221371-Ahmad Sous_616133_assignsubmission_file\\Driver.java","start1":2,"end1":32,"start2":5,"end2":35,"tokens":48},{"file1":"sec1_1220782-Aya Abdullah_616122_assignsubmission_file\\CustomerPayment.java","file2":"sec1_1221371-Ahmad Sous_616133_assignsubmission_file\\CustomerPayment.java","start1":7,"end1":31,"start2":16,"end2":60,"tokens":30},{"file1":"sec1_1220782-Aya Abdullah_616122_assignsubmission_file\\CreditCard.java","file2":"sec1_1221371-Ahmad Sous_616133_assignsubmission_file\\CreditCard.java","start1":6,"end1":28,"start2":17,"end2":44,"tokens":29},{"file1":"sec1_1220782-Aya Abdullah_616122_assignsubmission_file\\Check.java","file2":"sec1_1221371-Ahmad Sous_616133_assignsubmission_file\\Check.java","start1":30,"end1":53,"start2":28,"end2":47,"tokens":21},{"file1":"sec1_1220782-Aya Abdullah_616122_assignsubmission_file\\Cash.java","file2":"sec1_1221371-Ahmad Sous_616133_assignsubmission_file\\Cash.java","start1":6,"end1":19,"start2":15,"end2":32,"tokens":17},{"file1":"sec1_1220782-Aya Abdullah_616122_assignsubmission_file\\CustomerPayment.java","file2":"sec1_1221371-Ahmad Sous_616133_assignsubmission_file\\CustomerPayment.java","start1":40,"end1":62,"start2":72,"end2":79,"tokens":16},{"file1":"sec1_1220782-Aya Abdullah_616122_assignsubmission_file\\Check.java","file2":"sec1_1221371-Ahmad Sous_616133_assignsubmission_file\\Check.java","start1":11,"end1":14,"start2":20,"end2":23,"tokens":10}]}