{"id1":"sec1_1220686-Dareen Abualhaj_616179_assignsubmission_file","id2":"sec1_1220965-Nagham Halloum_616141_assignsubmission_file","similarity":0.7350746268656716,"matches":[{"file1":"sec1_1220686-Dareen Abualhaj_616179_assignsubmission_file\\CustomerPayment.java","file2":"sec1_1220965-Nagham Halloum_616141_assignsubmission_file\\CustomerPayment.java","start1":3,"end1":74,"start2":2,"end2":59,"tokens":65},{"file1":"sec1_1220686-Dareen Abualhaj_616179_assignsubmission_file\\Driver.java","file2":"sec1_1220965-Nagham Halloum_616141_assignsubmission_file\\Driver.java","start1":1,"end1":38,"start2":2,"end2":35,"tokens":51},{"file1":"sec1_1220686-Dareen Abualhaj_616179_assignsubmission_file\\Check.java","file2":"sec1_1220965-Nagham Halloum_616141_assignsubmission_file\\Check.java","start1":15,"end1":46,"start2":14,"end2":47,"tokens":35},{"file1":"sec1_1220686-Dareen Abualhaj_616179_assignsubmission_file\\CreditCard.java","file2":"sec1_1220965-Nagham Halloum_616141_assignsubmission_file\\CreditCard.java","start1":11,"end1":32,"start2":9,"end2":33,"tokens":27},{"file1":"sec1_1220686-Dareen Abualhaj_616179_assignsubmission_file\\Cash.java","file2":"sec1_1220965-Nagham Halloum_616141_assignsubmission_file\\Cash.java","start1":8,"end1":26,"start2":7,"end2":23,"tokens":19}]}