{"id1":"sec1_1220686-Dareen Abualhaj_616179_assignsubmission_file","id2":"sec1_1222703-noor abdul rahman_616143_assignsubmission_file","similarity":0.9236499068901304,"matches":[{"file1":"sec1_1220686-Dareen Abualhaj_616179_assignsubmission_file\\Check.java","file2":"sec1_1222703-noor abdul rahman_616143_assignsubmission_file\\Check.java","start1":3,"end1":80,"start2":4,"end2":82,"tokens":69},{"file1":"sec1_1220686-Dareen Abualhaj_616179_assignsubmission_file\\Driver.java","file2":"sec1_1222703-noor abdul rahman_616143_assignsubmission_file\\Driver.java","start1":1,"end1":38,"start2":7,"end2":88,"tokens":51},{"file1":"sec1_1220686-Dareen Abualhaj_616179_assignsubmission_file\\CustomerPayment.java","file2":"sec1_1222703-noor abdul rahman_616143_assignsubmission_file\\CustomerPayment.java","start1":15,"end1":54,"start2":17,"end2":55,"tokens":34},{"file1":"sec1_1220686-Dareen Abualhaj_616179_assignsubmission_file\\CreditCard.java","file2":"sec1_1222703-noor abdul rahman_616143_assignsubmission_file\\CreditCard.java","start1":2,"end1":32,"start2":4,"end2":36,"tokens":32},{"file1":"sec1_1220686-Dareen Abualhaj_616179_assignsubmission_file\\Cash.java","file2":"sec1_1222703-noor abdul rahman_616143_assignsubmission_file\\Cash.java","start1":3,"end1":38,"start2":4,"end2":35,"tokens":28},{"file1":"sec1_1220686-Dareen Abualhaj_616179_assignsubmission_file\\CustomerPayment.java","file2":"sec1_1222703-noor abdul rahman_616143_assignsubmission_file\\CustomerPayment.java","start1":55,"end1":65,"start2":60,"end2":64,"tokens":15},{"file1":"sec1_1220686-Dareen Abualhaj_616179_assignsubmission_file\\CustomerPayment.java","file2":"sec1_1222703-noor abdul rahman_616143_assignsubmission_file\\CustomerPayment.java","start1":3,"end1":13,"start2":4,"end2":15,"tokens":10},{"file1":"sec1_1220686-Dareen Abualhaj_616179_assignsubmission_file\\CreditCard.java","file2":"sec1_1222703-noor abdul rahman_616143_assignsubmission_file\\CreditCard.java","start1":35,"end1":44,"start2":43,"end2":51,"tokens":9}]}