{"id1":"sec1_1210567-Tala Abadi_615995_assignsubmission_file","id2":"sec1_1220152-Abdallah Khawaja_616200_assignsubmission_file","similarity":0.5920826161790017,"matches":[{"file1":"sec1_1210567-Tala Abadi_615995_assignsubmission_file\\Check.java","file2":"sec1_1220152-Abdallah Khawaja_616200_assignsubmission_file\\Check.java","start1":14,"end1":49,"start2":18,"end2":51,"tokens":35},{"file1":"sec1_1210567-Tala Abadi_615995_assignsubmission_file\\CustomerPayment.java","file2":"sec1_1220152-Abdallah Khawaja_616200_assignsubmission_file\\CustomerPayment.java","start1":11,"end1":47,"start2":10,"end2":45,"tokens":34},{"file1":"sec1_1210567-Tala Abadi_615995_assignsubmission_file\\Driver.java","file2":"sec1_1220152-Abdallah Khawaja_616200_assignsubmission_file\\Driver.java","start1":26,"end1":55,"start2":16,"end2":32,"tokens":30},{"file1":"sec1_1210567-Tala Abadi_615995_assignsubmission_file\\CreditCard.java","file2":"sec1_1220152-Abdallah Khawaja_616200_assignsubmission_file\\CreditCard.java","start1":12,"end1":36,"start2":18,"end2":42,"tokens":27},{"file1":"sec1_1210567-Tala Abadi_615995_assignsubmission_file\\Cash.java","file2":"sec1_1220152-Abdallah Khawaja_616200_assignsubmission_file\\Cash.java","start1":10,"end1":29,"start2":13,"end2":30,"tokens":19},{"file1":"sec1_1210567-Tala Abadi_615995_assignsubmission_file\\Check.java","file2":"sec1_1220152-Abdallah Khawaja_616200_assignsubmission_file\\Check.java","start1":1,"end1":12,"start2":2,"end2":9,"tokens":9},{"file1":"sec1_1210567-Tala Abadi_615995_assignsubmission_file\\Check.java","file2":"sec1_1220152-Abdallah Khawaja_616200_assignsubmission_file\\CreditCard.java","start1":61,"end1":70,"start2":44,"end2":51,"tokens":9},{"file1":"sec1_1210567-Tala Abadi_615995_assignsubmission_file\\CreditCard.java","file2":"sec1_1220152-Abdallah Khawaja_616200_assignsubmission_file\\Cash.java","start1":42,"end1":52,"start2":32,"end2":39,"tokens":9}]}