{"id1":"sec1_1221806-manar zitawi_616019_assignsubmission_file","id2":"sec1_1222177-sadeen faqeeh_616153_assignsubmission_file","similarity":0.6979166666666666,"matches":[{"file1":"sec1_1221806-manar zitawi_616019_assignsubmission_file\\Driver.java","file2":"sec1_1222177-sadeen faqeeh_616153_assignsubmission_file\\Driver.java","start1":5,"end1":39,"start2":8,"end2":45,"tokens":51},{"file1":"sec1_1221806-manar zitawi_616019_assignsubmission_file\\Check.java","file2":"sec1_1222177-sadeen faqeeh_616153_assignsubmission_file\\Check.java","start1":4,"end1":45,"start2":4,"end2":44,"tokens":44},{"file1":"sec1_1221806-manar zitawi_616019_assignsubmission_file\\CustomerPayment.java","file2":"sec1_1222177-sadeen faqeeh_616153_assignsubmission_file\\CustomerPayment.java","start1":4,"end1":49,"start2":4,"end2":45,"tokens":43},{"file1":"sec1_1221806-manar zitawi_616019_assignsubmission_file\\CreditCard.java","file2":"sec1_1222177-sadeen faqeeh_616153_assignsubmission_file\\CreditCard.java","start1":4,"end1":41,"start2":4,"end2":39,"tokens":36},{"file1":"sec1_1221806-manar zitawi_616019_assignsubmission_file\\Cash.java","file2":"sec1_1222177-sadeen faqeeh_616153_assignsubmission_file\\Cash.java","start1":4,"end1":33,"start2":4,"end2":31,"tokens":27}]}