{"id1":"sec1_1220782-Aya Abdullah_616122_assignsubmission_file","id2":"sec1_1220686-Dareen Abualhaj_616179_assignsubmission_file","similarity":0.6653771760154739,"matches":[{"file1":"sec1_1220782-Aya Abdullah_616122_assignsubmission_file\\Driver.java","file2":"sec1_1220686-Dareen Abualhaj_616179_assignsubmission_file\\Driver.java","start1":2,"end1":38,"start2":1,"end2":38,"tokens":51},{"file1":"sec1_1220782-Aya Abdullah_616122_assignsubmission_file\\CreditCard.java","file2":"sec1_1220686-Dareen Abualhaj_616179_assignsubmission_file\\CreditCard.java","start1":6,"end1":23,"start2":12,"end2":32,"tokens":26},{"file1":"sec1_1220782-Aya Abdullah_616122_assignsubmission_file\\CustomerPayment.java","file2":"sec1_1220686-Dareen Abualhaj_616179_assignsubmission_file\\CustomerPayment.java","start1":9,"end1":31,"start2":15,"end2":47,"tokens":26},{"file1":"sec1_1220782-Aya Abdullah_616122_assignsubmission_file\\Check.java","file2":"sec1_1220686-Dareen Abualhaj_616179_assignsubmission_file\\Check.java","start1":31,"end1":57,"start2":21,"end2":46,"tokens":23},{"file1":"sec1_1220782-Aya Abdullah_616122_assignsubmission_file\\Cash.java","file2":"sec1_1220686-Dareen Abualhaj_616179_assignsubmission_file\\Cash.java","start1":6,"end1":24,"start2":10,"end2":32,"tokens":20},{"file1":"sec1_1220782-Aya Abdullah_616122_assignsubmission_file\\CustomerPayment.java","file2":"sec1_1220686-Dareen Abualhaj_616179_assignsubmission_file\\CustomerPayment.java","start1":40,"end1":48,"start2":55,"end2":65,"tokens":15},{"file1":"sec1_1220782-Aya Abdullah_616122_assignsubmission_file\\Check.java","file2":"sec1_1220686-Dareen Abualhaj_616179_assignsubmission_file\\Check.java","start1":11,"end1":15,"start2":16,"end2":20,"tokens":11}]}