{"id1":"sec1_1220965-Nagham Halloum_616141_assignsubmission_file","id2":"sec1_1222703-noor abdul rahman_616143_assignsubmission_file","similarity":0.7071823204419889,"matches":[{"file1":"sec1_1220965-Nagham Halloum_616141_assignsubmission_file\\Driver.java","file2":"sec1_1222703-noor abdul rahman_616143_assignsubmission_file\\Driver.java","start1":2,"end1":35,"start2":7,"end2":88,"tokens":51},{"file1":"sec1_1220965-Nagham Halloum_616141_assignsubmission_file\\Check.java","file2":"sec1_1222703-noor abdul rahman_616143_assignsubmission_file\\Check.java","start1":14,"end1":47,"start2":17,"end2":50,"tokens":35},{"file1":"sec1_1220965-Nagham Halloum_616141_assignsubmission_file\\CustomerPayment.java","file2":"sec1_1222703-noor abdul rahman_616143_assignsubmission_file\\CustomerPayment.java","start1":12,"end1":43,"start2":17,"end2":55,"tokens":34},{"file1":"sec1_1220965-Nagham Halloum_616141_assignsubmission_file\\CreditCard.java","file2":"sec1_1222703-noor abdul rahman_616143_assignsubmission_file\\CreditCard.java","start1":9,"end1":35,"start2":12,"end2":38,"tokens":28},{"file1":"sec1_1220965-Nagham Halloum_616141_assignsubmission_file\\Cash.java","file2":"sec1_1222703-noor abdul rahman_616143_assignsubmission_file\\Cash.java","start1":7,"end1":23,"start2":9,"end2":27,"tokens":19},{"file1":"sec1_1220965-Nagham Halloum_616141_assignsubmission_file\\CustomerPayment.java","file2":"sec1_1222703-noor abdul rahman_616143_assignsubmission_file\\CustomerPayment.java","start1":44,"end1":52,"start2":60,"end2":64,"tokens":15},{"file1":"sec1_1220965-Nagham Halloum_616141_assignsubmission_file\\CustomerPayment.java","file2":"sec1_1222703-noor abdul rahman_616143_assignsubmission_file\\CustomerPayment.java","start1":2,"end1":10,"start2":4,"end2":15,"tokens":10}]}