{"id1":"sec1_1221806-manar zitawi_616019_assignsubmission_file","id2":"sec1_1220965-Nagham Halloum_616141_assignsubmission_file","similarity":0.7433962264150943,"matches":[{"file1":"sec1_1221806-manar zitawi_616019_assignsubmission_file\\CustomerPayment.java","file2":"sec1_1220965-Nagham Halloum_616141_assignsubmission_file\\CustomerPayment.java","start1":18,"end1":72,"start2":12,"end2":59,"tokens":54},{"file1":"sec1_1221806-manar zitawi_616019_assignsubmission_file\\Driver.java","file2":"sec1_1220965-Nagham Halloum_616141_assignsubmission_file\\Driver.java","start1":5,"end1":39,"start2":2,"end2":35,"tokens":51},{"file1":"sec1_1221806-manar zitawi_616019_assignsubmission_file\\Check.java","file2":"sec1_1220965-Nagham Halloum_616141_assignsubmission_file\\Check.java","start1":14,"end1":45,"start2":14,"end2":47,"tokens":35},{"file1":"sec1_1221806-manar zitawi_616019_assignsubmission_file\\CreditCard.java","file2":"sec1_1220965-Nagham Halloum_616141_assignsubmission_file\\CreditCard.java","start1":13,"end1":38,"start2":9,"end2":35,"tokens":28},{"file1":"sec1_1221806-manar zitawi_616019_assignsubmission_file\\Cash.java","file2":"sec1_1220965-Nagham Halloum_616141_assignsubmission_file\\Cash.java","start1":11,"end1":28,"start2":7,"end2":23,"tokens":19},{"file1":"sec1_1221806-manar zitawi_616019_assignsubmission_file\\CustomerPayment.java","file2":"sec1_1220965-Nagham Halloum_616141_assignsubmission_file\\CustomerPayment.java","start1":6,"end1":16,"start2":2,"end2":10,"tokens":10}]}