{"id1":"sec1_1200874-Kamel Aqel_616078_assignsubmission_file","id2":"sec1_1220433-Ilisar Kharoub_615989_assignsubmission_file","similarity":0.716636197440585,"matches":[{"file1":"sec1_1200874-Kamel Aqel_616078_assignsubmission_file\\Driver.java","file2":"sec1_1220433-Ilisar Kharoub_615989_assignsubmission_file\\Driver.java","start1":21,"end1":42,"start2":28,"end2":60,"tokens":33},{"file1":"sec1_1200874-Kamel Aqel_616078_assignsubmission_file\\CreditCard.java","file2":"sec1_1220433-Ilisar Kharoub_615989_assignsubmission_file\\CreditCard.java","start1":2,"end1":37,"start2":1,"end2":45,"tokens":33},{"file1":"sec1_1200874-Kamel Aqel_616078_assignsubmission_file\\Check.java","file2":"sec1_1220433-Ilisar Kharoub_615989_assignsubmission_file\\Check.java","start1":27,"end1":54,"start2":33,"end2":69,"tokens":24},{"file1":"sec1_1200874-Kamel Aqel_616078_assignsubmission_file\\CustomerPayment.java","file2":"sec1_1220433-Ilisar Kharoub_615989_assignsubmission_file\\CustomerPayment.java","start1":21,"end1":48,"start2":23,"end2":51,"tokens":23},{"file1":"sec1_1200874-Kamel Aqel_616078_assignsubmission_file\\Check.java","file2":"sec1_1220433-Ilisar Kharoub_615989_assignsubmission_file\\Check.java","start1":2,"end1":21,"start2":1,"end2":31,"tokens":20},{"file1":"sec1_1200874-Kamel Aqel_616078_assignsubmission_file\\Driver.java","file2":"sec1_1220433-Ilisar Kharoub_615989_assignsubmission_file\\Driver.java","start1":4,"end1":17,"start2":4,"end2":18,"tokens":14},{"file1":"sec1_1200874-Kamel Aqel_616078_assignsubmission_file\\Cash.java","file2":"sec1_1220433-Ilisar Kharoub_615989_assignsubmission_file\\Cash.java","start1":2,"end1":17,"start2":1,"end2":19,"tokens":14},{"file1":"sec1_1200874-Kamel Aqel_616078_assignsubmission_file\\CustomerPayment.java","file2":"sec1_1220433-Ilisar Kharoub_615989_assignsubmission_file\\CustomerPayment.java","start1":2,"end1":18,"start2":1,"end2":21,"tokens":14},{"file1":"sec1_1200874-Kamel Aqel_616078_assignsubmission_file\\Check.java","file2":"sec1_1220433-Ilisar Kharoub_615989_assignsubmission_file\\Cash.java","start1":65,"end1":79,"start2":27,"end2":50,"tokens":11},{"file1":"sec1_1200874-Kamel Aqel_616078_assignsubmission_file\\CreditCard.java","file2":"sec1_1220433-Ilisar Kharoub_615989_assignsubmission_file\\Check.java","start1":45,"end1":55,"start2":72,"end2":86,"tokens":10}]}