{"id1":"sec1_1220782-Aya Abdullah_616122_assignsubmission_file","id2":"sec1_1221806-manar zitawi_616019_assignsubmission_file","similarity":0.700587084148728,"matches":[{"file1":"sec1_1220782-Aya Abdullah_616122_assignsubmission_file\\Driver.java","file2":"sec1_1221806-manar zitawi_616019_assignsubmission_file\\Driver.java","start1":2,"end1":38,"start2":5,"end2":39,"tokens":51},{"file1":"sec1_1220782-Aya Abdullah_616122_assignsubmission_file\\CustomerPayment.java","file2":"sec1_1221806-manar zitawi_616019_assignsubmission_file\\CustomerPayment.java","start1":7,"end1":31,"start2":16,"end2":45,"tokens":30},{"file1":"sec1_1220782-Aya Abdullah_616122_assignsubmission_file\\CreditCard.java","file2":"sec1_1221806-manar zitawi_616019_assignsubmission_file\\CreditCard.java","start1":6,"end1":28,"start2":15,"end2":41,"tokens":29},{"file1":"sec1_1220782-Aya Abdullah_616122_assignsubmission_file\\Check.java","file2":"sec1_1221806-manar zitawi_616019_assignsubmission_file\\Check.java","start1":31,"end1":57,"start2":20,"end2":45,"tokens":23},{"file1":"sec1_1220782-Aya Abdullah_616122_assignsubmission_file\\Cash.java","file2":"sec1_1221806-manar zitawi_616019_assignsubmission_file\\Cash.java","start1":6,"end1":24,"start2":13,"end2":31,"tokens":20},{"file1":"sec1_1220782-Aya Abdullah_616122_assignsubmission_file\\CustomerPayment.java","file2":"sec1_1221806-manar zitawi_616019_assignsubmission_file\\CustomerPayment.java","start1":40,"end1":48,"start2":53,"end2":60,"tokens":15},{"file1":"sec1_1220782-Aya Abdullah_616122_assignsubmission_file\\Check.java","file2":"sec1_1221806-manar zitawi_616019_assignsubmission_file\\Check.java","start1":11,"end1":15,"start2":15,"end2":19,"tokens":11}]}