{"id1":"sec1_1181680-Osama Hammoudeh_616154_assignsubmission_file","id2":"sec1_1203152-Tamer Ballout_616090_assignsubmission_file","similarity":0.6412213740458015,"matches":[{"file1":"sec1_1181680-Osama Hammoudeh_616154_assignsubmission_file\\Driver.java","file2":"sec1_1203152-Tamer Ballout_616090_assignsubmission_file\\Driver.java","start1":6,"end1":44,"start2":3,"end2":31,"tokens":46},{"file1":"sec1_1181680-Osama Hammoudeh_616154_assignsubmission_file\\Check.java","file2":"sec1_1203152-Tamer Ballout_616090_assignsubmission_file\\Check.java","start1":2,"end1":17,"start2":1,"end2":19,"tokens":22},{"file1":"sec1_1181680-Osama Hammoudeh_616154_assignsubmission_file\\CreditCard.java","file2":"sec1_1203152-Tamer Ballout_616090_assignsubmission_file\\CreditCard.java","start1":2,"end1":17,"start2":1,"end2":17,"tokens":18},{"file1":"sec1_1181680-Osama Hammoudeh_616154_assignsubmission_file\\CustomerPayment.java","file2":"sec1_1203152-Tamer Ballout_616090_assignsubmission_file\\CustomerPayment.java","start1":2,"end1":14,"start2":1,"end2":16,"tokens":16},{"file1":"sec1_1181680-Osama Hammoudeh_616154_assignsubmission_file\\Cash.java","file2":"sec1_1203152-Tamer Ballout_616090_assignsubmission_file\\Cash.java","start1":3,"end1":15,"start2":1,"end2":13,"tokens":14},{"file1":"sec1_1181680-Osama Hammoudeh_616154_assignsubmission_file\\CustomerPayment.java","file2":"sec1_1203152-Tamer Ballout_616090_assignsubmission_file\\CustomerPayment.java","start1":16,"end1":21,"start2":26,"end2":33,"tokens":10}]}