{"id1":"sec1_1220782-Aya Abdullah_616122_assignsubmission_file","id2":"sec1_1211512-Masarra Alnubani_616110_assignsubmission_file","similarity":0.7154150197628458,"matches":[{"file1":"sec1_1220782-Aya Abdullah_616122_assignsubmission_file\\Driver.java","file2":"sec1_1211512-Masarra Alnubani_616110_assignsubmission_file\\Driver.java","start1":2,"end1":38,"start2":8,"end2":46,"tokens":51},{"file1":"sec1_1220782-Aya Abdullah_616122_assignsubmission_file\\CustomerPayment.java","file2":"sec1_1211512-Masarra Alnubani_616110_assignsubmission_file\\CustomerPayment.java","start1":1,"end1":31,"start2":5,"end2":42,"tokens":36},{"file1":"sec1_1220782-Aya Abdullah_616122_assignsubmission_file\\CreditCard.java","file2":"sec1_1211512-Masarra Alnubani_616110_assignsubmission_file\\CreditCard.java","start1":2,"end1":23,"start2":6,"end2":39,"tokens":30},{"file1":"sec1_1220782-Aya Abdullah_616122_assignsubmission_file\\Check.java","file2":"sec1_1211512-Masarra Alnubani_616110_assignsubmission_file\\Check.java","start1":31,"end1":57,"start2":27,"end2":56,"tokens":24},{"file1":"sec1_1220782-Aya Abdullah_616122_assignsubmission_file\\Cash.java","file2":"sec1_1211512-Masarra Alnubani_616110_assignsubmission_file\\Cash.java","start1":3,"end1":24,"start2":5,"end2":26,"tokens":22},{"file1":"sec1_1220782-Aya Abdullah_616122_assignsubmission_file\\Check.java","file2":"sec1_1211512-Masarra Alnubani_616110_assignsubmission_file\\Check.java","start1":3,"end1":15,"start2":6,"end2":26,"tokens":18}]}