{"id1":"sec1_1220433-Ilisar Kharoub_615989_assignsubmission_file","id2":"sec1_1190244-waleed ayesh_616161_assignsubmission_file","similarity":0.7351351351351352,"matches":[{"file1":"sec1_1220433-Ilisar Kharoub_615989_assignsubmission_file\\Driver.java","file2":"sec1_1190244-waleed ayesh_616161_assignsubmission_file\\Driver.java","start1":4,"end1":57,"start2":7,"end2":42,"tokens":44},{"file1":"sec1_1220433-Ilisar Kharoub_615989_assignsubmission_file\\CustomerPayment.java","file2":"sec1_1190244-waleed ayesh_616161_assignsubmission_file\\CustomerPayment.java","start1":1,"end1":51,"start2":5,"end2":55,"tokens":37},{"file1":"sec1_1220433-Ilisar Kharoub_615989_assignsubmission_file\\Check.java","file2":"sec1_1190244-waleed ayesh_616161_assignsubmission_file\\Check.java","start1":23,"end1":69,"start2":22,"end2":53,"tokens":35},{"file1":"sec1_1220433-Ilisar Kharoub_615989_assignsubmission_file\\CreditCard.java","file2":"sec1_1190244-waleed ayesh_616161_assignsubmission_file\\CreditCard.java","start1":14,"end1":45,"start2":22,"end2":48,"tokens":26},{"file1":"sec1_1220433-Ilisar Kharoub_615989_assignsubmission_file\\Cash.java","file2":"sec1_1190244-waleed ayesh_616161_assignsubmission_file\\Cash.java","start1":11,"end1":29,"start2":16,"end2":33,"tokens":17},{"file1":"sec1_1220433-Ilisar Kharoub_615989_assignsubmission_file\\CustomerPayment.java","file2":"sec1_1190244-waleed ayesh_616161_assignsubmission_file\\CustomerPayment.java","start1":73,"end1":88,"start2":55,"end2":64,"tokens":16},{"file1":"sec1_1220433-Ilisar Kharoub_615989_assignsubmission_file\\Check.java","file2":"sec1_1190244-waleed ayesh_616161_assignsubmission_file\\Check.java","start1":91,"end1":105,"start2":60,"end2":70,"tokens":11},{"file1":"sec1_1220433-Ilisar Kharoub_615989_assignsubmission_file\\Driver.java","file2":"sec1_1190244-waleed ayesh_616161_assignsubmission_file\\Driver.java","start1":58,"end1":71,"start2":44,"end2":50,"tokens":9},{"file1":"sec1_1220433-Ilisar Kharoub_615989_assignsubmission_file\\Check.java","file2":"sec1_1190244-waleed ayesh_616161_assignsubmission_file\\Check.java","start1":1,"end1":21,"start2":5,"end2":19,"tokens":9}]}