{"id1":"sec1_1220686-Dareen Abualhaj_616179_assignsubmission_file","id2":"sec1_1220958-Fayez Zyoud_616196_assignsubmission_file","similarity":0.6030664395229983,"matches":[{"file1":"sec1_1220686-Dareen Abualhaj_616179_assignsubmission_file\\Driver.java","file2":"sec1_1220958-Fayez Zyoud_616196_assignsubmission_file\\Drive.java","start1":1,"end1":38,"start2":4,"end2":40,"tokens":51},{"file1":"sec1_1220686-Dareen Abualhaj_616179_assignsubmission_file\\CustomerPayment.java","file2":"sec1_1220958-Fayez Zyoud_616196_assignsubmission_file\\CustomerPayment.java","start1":18,"end1":45,"start2":18,"end2":37,"tokens":22},{"file1":"sec1_1220686-Dareen Abualhaj_616179_assignsubmission_file\\CustomerPayment.java","file2":"sec1_1220958-Fayez Zyoud_616196_assignsubmission_file\\Cash.java","start1":50,"end1":69,"start2":40,"end2":53,"tokens":22},{"file1":"sec1_1220686-Dareen Abualhaj_616179_assignsubmission_file\\CreditCard.java","file2":"sec1_1220958-Fayez Zyoud_616196_assignsubmission_file\\Check.java","start1":16,"end1":35,"start2":38,"end2":52,"tokens":18},{"file1":"sec1_1220686-Dareen Abualhaj_616179_assignsubmission_file\\Check.java","file2":"sec1_1220958-Fayez Zyoud_616196_assignsubmission_file\\CreditCard.java","start1":21,"end1":39,"start2":32,"end2":46,"tokens":16},{"file1":"sec1_1220686-Dareen Abualhaj_616179_assignsubmission_file\\Check.java","file2":"sec1_1220958-Fayez Zyoud_616196_assignsubmission_file\\Check.java","start1":16,"end1":20,"start2":12,"end2":16,"tokens":11},{"file1":"sec1_1220686-Dareen Abualhaj_616179_assignsubmission_file\\CustomerPayment.java","file2":"sec1_1220958-Fayez Zyoud_616196_assignsubmission_file\\CustomerPayment.java","start1":3,"end1":13,"start2":4,"end2":11,"tokens":10},{"file1":"sec1_1220686-Dareen Abualhaj_616179_assignsubmission_file\\Cash.java","file2":"sec1_1220958-Fayez Zyoud_616196_assignsubmission_file\\Cash.java","start1":10,"end1":16,"start2":10,"end2":16,"tokens":9},{"file1":"sec1_1220686-Dareen Abualhaj_616179_assignsubmission_file\\Check.java","file2":"sec1_1220958-Fayez Zyoud_616196_assignsubmission_file\\Check.java","start1":66,"end1":73,"start2":55,"end2":61,"tokens":9},{"file1":"sec1_1220686-Dareen Abualhaj_616179_assignsubmission_file\\CreditCard.java","file2":"sec1_1220958-Fayez Zyoud_616196_assignsubmission_file\\CreditCard.java","start1":12,"end1":15,"start2":10,"end2":13,"tokens":9}]}