{"id1":"sec1_1222703-noor abdul rahman_616143_assignsubmission_file","id2":"sec1_1220152-Abdallah Khawaja_616200_assignsubmission_file","similarity":0.637478108581436,"matches":[{"file1":"sec1_1222703-noor abdul rahman_616143_assignsubmission_file\\Driver.java","file2":"sec1_1220152-Abdallah Khawaja_616200_assignsubmission_file\\Driver.java","start1":7,"end1":88,"start2":4,"end2":36,"tokens":51},{"file1":"sec1_1222703-noor abdul rahman_616143_assignsubmission_file\\Check.java","file2":"sec1_1220152-Abdallah Khawaja_616200_assignsubmission_file\\Check.java","start1":17,"end1":50,"start2":18,"end2":51,"tokens":35},{"file1":"sec1_1222703-noor abdul rahman_616143_assignsubmission_file\\CreditCard.java","file2":"sec1_1220152-Abdallah Khawaja_616200_assignsubmission_file\\CreditCard.java","start1":12,"end1":42,"start2":18,"end2":47,"tokens":30},{"file1":"sec1_1222703-noor abdul rahman_616143_assignsubmission_file\\CustomerPayment.java","file2":"sec1_1220152-Abdallah Khawaja_616200_assignsubmission_file\\CustomerPayment.java","start1":17,"end1":51,"start2":14,"end2":45,"tokens":28},{"file1":"sec1_1222703-noor abdul rahman_616143_assignsubmission_file\\Cash.java","file2":"sec1_1220152-Abdallah Khawaja_616200_assignsubmission_file\\Cash.java","start1":9,"end1":24,"start2":13,"end2":28,"tokens":18},{"file1":"sec1_1222703-noor abdul rahman_616143_assignsubmission_file\\CustomerPayment.java","file2":"sec1_1220152-Abdallah Khawaja_616200_assignsubmission_file\\CustomerPayment.java","start1":1,"end1":15,"start2":2,"end2":12,"tokens":11},{"file1":"sec1_1222703-noor abdul rahman_616143_assignsubmission_file\\Check.java","file2":"sec1_1220152-Abdallah Khawaja_616200_assignsubmission_file\\Check.java","start1":1,"end1":15,"start2":2,"end2":9,"tokens":9}]}