{"id1":"sec1_1220321-abdallah sadaqa_615968_assignsubmission_file","id2":"sec1_1220782-Aya Abdullah_616122_assignsubmission_file","similarity":0.679920477137177,"matches":[{"file1":"sec1_1220321-abdallah sadaqa_615968_assignsubmission_file\\Driver.java","file2":"sec1_1220782-Aya Abdullah_616122_assignsubmission_file\\Driver.java","start1":7,"end1":42,"start2":2,"end2":38,"tokens":51},{"file1":"sec1_1220321-abdallah sadaqa_615968_assignsubmission_file\\CreditCard.java","file2":"sec1_1220782-Aya Abdullah_616122_assignsubmission_file\\CreditCard.java","start1":4,"end1":43,"start2":2,"end2":23,"tokens":29},{"file1":"sec1_1220321-abdallah sadaqa_615968_assignsubmission_file\\Check.java","file2":"sec1_1220782-Aya Abdullah_616122_assignsubmission_file\\CustomerPayment.java","start1":15,"end1":44,"start2":9,"end2":31,"tokens":26},{"file1":"sec1_1220321-abdallah sadaqa_615968_assignsubmission_file\\CustomerPayment.java","file2":"sec1_1220782-Aya Abdullah_616122_assignsubmission_file\\Check.java","start1":19,"end1":61,"start2":31,"end2":57,"tokens":23},{"file1":"sec1_1220321-abdallah sadaqa_615968_assignsubmission_file\\Cash.java","file2":"sec1_1220782-Aya Abdullah_616122_assignsubmission_file\\Cash.java","start1":5,"end1":24,"start2":3,"end2":19,"tokens":18},{"file1":"sec1_1220321-abdallah sadaqa_615968_assignsubmission_file\\Check.java","file2":"sec1_1220782-Aya Abdullah_616122_assignsubmission_file\\Check.java","start1":5,"end1":14,"start2":3,"end2":12,"tokens":15},{"file1":"sec1_1220321-abdallah sadaqa_615968_assignsubmission_file\\CustomerPayment.java","file2":"sec1_1220782-Aya Abdullah_616122_assignsubmission_file\\CustomerPayment.java","start1":4,"end1":11,"start2":1,"end2":7,"tokens":9}]}