{"id1":"sec1_1222703-noor abdul rahman_616143_assignsubmission_file","id2":"sec1_1222177-sadeen faqeeh_616153_assignsubmission_file","similarity":0.6893039049235993,"matches":[{"file1":"sec1_1222703-noor abdul rahman_616143_assignsubmission_file\\Driver.java","file2":"sec1_1222177-sadeen faqeeh_616153_assignsubmission_file\\Driver.java","start1":5,"end1":88,"start2":6,"end2":45,"tokens":53},{"file1":"sec1_1222703-noor abdul rahman_616143_assignsubmission_file\\Check.java","file2":"sec1_1222177-sadeen faqeeh_616153_assignsubmission_file\\Check.java","start1":1,"end1":50,"start2":4,"end2":44,"tokens":44},{"file1":"sec1_1222703-noor abdul rahman_616143_assignsubmission_file\\CustomerPayment.java","file2":"sec1_1222177-sadeen faqeeh_616153_assignsubmission_file\\CustomerPayment.java","start1":1,"end1":53,"start2":4,"end2":45,"tokens":43},{"file1":"sec1_1222703-noor abdul rahman_616143_assignsubmission_file\\CreditCard.java","file2":"sec1_1222177-sadeen faqeeh_616153_assignsubmission_file\\CreditCard.java","start1":1,"end1":42,"start2":4,"end2":39,"tokens":36},{"file1":"sec1_1222703-noor abdul rahman_616143_assignsubmission_file\\Cash.java","file2":"sec1_1222177-sadeen faqeeh_616153_assignsubmission_file\\Cash.java","start1":1,"end1":32,"start2":4,"end2":31,"tokens":27}]}