{"id1":"sec1_1220782-Aya Abdullah_616122_assignsubmission_file","id2":"sec1_1220958-Fayez Zyoud_616196_assignsubmission_file","similarity":0.6097560975609756,"matches":[{"file1":"sec1_1220782-Aya Abdullah_616122_assignsubmission_file\\Driver.java","file2":"sec1_1220958-Fayez Zyoud_616196_assignsubmission_file\\Drive.java","start1":2,"end1":38,"start2":4,"end2":40,"tokens":51},{"file1":"sec1_1220782-Aya Abdullah_616122_assignsubmission_file\\Check.java","file2":"sec1_1220958-Fayez Zyoud_616196_assignsubmission_file\\CustomerPayment.java","start1":31,"end1":55,"start2":18,"end2":37,"tokens":22},{"file1":"sec1_1220782-Aya Abdullah_616122_assignsubmission_file\\Check.java","file2":"sec1_1220958-Fayez Zyoud_616196_assignsubmission_file\\Check.java","start1":3,"end1":18,"start2":4,"end2":18,"tokens":20},{"file1":"sec1_1220782-Aya Abdullah_616122_assignsubmission_file\\CreditCard.java","file2":"sec1_1220958-Fayez Zyoud_616196_assignsubmission_file\\Check.java","start1":10,"end1":23,"start2":38,"end2":51,"tokens":17},{"file1":"sec1_1220782-Aya Abdullah_616122_assignsubmission_file\\CustomerPayment.java","file2":"sec1_1220958-Fayez Zyoud_616196_assignsubmission_file\\CreditCard.java","start1":18,"end1":31,"start2":32,"end2":46,"tokens":17},{"file1":"sec1_1220782-Aya Abdullah_616122_assignsubmission_file\\CustomerPayment.java","file2":"sec1_1220958-Fayez Zyoud_616196_assignsubmission_file\\Check.java","start1":40,"end1":48,"start2":52,"end2":59,"tokens":15},{"file1":"sec1_1220782-Aya Abdullah_616122_assignsubmission_file\\CreditCard.java","file2":"sec1_1220958-Fayez Zyoud_616196_assignsubmission_file\\CreditCard.java","start1":2,"end1":9,"start2":4,"end2":13,"tokens":13},{"file1":"sec1_1220782-Aya Abdullah_616122_assignsubmission_file\\Cash.java","file2":"sec1_1220958-Fayez Zyoud_616196_assignsubmission_file\\Cash.java","start1":3,"end1":11,"start2":4,"end2":16,"tokens":11},{"file1":"sec1_1220782-Aya Abdullah_616122_assignsubmission_file\\CustomerPayment.java","file2":"sec1_1220958-Fayez Zyoud_616196_assignsubmission_file\\CustomerPayment.java","start1":7,"end1":13,"start2":11,"end2":16,"tokens":9}]}