{"id1":"sec1_1220782-Aya Abdullah_616122_assignsubmission_file","id2":"sec1_1222703-noor abdul rahman_616143_assignsubmission_file","similarity":0.6946564885496184,"matches":[{"file1":"sec1_1220782-Aya Abdullah_616122_assignsubmission_file\\Driver.java","file2":"sec1_1222703-noor abdul rahman_616143_assignsubmission_file\\Driver.java","start1":2,"end1":38,"start2":7,"end2":88,"tokens":51},{"file1":"sec1_1220782-Aya Abdullah_616122_assignsubmission_file\\CustomerPayment.java","file2":"sec1_1222703-noor abdul rahman_616143_assignsubmission_file\\CustomerPayment.java","start1":7,"end1":31,"start2":15,"end2":49,"tokens":30},{"file1":"sec1_1220782-Aya Abdullah_616122_assignsubmission_file\\CreditCard.java","file2":"sec1_1222703-noor abdul rahman_616143_assignsubmission_file\\CreditCard.java","start1":6,"end1":28,"start2":14,"end2":42,"tokens":29},{"file1":"sec1_1220782-Aya Abdullah_616122_assignsubmission_file\\Check.java","file2":"sec1_1222703-noor abdul rahman_616143_assignsubmission_file\\Check.java","start1":31,"end1":57,"start2":24,"end2":50,"tokens":23},{"file1":"sec1_1220782-Aya Abdullah_616122_assignsubmission_file\\Cash.java","file2":"sec1_1222703-noor abdul rahman_616143_assignsubmission_file\\Cash.java","start1":6,"end1":24,"start2":11,"end2":30,"tokens":20},{"file1":"sec1_1220782-Aya Abdullah_616122_assignsubmission_file\\CustomerPayment.java","file2":"sec1_1222703-noor abdul rahman_616143_assignsubmission_file\\CustomerPayment.java","start1":39,"end1":62,"start2":58,"end2":70,"tokens":18},{"file1":"sec1_1220782-Aya Abdullah_616122_assignsubmission_file\\Check.java","file2":"sec1_1222703-noor abdul rahman_616143_assignsubmission_file\\Check.java","start1":11,"end1":15,"start2":19,"end2":23,"tokens":11}]}