{"id1":"sec1_1222703-noor abdul rahman_616143_assignsubmission_file","id2":"sec1_1221371-Ahmad Sous_616133_assignsubmission_file","similarity":0.7145299145299145,"matches":[{"file1":"sec1_1222703-noor abdul rahman_616143_assignsubmission_file\\Driver.java","file2":"sec1_1221371-Ahmad Sous_616133_assignsubmission_file\\Driver.java","start1":5,"end1":45,"start2":3,"end2":35,"tokens":50},{"file1":"sec1_1222703-noor abdul rahman_616143_assignsubmission_file\\CustomerPayment.java","file2":"sec1_1221371-Ahmad Sous_616133_assignsubmission_file\\CustomerPayment.java","start1":13,"end1":60,"start2":12,"end2":71,"tokens":42},{"file1":"sec1_1222703-noor abdul rahman_616143_assignsubmission_file\\CreditCard.java","file2":"sec1_1221371-Ahmad Sous_616133_assignsubmission_file\\CreditCard.java","start1":12,"end1":42,"start2":14,"end2":44,"tokens":30},{"file1":"sec1_1222703-noor abdul rahman_616143_assignsubmission_file\\Check.java","file2":"sec1_1221371-Ahmad Sous_616133_assignsubmission_file\\Check.java","start1":24,"end1":46,"start2":30,"end2":47,"tokens":20},{"file1":"sec1_1222703-noor abdul rahman_616143_assignsubmission_file\\Cash.java","file2":"sec1_1221371-Ahmad Sous_616133_assignsubmission_file\\Cash.java","start1":9,"end1":24,"start2":12,"end2":32,"tokens":18},{"file1":"sec1_1222703-noor abdul rahman_616143_assignsubmission_file\\CustomerPayment.java","file2":"sec1_1221371-Ahmad Sous_616133_assignsubmission_file\\CustomerPayment.java","start1":60,"end1":70,"start2":72,"end2":79,"tokens":16},{"file1":"sec1_1222703-noor abdul rahman_616143_assignsubmission_file\\Check.java","file2":"sec1_1221371-Ahmad Sous_616133_assignsubmission_file\\Check.java","start1":48,"end1":63,"start2":54,"end2":69,"tokens":13},{"file1":"sec1_1222703-noor abdul rahman_616143_assignsubmission_file\\Check.java","file2":"sec1_1221371-Ahmad Sous_616133_assignsubmission_file\\Check.java","start1":17,"end1":22,"start2":18,"end2":23,"tokens":11},{"file1":"sec1_1222703-noor abdul rahman_616143_assignsubmission_file\\Check.java","file2":"sec1_1221371-Ahmad Sous_616133_assignsubmission_file\\Check.java","start1":1,"end1":15,"start2":1,"end2":13,"tokens":9}]}