{"id1":"sec1_1221806-manar zitawi_616019_assignsubmission_file","id2":"sec1_1222703-noor abdul rahman_616143_assignsubmission_file","similarity":0.8361581920903954,"matches":[{"file1":"sec1_1221806-manar zitawi_616019_assignsubmission_file\\Driver.java","file2":"sec1_1222703-noor abdul rahman_616143_assignsubmission_file\\Driver.java","start1":5,"end1":39,"start2":7,"end2":88,"tokens":51},{"file1":"sec1_1221806-manar zitawi_616019_assignsubmission_file\\CustomerPayment.java","file2":"sec1_1222703-noor abdul rahman_616143_assignsubmission_file\\CustomerPayment.java","start1":4,"end1":52,"start2":1,"end2":55,"tokens":45},{"file1":"sec1_1221806-manar zitawi_616019_assignsubmission_file\\Check.java","file2":"sec1_1222703-noor abdul rahman_616143_assignsubmission_file\\Check.java","start1":4,"end1":45,"start2":1,"end2":50,"tokens":44},{"file1":"sec1_1221806-manar zitawi_616019_assignsubmission_file\\CreditCard.java","file2":"sec1_1222703-noor abdul rahman_616143_assignsubmission_file\\CreditCard.java","start1":4,"end1":42,"start2":1,"end2":43,"tokens":38},{"file1":"sec1_1221806-manar zitawi_616019_assignsubmission_file\\Cash.java","file2":"sec1_1222703-noor abdul rahman_616143_assignsubmission_file\\Cash.java","start1":4,"end1":38,"start2":1,"end2":35,"tokens":29},{"file1":"sec1_1221806-manar zitawi_616019_assignsubmission_file\\CustomerPayment.java","file2":"sec1_1222703-noor abdul rahman_616143_assignsubmission_file\\CustomerPayment.java","start1":53,"end1":60,"start2":60,"end2":64,"tokens":15}]}