{"id1":"sec1_1220686-Dareen Abualhaj_616179_assignsubmission_file","id2":"sec1_1210567-Tala Abadi_615995_assignsubmission_file","similarity":0.6179159049360147,"matches":[{"file1":"sec1_1220686-Dareen Abualhaj_616179_assignsubmission_file\\Check.java","file2":"sec1_1210567-Tala Abadi_615995_assignsubmission_file\\Check.java","start1":15,"end1":52,"start2":14,"end2":51,"tokens":37},{"file1":"sec1_1220686-Dareen Abualhaj_616179_assignsubmission_file\\CustomerPayment.java","file2":"sec1_1210567-Tala Abadi_615995_assignsubmission_file\\CustomerPayment.java","start1":11,"end1":49,"start2":11,"end2":47,"tokens":34},{"file1":"sec1_1220686-Dareen Abualhaj_616179_assignsubmission_file\\CreditCard.java","file2":"sec1_1210567-Tala Abadi_615995_assignsubmission_file\\CreditCard.java","start1":11,"end1":36,"start2":12,"end2":39,"tokens":31},{"file1":"sec1_1220686-Dareen Abualhaj_616179_assignsubmission_file\\Driver.java","file2":"sec1_1210567-Tala Abadi_615995_assignsubmission_file\\Driver.java","start1":14,"end1":31,"start2":26,"end2":55,"tokens":30},{"file1":"sec1_1220686-Dareen Abualhaj_616179_assignsubmission_file\\CustomerPayment.java","file2":"sec1_1210567-Tala Abadi_615995_assignsubmission_file\\CustomerPayment.java","start1":55,"end1":72,"start2":47,"end2":63,"tokens":19},{"file1":"sec1_1220686-Dareen Abualhaj_616179_assignsubmission_file\\Cash.java","file2":"sec1_1210567-Tala Abadi_615995_assignsubmission_file\\Cash.java","start1":8,"end1":23,"start2":10,"end2":27,"tokens":18}]}