{"id1":"sec1_1200874-Kamel Aqel_616078_assignsubmission_file","id2":"sec1_1222177-sadeen faqeeh_616153_assignsubmission_file","similarity":0.6281833616298812,"matches":[{"file1":"sec1_1200874-Kamel Aqel_616078_assignsubmission_file\\Driver.java","file2":"sec1_1222177-sadeen faqeeh_616153_assignsubmission_file\\Driver.java","start1":21,"end1":42,"start2":23,"end2":43,"tokens":33},{"file1":"sec1_1200874-Kamel Aqel_616078_assignsubmission_file\\CreditCard.java","file2":"sec1_1222177-sadeen faqeeh_616153_assignsubmission_file\\CreditCard.java","start1":2,"end1":37,"start2":4,"end2":35,"tokens":33},{"file1":"sec1_1200874-Kamel Aqel_616078_assignsubmission_file\\Check.java","file2":"sec1_1222177-sadeen faqeeh_616153_assignsubmission_file\\Check.java","start1":27,"end1":54,"start2":21,"end2":44,"tokens":24},{"file1":"sec1_1200874-Kamel Aqel_616078_assignsubmission_file\\CustomerPayment.java","file2":"sec1_1222177-sadeen faqeeh_616153_assignsubmission_file\\CustomerPayment.java","start1":21,"end1":48,"start2":17,"end2":42,"tokens":23},{"file1":"sec1_1200874-Kamel Aqel_616078_assignsubmission_file\\Check.java","file2":"sec1_1222177-sadeen faqeeh_616153_assignsubmission_file\\Check.java","start1":2,"end1":21,"start2":4,"end2":20,"tokens":20},{"file1":"sec1_1200874-Kamel Aqel_616078_assignsubmission_file\\Driver.java","file2":"sec1_1222177-sadeen faqeeh_616153_assignsubmission_file\\Driver.java","start1":2,"end1":17,"start2":4,"end2":18,"tokens":15},{"file1":"sec1_1200874-Kamel Aqel_616078_assignsubmission_file\\Cash.java","file2":"sec1_1222177-sadeen faqeeh_616153_assignsubmission_file\\Cash.java","start1":2,"end1":17,"start2":4,"end2":17,"tokens":14},{"file1":"sec1_1200874-Kamel Aqel_616078_assignsubmission_file\\CustomerPayment.java","file2":"sec1_1222177-sadeen faqeeh_616153_assignsubmission_file\\CustomerPayment.java","start1":2,"end1":18,"start2":4,"end2":16,"tokens":14},{"file1":"sec1_1200874-Kamel Aqel_616078_assignsubmission_file\\Check.java","file2":"sec1_1222177-sadeen faqeeh_616153_assignsubmission_file\\Cash.java","start1":65,"end1":76,"start2":22,"end2":31,"tokens":9}]}