{"id1":"sec1_1221806-manar zitawi_616019_assignsubmission_file","id2":"sec1_1200874-Kamel Aqel_616078_assignsubmission_file","similarity":0.6854990583804144,"matches":[{"file1":"sec1_1221806-manar zitawi_616019_assignsubmission_file\\CreditCard.java","file2":"sec1_1200874-Kamel Aqel_616078_assignsubmission_file\\CreditCard.java","start1":4,"end1":36,"start2":2,"end2":37,"tokens":33},{"file1":"sec1_1221806-manar zitawi_616019_assignsubmission_file\\Driver.java","file2":"sec1_1200874-Kamel Aqel_616078_assignsubmission_file\\Driver.java","start1":16,"end1":33,"start2":21,"end2":42,"tokens":33},{"file1":"sec1_1221806-manar zitawi_616019_assignsubmission_file\\Check.java","file2":"sec1_1200874-Kamel Aqel_616078_assignsubmission_file\\Check.java","start1":19,"end1":45,"start2":27,"end2":54,"tokens":24},{"file1":"sec1_1221806-manar zitawi_616019_assignsubmission_file\\CustomerPayment.java","file2":"sec1_1200874-Kamel Aqel_616078_assignsubmission_file\\CustomerPayment.java","start1":21,"end1":45,"start2":21,"end2":48,"tokens":23},{"file1":"sec1_1221806-manar zitawi_616019_assignsubmission_file\\Check.java","file2":"sec1_1200874-Kamel Aqel_616078_assignsubmission_file\\Check.java","start1":4,"end1":18,"start2":2,"end2":21,"tokens":20},{"file1":"sec1_1221806-manar zitawi_616019_assignsubmission_file\\Cash.java","file2":"sec1_1200874-Kamel Aqel_616078_assignsubmission_file\\Cash.java","start1":4,"end1":19,"start2":2,"end2":17,"tokens":14},{"file1":"sec1_1221806-manar zitawi_616019_assignsubmission_file\\CustomerPayment.java","file2":"sec1_1200874-Kamel Aqel_616078_assignsubmission_file\\CustomerPayment.java","start1":4,"end1":20,"start2":2,"end2":18,"tokens":14},{"file1":"sec1_1221806-manar zitawi_616019_assignsubmission_file\\Driver.java","file2":"sec1_1200874-Kamel Aqel_616078_assignsubmission_file\\Driver.java","start1":5,"end1":11,"start2":6,"end2":17,"tokens":12},{"file1":"sec1_1221806-manar zitawi_616019_assignsubmission_file\\Cash.java","file2":"sec1_1200874-Kamel Aqel_616078_assignsubmission_file\\Cash.java","start1":20,"end1":28,"start2":23,"end2":32,"tokens":9}]}