{"id1":"sec1_1221806-manar zitawi_616019_assignsubmission_file","id2":"sec1_1210567-Tala Abadi_615995_assignsubmission_file","similarity":0.6136783733826248,"matches":[{"file1":"sec1_1221806-manar zitawi_616019_assignsubmission_file\\Check.java","file2":"sec1_1210567-Tala Abadi_615995_assignsubmission_file\\Check.java","start1":14,"end1":45,"start2":14,"end2":49,"tokens":35},{"file1":"sec1_1221806-manar zitawi_616019_assignsubmission_file\\Driver.java","file2":"sec1_1210567-Tala Abadi_615995_assignsubmission_file\\Driver.java","start1":16,"end1":32,"start2":26,"end2":55,"tokens":30},{"file1":"sec1_1221806-manar zitawi_616019_assignsubmission_file\\CustomerPayment.java","file2":"sec1_1210567-Tala Abadi_615995_assignsubmission_file\\CustomerPayment.java","start1":18,"end1":47,"start2":15,"end2":47,"tokens":28},{"file1":"sec1_1221806-manar zitawi_616019_assignsubmission_file\\CreditCard.java","file2":"sec1_1210567-Tala Abadi_615995_assignsubmission_file\\CreditCard.java","start1":13,"end1":36,"start2":12,"end2":36,"tokens":27},{"file1":"sec1_1221806-manar zitawi_616019_assignsubmission_file\\CustomerPayment.java","file2":"sec1_1210567-Tala Abadi_615995_assignsubmission_file\\CustomerPayment.java","start1":53,"end1":66,"start2":47,"end2":63,"tokens":19},{"file1":"sec1_1221806-manar zitawi_616019_assignsubmission_file\\Cash.java","file2":"sec1_1210567-Tala Abadi_615995_assignsubmission_file\\Cash.java","start1":11,"end1":26,"start2":10,"end2":27,"tokens":18},{"file1":"sec1_1221806-manar zitawi_616019_assignsubmission_file\\Check.java","file2":"sec1_1210567-Tala Abadi_615995_assignsubmission_file\\Check.java","start1":4,"end1":12,"start2":1,"end2":12,"tokens":9}]}