{"id1":"sec1_1221806-manar zitawi_616019_assignsubmission_file","id2":"sec1_1220686-Dareen Abualhaj_616179_assignsubmission_file","similarity":0.8320610687022901,"matches":[{"file1":"sec1_1221806-manar zitawi_616019_assignsubmission_file\\CustomerPayment.java","file2":"sec1_1220686-Dareen Abualhaj_616179_assignsubmission_file\\CustomerPayment.java","start1":18,"end1":72,"start2":15,"end2":74,"tokens":54},{"file1":"sec1_1221806-manar zitawi_616019_assignsubmission_file\\Driver.java","file2":"sec1_1220686-Dareen Abualhaj_616179_assignsubmission_file\\Driver.java","start1":5,"end1":39,"start2":1,"end2":38,"tokens":51},{"file1":"sec1_1221806-manar zitawi_616019_assignsubmission_file\\Check.java","file2":"sec1_1220686-Dareen Abualhaj_616179_assignsubmission_file\\Check.java","start1":6,"end1":45,"start2":3,"end2":46,"tokens":43},{"file1":"sec1_1221806-manar zitawi_616019_assignsubmission_file\\CreditCard.java","file2":"sec1_1220686-Dareen Abualhaj_616179_assignsubmission_file\\CreditCard.java","start1":6,"end1":36,"start2":2,"end2":32,"tokens":32},{"file1":"sec1_1221806-manar zitawi_616019_assignsubmission_file\\Cash.java","file2":"sec1_1220686-Dareen Abualhaj_616179_assignsubmission_file\\Cash.java","start1":6,"end1":38,"start2":3,"end2":38,"tokens":28},{"file1":"sec1_1221806-manar zitawi_616019_assignsubmission_file\\CustomerPayment.java","file2":"sec1_1220686-Dareen Abualhaj_616179_assignsubmission_file\\CustomerPayment.java","start1":6,"end1":16,"start2":3,"end2":13,"tokens":10}]}