{"id1":"sec1_1221806-manar zitawi_616019_assignsubmission_file","id2":"sec1_1220153-Mohammed Khawaja_616061_assignsubmission_file","similarity":0.6405451448040886,"matches":[{"file1":"sec1_1221806-manar zitawi_616019_assignsubmission_file\\Driver.java","file2":"sec1_1220153-Mohammed Khawaja_616061_assignsubmission_file\\Driver.java","start1":4,"end1":39,"start2":1,"end2":37,"tokens":52},{"file1":"sec1_1221806-manar zitawi_616019_assignsubmission_file\\Check.java","file2":"sec1_1220153-Mohammed Khawaja_616061_assignsubmission_file\\Check.java","start1":14,"end1":45,"start2":13,"end2":47,"tokens":35},{"file1":"sec1_1221806-manar zitawi_616019_assignsubmission_file\\CreditCard.java","file2":"sec1_1220153-Mohammed Khawaja_616061_assignsubmission_file\\CreditCard.java","start1":13,"end1":38,"start2":12,"end2":38,"tokens":28},{"file1":"sec1_1221806-manar zitawi_616019_assignsubmission_file\\CustomerPayment.java","file2":"sec1_1220153-Mohammed Khawaja_616061_assignsubmission_file\\CustomerPayment.java","start1":18,"end1":45,"start2":16,"end2":45,"tokens":26},{"file1":"sec1_1221806-manar zitawi_616019_assignsubmission_file\\CustomerPayment.java","file2":"sec1_1220153-Mohammed Khawaja_616061_assignsubmission_file\\CustomerPayment.java","start1":53,"end1":72,"start2":50,"end2":66,"tokens":20},{"file1":"sec1_1221806-manar zitawi_616019_assignsubmission_file\\Cash.java","file2":"sec1_1220153-Mohammed Khawaja_616061_assignsubmission_file\\Cash.java","start1":11,"end1":26,"start2":8,"end2":23,"tokens":18},{"file1":"sec1_1221806-manar zitawi_616019_assignsubmission_file\\Check.java","file2":"sec1_1220153-Mohammed Khawaja_616061_assignsubmission_file\\Check.java","start1":4,"end1":12,"start2":1,"end2":11,"tokens":9}]}