{"id1":"sec1_1222703-noor abdul rahman_616143_assignsubmission_file","id2":"sec1_1190244-waleed ayesh_616161_assignsubmission_file","similarity":0.7355072463768116,"matches":[{"file1":"sec1_1222703-noor abdul rahman_616143_assignsubmission_file\\Driver.java","file2":"sec1_1190244-waleed ayesh_616161_assignsubmission_file\\Driver.java","start1":5,"end1":42,"start2":7,"end2":42,"tokens":44},{"file1":"sec1_1222703-noor abdul rahman_616143_assignsubmission_file\\CustomerPayment.java","file2":"sec1_1190244-waleed ayesh_616161_assignsubmission_file\\CustomerPayment.java","start1":1,"end1":49,"start2":5,"end2":55,"tokens":37},{"file1":"sec1_1222703-noor abdul rahman_616143_assignsubmission_file\\Check.java","file2":"sec1_1190244-waleed ayesh_616161_assignsubmission_file\\Check.java","start1":17,"end1":50,"start2":22,"end2":53,"tokens":35},{"file1":"sec1_1222703-noor abdul rahman_616143_assignsubmission_file\\CreditCard.java","file2":"sec1_1190244-waleed ayesh_616161_assignsubmission_file\\CreditCard.java","start1":12,"end1":36,"start2":22,"end2":48,"tokens":26},{"file1":"sec1_1222703-noor abdul rahman_616143_assignsubmission_file\\Cash.java","file2":"sec1_1190244-waleed ayesh_616161_assignsubmission_file\\Cash.java","start1":9,"end1":24,"start2":16,"end2":33,"tokens":17},{"file1":"sec1_1222703-noor abdul rahman_616143_assignsubmission_file\\CustomerPayment.java","file2":"sec1_1190244-waleed ayesh_616161_assignsubmission_file\\CustomerPayment.java","start1":60,"end1":64,"start2":56,"end2":64,"tokens":15},{"file1":"sec1_1222703-noor abdul rahman_616143_assignsubmission_file\\CreditCard.java","file2":"sec1_1190244-waleed ayesh_616161_assignsubmission_file\\CreditCard.java","start1":43,"end1":53,"start2":56,"end2":66,"tokens":11},{"file1":"sec1_1222703-noor abdul rahman_616143_assignsubmission_file\\Check.java","file2":"sec1_1190244-waleed ayesh_616161_assignsubmission_file\\Check.java","start1":1,"end1":15,"start2":5,"end2":19,"tokens":9},{"file1":"sec1_1222703-noor abdul rahman_616143_assignsubmission_file\\Driver.java","file2":"sec1_1190244-waleed ayesh_616161_assignsubmission_file\\Driver.java","start1":44,"end1":88,"start2":44,"end2":50,"tokens":9}]}