{"id1":"sec1_1220433-Ilisar Kharoub_615989_assignsubmission_file","id2":"sec1_1220153-Mohammed Khawaja_616061_assignsubmission_file","similarity":0.6633499170812603,"matches":[{"file1":"sec1_1220433-Ilisar Kharoub_615989_assignsubmission_file\\Driver.java","file2":"sec1_1220153-Mohammed Khawaja_616061_assignsubmission_file\\Driver.java","start1":6,"end1":71,"start2":3,"end2":37,"tokens":51},{"file1":"sec1_1220433-Ilisar Kharoub_615989_assignsubmission_file\\Check.java","file2":"sec1_1220153-Mohammed Khawaja_616061_assignsubmission_file\\Check.java","start1":23,"end1":69,"start2":13,"end2":47,"tokens":35},{"file1":"sec1_1220433-Ilisar Kharoub_615989_assignsubmission_file\\CreditCard.java","file2":"sec1_1220153-Mohammed Khawaja_616061_assignsubmission_file\\CreditCard.java","start1":14,"end1":52,"start2":12,"end2":41,"tokens":32},{"file1":"sec1_1220433-Ilisar Kharoub_615989_assignsubmission_file\\CustomerPayment.java","file2":"sec1_1220153-Mohammed Khawaja_616061_assignsubmission_file\\CustomerPayment.java","start1":19,"end1":51,"start2":16,"end2":45,"tokens":26},{"file1":"sec1_1220433-Ilisar Kharoub_615989_assignsubmission_file\\CustomerPayment.java","file2":"sec1_1220153-Mohammed Khawaja_616061_assignsubmission_file\\Check.java","start1":70,"end1":90,"start2":74,"end2":89,"tokens":20},{"file1":"sec1_1220433-Ilisar Kharoub_615989_assignsubmission_file\\Cash.java","file2":"sec1_1220153-Mohammed Khawaja_616061_assignsubmission_file\\Cash.java","start1":11,"end1":29,"start2":8,"end2":23,"tokens":18},{"file1":"sec1_1220433-Ilisar Kharoub_615989_assignsubmission_file\\CreditCard.java","file2":"sec1_1220153-Mohammed Khawaja_616061_assignsubmission_file\\CreditCard.java","start1":62,"end1":70,"start2":44,"end2":50,"tokens":9},{"file1":"sec1_1220433-Ilisar Kharoub_615989_assignsubmission_file\\Check.java","file2":"sec1_1220153-Mohammed Khawaja_616061_assignsubmission_file\\Check.java","start1":1,"end1":21,"start2":1,"end2":11,"tokens":9}]}