{"id1":"sec1_1220321-abdallah sadaqa_615968_assignsubmission_file","id2":"sec1_1201656-reda srour_615998_assignsubmission_file","similarity":0.667953667953668,"matches":[{"file1":"sec1_1220321-abdallah sadaqa_615968_assignsubmission_file\\Driver.java","file2":"sec1_1201656-reda srour_615998_assignsubmission_file\\Driver.java","start1":5,"end1":42,"start2":3,"end2":40,"tokens":53},{"file1":"sec1_1220321-abdallah sadaqa_615968_assignsubmission_file\\CustomerPayment.java","file2":"sec1_1201656-reda srour_615998_assignsubmission_file\\CustomerPayment.java","start1":19,"end1":61,"start2":22,"end2":48,"tokens":23},{"file1":"sec1_1220321-abdallah sadaqa_615968_assignsubmission_file\\Check.java","file2":"sec1_1201656-reda srour_615998_assignsubmission_file\\Check.java","start1":18,"end1":44,"start2":48,"end2":74,"tokens":23},{"file1":"sec1_1220321-abdallah sadaqa_615968_assignsubmission_file\\Check.java","file2":"sec1_1201656-reda srour_615998_assignsubmission_file\\Check.java","start1":3,"end1":17,"start2":1,"end2":18,"tokens":19},{"file1":"sec1_1220321-abdallah sadaqa_615968_assignsubmission_file\\CreditCard.java","file2":"sec1_1201656-reda srour_615998_assignsubmission_file\\CreditCard.java","start1":2,"end1":21,"start2":1,"end2":15,"tokens":16},{"file1":"sec1_1220321-abdallah sadaqa_615968_assignsubmission_file\\CreditCard.java","file2":"sec1_1201656-reda srour_615998_assignsubmission_file\\CreditCard.java","start1":22,"end1":43,"start2":32,"end2":47,"tokens":14},{"file1":"sec1_1220321-abdallah sadaqa_615968_assignsubmission_file\\CustomerPayment.java","file2":"sec1_1201656-reda srour_615998_assignsubmission_file\\CustomerPayment.java","start1":6,"end1":18,"start2":3,"end2":14,"tokens":13},{"file1":"sec1_1220321-abdallah sadaqa_615968_assignsubmission_file\\Cash.java","file2":"sec1_1201656-reda srour_615998_assignsubmission_file\\Cash.java","start1":3,"end1":15,"start2":1,"end2":12,"tokens":12}]}