{"id1":"sec1_1222732-layan kahalf_616047_assignsubmission_file","id2":"sec1_1201656-reda srour_615998_assignsubmission_file","similarity":0.6484210526315789,"matches":[{"file1":"sec1_1222732-layan kahalf_616047_assignsubmission_file\\Driver.java","file2":"sec1_1201656-reda srour_615998_assignsubmission_file\\Driver.java","start1":7,"end1":49,"start2":1,"end2":40,"tokens":54},{"file1":"sec1_1222732-layan kahalf_616047_assignsubmission_file\\CreditCard.java","file2":"sec1_1201656-reda srour_615998_assignsubmission_file\\CreditCard.java","start1":7,"end1":56,"start2":1,"end2":28,"tokens":30},{"file1":"sec1_1222732-layan kahalf_616047_assignsubmission_file\\Check.java","file2":"sec1_1201656-reda srour_615998_assignsubmission_file\\Check.java","start1":7,"end1":58,"start2":1,"end2":26,"tokens":25},{"file1":"sec1_1222732-layan kahalf_616047_assignsubmission_file\\Cash.java","file2":"sec1_1201656-reda srour_615998_assignsubmission_file\\Cash.java","start1":7,"end1":44,"start2":1,"end2":22,"tokens":22},{"file1":"sec1_1222732-layan kahalf_616047_assignsubmission_file\\CustomerPayment.java","file2":"sec1_1201656-reda srour_615998_assignsubmission_file\\CustomerPayment.java","start1":7,"end1":33,"start2":1,"end2":14,"tokens":14},{"file1":"sec1_1222732-layan kahalf_616047_assignsubmission_file\\CustomerPayment.java","file2":"sec1_1201656-reda srour_615998_assignsubmission_file\\CustomerPayment.java","start1":39,"end1":52,"start2":22,"end2":32,"tokens":9}]}