{"id1":"sec1_1220321-abdallah sadaqa_615968_assignsubmission_file","id2":"sec1_1200874-Kamel Aqel_616078_assignsubmission_file","similarity":0.6003824091778203,"matches":[{"file1":"sec1_1220321-abdallah sadaqa_615968_assignsubmission_file\\Driver.java","file2":"sec1_1200874-Kamel Aqel_616078_assignsubmission_file\\Driver.java","start1":21,"end1":39,"start2":21,"end2":42,"tokens":33},{"file1":"sec1_1220321-abdallah sadaqa_615968_assignsubmission_file\\CustomerPayment.java","file2":"sec1_1200874-Kamel Aqel_616078_assignsubmission_file\\CustomerPayment.java","start1":11,"end1":61,"start2":14,"end2":48,"tokens":32},{"file1":"sec1_1220321-abdallah sadaqa_615968_assignsubmission_file\\CreditCard.java","file2":"sec1_1200874-Kamel Aqel_616078_assignsubmission_file\\CreditCard.java","start1":13,"end1":43,"start2":15,"end2":37,"tokens":25},{"file1":"sec1_1220321-abdallah sadaqa_615968_assignsubmission_file\\Check.java","file2":"sec1_1200874-Kamel Aqel_616078_assignsubmission_file\\Check.java","start1":17,"end1":44,"start2":27,"end2":54,"tokens":24},{"file1":"sec1_1220321-abdallah sadaqa_615968_assignsubmission_file\\Driver.java","file2":"sec1_1200874-Kamel Aqel_616078_assignsubmission_file\\Driver.java","start1":5,"end1":16,"start2":4,"end2":17,"tokens":14},{"file1":"sec1_1220321-abdallah sadaqa_615968_assignsubmission_file\\Check.java","file2":"sec1_1200874-Kamel Aqel_616078_assignsubmission_file\\Check.java","start1":13,"end1":16,"start2":17,"end2":21,"tokens":10},{"file1":"sec1_1220321-abdallah sadaqa_615968_assignsubmission_file\\Check.java","file2":"sec1_1200874-Kamel Aqel_616078_assignsubmission_file\\CreditCard.java","start1":53,"end1":64,"start2":40,"end2":49,"tokens":10},{"file1":"sec1_1220321-abdallah sadaqa_615968_assignsubmission_file\\Cash.java","file2":"sec1_1200874-Kamel Aqel_616078_assignsubmission_file\\Cash.java","start1":9,"end1":15,"start2":12,"end2":17,"tokens":9}]}