{"id1":"sec1_1220965-Nagham Halloum_616141_assignsubmission_file","id2":"sec1_1220153-Mohammed Khawaja_616061_assignsubmission_file","similarity":0.7011686143572621,"matches":[{"file1":"sec1_1220965-Nagham Halloum_616141_assignsubmission_file\\Driver.java","file2":"sec1_1220153-Mohammed Khawaja_616061_assignsubmission_file\\Driver.java","start1":2,"end1":35,"start2":3,"end2":37,"tokens":51},{"file1":"sec1_1220965-Nagham Halloum_616141_assignsubmission_file\\Check.java","file2":"sec1_1220153-Mohammed Khawaja_616061_assignsubmission_file\\Check.java","start1":2,"end1":47,"start2":3,"end2":47,"tokens":44},{"file1":"sec1_1220965-Nagham Halloum_616141_assignsubmission_file\\CreditCard.java","file2":"sec1_1220153-Mohammed Khawaja_616061_assignsubmission_file\\CreditCard.java","start1":1,"end1":39,"start2":3,"end2":44,"tokens":40},{"file1":"sec1_1220965-Nagham Halloum_616141_assignsubmission_file\\CustomerPayment.java","file2":"sec1_1220153-Mohammed Khawaja_616061_assignsubmission_file\\CustomerPayment.java","start1":6,"end1":36,"start2":10,"end2":45,"tokens":33},{"file1":"sec1_1220965-Nagham Halloum_616141_assignsubmission_file\\Cash.java","file2":"sec1_1220153-Mohammed Khawaja_616061_assignsubmission_file\\Cash.java","start1":2,"end1":21,"start2":3,"end2":23,"tokens":22},{"file1":"sec1_1220965-Nagham Halloum_616141_assignsubmission_file\\CustomerPayment.java","file2":"sec1_1220153-Mohammed Khawaja_616061_assignsubmission_file\\CustomerPayment.java","start1":44,"end1":59,"start2":50,"end2":66,"tokens":20}]}