{"id1":"sec1_1220965-Nagham Halloum_616141_assignsubmission_file","id2":"sec1_1200874-Kamel Aqel_616078_assignsubmission_file","similarity":0.5966850828729282,"matches":[{"file1":"sec1_1220965-Nagham Halloum_616141_assignsubmission_file\\Driver.java","file2":"sec1_1200874-Kamel Aqel_616078_assignsubmission_file\\Driver.java","start1":15,"end1":33,"start2":21,"end2":42,"tokens":33},{"file1":"sec1_1220965-Nagham Halloum_616141_assignsubmission_file\\CreditCard.java","file2":"sec1_1200874-Kamel Aqel_616078_assignsubmission_file\\CreditCard.java","start1":9,"end1":33,"start2":13,"end2":37,"tokens":27},{"file1":"sec1_1220965-Nagham Halloum_616141_assignsubmission_file\\Check.java","file2":"sec1_1200874-Kamel Aqel_616078_assignsubmission_file\\Check.java","start1":20,"end1":47,"start2":27,"end2":54,"tokens":25},{"file1":"sec1_1220965-Nagham Halloum_616141_assignsubmission_file\\CustomerPayment.java","file2":"sec1_1200874-Kamel Aqel_616078_assignsubmission_file\\CustomerPayment.java","start1":15,"end1":36,"start2":21,"end2":48,"tokens":23},{"file1":"sec1_1220965-Nagham Halloum_616141_assignsubmission_file\\Cash.java","file2":"sec1_1200874-Kamel Aqel_616078_assignsubmission_file\\Cash.java","start1":12,"end1":23,"start2":20,"end2":32,"tokens":12},{"file1":"sec1_1220965-Nagham Halloum_616141_assignsubmission_file\\Driver.java","file2":"sec1_1200874-Kamel Aqel_616078_assignsubmission_file\\Driver.java","start1":2,"end1":10,"start2":6,"end2":17,"tokens":12},{"file1":"sec1_1220965-Nagham Halloum_616141_assignsubmission_file\\Check.java","file2":"sec1_1200874-Kamel Aqel_616078_assignsubmission_file\\Check.java","start1":14,"end1":19,"start2":15,"end2":21,"tokens":11},{"file1":"sec1_1220965-Nagham Halloum_616141_assignsubmission_file\\CustomerPayment.java","file2":"sec1_1200874-Kamel Aqel_616078_assignsubmission_file\\CustomerPayment.java","start1":2,"end1":10,"start2":4,"end2":14,"tokens":10},{"file1":"sec1_1220965-Nagham Halloum_616141_assignsubmission_file\\Check.java","file2":"sec1_1200874-Kamel Aqel_616078_assignsubmission_file\\CreditCard.java","start1":60,"end1":70,"start2":40,"end2":49,"tokens":9}]}