{"id1":"sec1_1220965-Nagham Halloum_616141_assignsubmission_file","id2":"sec1_1221371-Ahmad Sous_616133_assignsubmission_file","similarity":0.702054794520548,"matches":[{"file1":"sec1_1220965-Nagham Halloum_616141_assignsubmission_file\\Driver.java","file2":"sec1_1221371-Ahmad Sous_616133_assignsubmission_file\\Driver.java","start1":2,"end1":33,"start2":5,"end2":35,"tokens":48},{"file1":"sec1_1220965-Nagham Halloum_616141_assignsubmission_file\\CustomerPayment.java","file2":"sec1_1221371-Ahmad Sous_616133_assignsubmission_file\\CustomerPayment.java","start1":12,"end1":43,"start2":17,"end2":66,"tokens":34},{"file1":"sec1_1220965-Nagham Halloum_616141_assignsubmission_file\\CreditCard.java","file2":"sec1_1221371-Ahmad Sous_616133_assignsubmission_file\\CreditCard.java","start1":9,"end1":35,"start2":14,"end2":41,"tokens":28},{"file1":"sec1_1220965-Nagham Halloum_616141_assignsubmission_file\\Check.java","file2":"sec1_1221371-Ahmad Sous_616133_assignsubmission_file\\Check.java","start1":21,"end1":43,"start2":30,"end2":47,"tokens":20},{"file1":"sec1_1220965-Nagham Halloum_616141_assignsubmission_file\\Cash.java","file2":"sec1_1221371-Ahmad Sous_616133_assignsubmission_file\\Cash.java","start1":7,"end1":21,"start2":12,"end2":32,"tokens":18},{"file1":"sec1_1220965-Nagham Halloum_616141_assignsubmission_file\\CustomerPayment.java","file2":"sec1_1221371-Ahmad Sous_616133_assignsubmission_file\\CustomerPayment.java","start1":44,"end1":52,"start2":72,"end2":78,"tokens":15},{"file1":"sec1_1220965-Nagham Halloum_616141_assignsubmission_file\\Check.java","file2":"sec1_1221371-Ahmad Sous_616133_assignsubmission_file\\Check.java","start1":56,"end1":68,"start2":65,"end2":76,"tokens":13},{"file1":"sec1_1220965-Nagham Halloum_616141_assignsubmission_file\\Check.java","file2":"sec1_1221371-Ahmad Sous_616133_assignsubmission_file\\Check.java","start1":14,"end1":19,"start2":18,"end2":23,"tokens":11},{"file1":"sec1_1220965-Nagham Halloum_616141_assignsubmission_file\\Cash.java","file2":"sec1_1221371-Ahmad Sous_616133_assignsubmission_file\\Check.java","start1":23,"end1":31,"start2":78,"end2":89,"tokens":9},{"file1":"sec1_1220965-Nagham Halloum_616141_assignsubmission_file\\Check.java","file2":"sec1_1221371-Ahmad Sous_616133_assignsubmission_file\\Check.java","start1":2,"end1":13,"start2":3,"end2":14,"tokens":9}]}