{"id1":"sec1_1211512-Masarra Alnubani_616110_assignsubmission_file","id2":"sec1_1220686-Dareen Abualhaj_616179_assignsubmission_file","similarity":0.628131021194605,"matches":[{"file1":"sec1_1211512-Masarra Alnubani_616110_assignsubmission_file\\Driver.java","file2":"sec1_1220686-Dareen Abualhaj_616179_assignsubmission_file\\Driver.java","start1":8,"end1":46,"start2":1,"end2":38,"tokens":51},{"file1":"sec1_1211512-Masarra Alnubani_616110_assignsubmission_file\\Check.java","file2":"sec1_1220686-Dareen Abualhaj_616179_assignsubmission_file\\Check.java","start1":19,"end1":56,"start2":16,"end2":46,"tokens":34},{"file1":"sec1_1211512-Masarra Alnubani_616110_assignsubmission_file\\CreditCard.java","file2":"sec1_1220686-Dareen Abualhaj_616179_assignsubmission_file\\CreditCard.java","start1":14,"end1":43,"start2":12,"end2":35,"tokens":28},{"file1":"sec1_1211512-Masarra Alnubani_616110_assignsubmission_file\\CustomerPayment.java","file2":"sec1_1220686-Dareen Abualhaj_616179_assignsubmission_file\\CustomerPayment.java","start1":13,"end1":42,"start2":15,"end2":47,"tokens":26},{"file1":"sec1_1211512-Masarra Alnubani_616110_assignsubmission_file\\Cash.java","file2":"sec1_1220686-Dareen Abualhaj_616179_assignsubmission_file\\Cash.java","start1":8,"end1":30,"start2":10,"end2":38,"tokens":24}]}