{"id1":"sec1_1211512-Masarra Alnubani_616110_assignsubmission_file","id2":"sec1_1221972-mohammed saada_616168_assignsubmission_file","similarity":0.6328125,"matches":[{"file1":"sec1_1211512-Masarra Alnubani_616110_assignsubmission_file\\Driver.java","file2":"sec1_1221972-mohammed saada_616168_assignsubmission_file\\Driver.java","start1":8,"end1":46,"start2":7,"end2":56,"tokens":51},{"file1":"sec1_1211512-Masarra Alnubani_616110_assignsubmission_file\\Check.java","file2":"sec1_1221972-mohammed saada_616168_assignsubmission_file\\Check.java","start1":19,"end1":56,"start2":29,"end2":61,"tokens":35},{"file1":"sec1_1211512-Masarra Alnubani_616110_assignsubmission_file\\CustomerPayment.java","file2":"sec1_1221972-mohammed saada_616168_assignsubmission_file\\CustomerPayment.java","start1":12,"end1":42,"start2":19,"end2":51,"tokens":30},{"file1":"sec1_1211512-Masarra Alnubani_616110_assignsubmission_file\\CreditCard.java","file2":"sec1_1221972-mohammed saada_616168_assignsubmission_file\\CreditCard.java","start1":14,"end1":39,"start2":23,"end2":46,"tokens":26},{"file1":"sec1_1211512-Masarra Alnubani_616110_assignsubmission_file\\Cash.java","file2":"sec1_1221972-mohammed saada_616168_assignsubmission_file\\Cash.java","start1":8,"end1":26,"start2":20,"end2":40,"tokens":20}]}