{"id1":"sec1_1190244-waleed ayesh_616161_assignsubmission_file","id2":"sec1_1222177-sadeen faqeeh_616153_assignsubmission_file","similarity":0.626465661641541,"matches":[{"file1":"sec1_1190244-waleed ayesh_616161_assignsubmission_file\\Driver.java","file2":"sec1_1222177-sadeen faqeeh_616153_assignsubmission_file\\Driver.java","start1":5,"end1":42,"start2":4,"end2":40,"tokens":45},{"file1":"sec1_1190244-waleed ayesh_616161_assignsubmission_file\\CustomerPayment.java","file2":"sec1_1222177-sadeen faqeeh_616153_assignsubmission_file\\CustomerPayment.java","start1":5,"end1":55,"start2":4,"end2":42,"tokens":37},{"file1":"sec1_1190244-waleed ayesh_616161_assignsubmission_file\\Check.java","file2":"sec1_1222177-sadeen faqeeh_616153_assignsubmission_file\\Check.java","start1":22,"end1":53,"start2":16,"end2":44,"tokens":35},{"file1":"sec1_1190244-waleed ayesh_616161_assignsubmission_file\\CreditCard.java","file2":"sec1_1222177-sadeen faqeeh_616153_assignsubmission_file\\CreditCard.java","start1":22,"end1":48,"start2":13,"end2":35,"tokens":26},{"file1":"sec1_1190244-waleed ayesh_616161_assignsubmission_file\\Cash.java","file2":"sec1_1222177-sadeen faqeeh_616153_assignsubmission_file\\Cash.java","start1":16,"end1":33,"start2":10,"end2":25,"tokens":17},{"file1":"sec1_1190244-waleed ayesh_616161_assignsubmission_file\\Check.java","file2":"sec1_1222177-sadeen faqeeh_616153_assignsubmission_file\\Check.java","start1":5,"end1":19,"start2":4,"end2":15,"tokens":9},{"file1":"sec1_1190244-waleed ayesh_616161_assignsubmission_file\\CreditCard.java","file2":"sec1_1222177-sadeen faqeeh_616153_assignsubmission_file\\Check.java","start1":58,"end1":67,"start2":59,"end2":66,"tokens":9},{"file1":"sec1_1190244-waleed ayesh_616161_assignsubmission_file\\Driver.java","file2":"sec1_1222177-sadeen faqeeh_616153_assignsubmission_file\\Driver.java","start1":44,"end1":50,"start2":42,"end2":45,"tokens":9}]}