{"id1":"sec1_1210567-Tala Abadi_615995_assignsubmission_file","id2":"sec1_1221371-Ahmad Sous_616133_assignsubmission_file","similarity":0.6084033613445378,"matches":[{"file1":"sec1_1210567-Tala Abadi_615995_assignsubmission_file\\Driver.java","file2":"sec1_1221371-Ahmad Sous_616133_assignsubmission_file\\Driver.java","start1":26,"end1":55,"start2":18,"end2":34,"tokens":30},{"file1":"sec1_1210567-Tala Abadi_615995_assignsubmission_file\\CustomerPayment.java","file2":"sec1_1221371-Ahmad Sous_616133_assignsubmission_file\\CustomerPayment.java","start1":15,"end1":47,"start2":17,"end2":62,"tokens":28},{"file1":"sec1_1210567-Tala Abadi_615995_assignsubmission_file\\CreditCard.java","file2":"sec1_1221371-Ahmad Sous_616133_assignsubmission_file\\CreditCard.java","start1":12,"end1":36,"start2":14,"end2":39,"tokens":27},{"file1":"sec1_1210567-Tala Abadi_615995_assignsubmission_file\\Check.java","file2":"sec1_1221371-Ahmad Sous_616133_assignsubmission_file\\Check.java","start1":21,"end1":43,"start2":30,"end2":47,"tokens":20},{"file1":"sec1_1210567-Tala Abadi_615995_assignsubmission_file\\Cash.java","file2":"sec1_1221371-Ahmad Sous_616133_assignsubmission_file\\Cash.java","start1":10,"end1":29,"start2":12,"end2":34,"tokens":19},{"file1":"sec1_1210567-Tala Abadi_615995_assignsubmission_file\\CustomerPayment.java","file2":"sec1_1221371-Ahmad Sous_616133_assignsubmission_file\\CustomerPayment.java","start1":47,"end1":55,"start2":72,"end2":78,"tokens":15},{"file1":"sec1_1210567-Tala Abadi_615995_assignsubmission_file\\CustomerPayment.java","file2":"sec1_1221371-Ahmad Sous_616133_assignsubmission_file\\CustomerPayment.java","start1":1,"end1":13,"start2":1,"end2":16,"tokens":12},{"file1":"sec1_1210567-Tala Abadi_615995_assignsubmission_file\\Check.java","file2":"sec1_1221371-Ahmad Sous_616133_assignsubmission_file\\Check.java","start1":14,"end1":19,"start2":18,"end2":23,"tokens":11},{"file1":"sec1_1210567-Tala Abadi_615995_assignsubmission_file\\Check.java","file2":"sec1_1221371-Ahmad Sous_616133_assignsubmission_file\\Check.java","start1":1,"end1":13,"start2":1,"end2":14,"tokens":10},{"file1":"sec1_1210567-Tala Abadi_615995_assignsubmission_file\\Driver.java","file2":"sec1_1221371-Ahmad Sous_616133_assignsubmission_file\\Driver.java","start1":5,"end1":16,"start2":1,"end2":10,"tokens":9}]}