{"id1":"sec1_1220433-Ilisar Kharoub_615989_assignsubmission_file","id2":"sec1_1222177-sadeen faqeeh_616153_assignsubmission_file","similarity":0.6790540540540541,"matches":[{"file1":"sec1_1220433-Ilisar Kharoub_615989_assignsubmission_file\\Driver.java","file2":"sec1_1222177-sadeen faqeeh_616153_assignsubmission_file\\Driver.java","start1":4,"end1":71,"start2":6,"end2":45,"tokens":53},{"file1":"sec1_1220433-Ilisar Kharoub_615989_assignsubmission_file\\Check.java","file2":"sec1_1222177-sadeen faqeeh_616153_assignsubmission_file\\Check.java","start1":1,"end1":69,"start2":4,"end2":44,"tokens":44},{"file1":"sec1_1220433-Ilisar Kharoub_615989_assignsubmission_file\\CustomerPayment.java","file2":"sec1_1222177-sadeen faqeeh_616153_assignsubmission_file\\CustomerPayment.java","start1":1,"end1":63,"start2":4,"end2":44,"tokens":42},{"file1":"sec1_1220433-Ilisar Kharoub_615989_assignsubmission_file\\CreditCard.java","file2":"sec1_1222177-sadeen faqeeh_616153_assignsubmission_file\\CreditCard.java","start1":1,"end1":49,"start2":4,"end2":37,"tokens":34},{"file1":"sec1_1220433-Ilisar Kharoub_615989_assignsubmission_file\\Cash.java","file2":"sec1_1222177-sadeen faqeeh_616153_assignsubmission_file\\Cash.java","start1":1,"end1":38,"start2":4,"end2":31,"tokens":28}]}