{"id1":"sec1_1221972-mohammed saada_616168_assignsubmission_file","id2":"sec1_1220152-Abdallah Khawaja_616200_assignsubmission_file","similarity":0.6858168761220825,"matches":[{"file1":"sec1_1221972-mohammed saada_616168_assignsubmission_file\\Driver.java","file2":"sec1_1220152-Abdallah Khawaja_616200_assignsubmission_file\\Driver.java","start1":6,"end1":56,"start2":2,"end2":36,"tokens":52},{"file1":"sec1_1221972-mohammed saada_616168_assignsubmission_file\\Check.java","file2":"sec1_1220152-Abdallah Khawaja_616200_assignsubmission_file\\Check.java","start1":22,"end1":67,"start2":14,"end2":56,"tokens":43},{"file1":"sec1_1221972-mohammed saada_616168_assignsubmission_file\\CreditCard.java","file2":"sec1_1220152-Abdallah Khawaja_616200_assignsubmission_file\\CreditCard.java","start1":20,"end1":52,"start2":18,"end2":47,"tokens":30},{"file1":"sec1_1221972-mohammed saada_616168_assignsubmission_file\\CustomerPayment.java","file2":"sec1_1220152-Abdallah Khawaja_616200_assignsubmission_file\\CustomerPayment.java","start1":20,"end1":54,"start2":14,"end2":45,"tokens":28},{"file1":"sec1_1221972-mohammed saada_616168_assignsubmission_file\\Cash.java","file2":"sec1_1220152-Abdallah Khawaja_616200_assignsubmission_file\\Cash.java","start1":15,"end1":34,"start2":11,"end2":28,"tokens":20},{"file1":"sec1_1221972-mohammed saada_616168_assignsubmission_file\\Check.java","file2":"sec1_1220152-Abdallah Khawaja_616200_assignsubmission_file\\Check.java","start1":6,"end1":21,"start2":2,"end2":9,"tokens":9},{"file1":"sec1_1221972-mohammed saada_616168_assignsubmission_file\\Check.java","file2":"sec1_1220152-Abdallah Khawaja_616200_assignsubmission_file\\Check.java","start1":76,"end1":86,"start2":65,"end2":73,"tokens":9}]}