{"id1":"sec1_1220152-Abdallah Khawaja_616200_assignsubmission_file","id2":"sec1_1220153-Mohammed Khawaja_616061_assignsubmission_file","similarity":0.5901116427432217,"matches":[{"file1":"sec1_1220152-Abdallah Khawaja_616200_assignsubmission_file\\Driver.java","file2":"sec1_1220153-Mohammed Khawaja_616061_assignsubmission_file\\Driver.java","start1":2,"end1":36,"start2":1,"end2":37,"tokens":52},{"file1":"sec1_1220152-Abdallah Khawaja_616200_assignsubmission_file\\Check.java","file2":"sec1_1220153-Mohammed Khawaja_616061_assignsubmission_file\\Check.java","start1":18,"end1":51,"start2":13,"end2":47,"tokens":35},{"file1":"sec1_1220152-Abdallah Khawaja_616200_assignsubmission_file\\CustomerPayment.java","file2":"sec1_1220153-Mohammed Khawaja_616061_assignsubmission_file\\CustomerPayment.java","start1":8,"end1":43,"start2":10,"end2":45,"tokens":33},{"file1":"sec1_1220152-Abdallah Khawaja_616200_assignsubmission_file\\CreditCard.java","file2":"sec1_1220153-Mohammed Khawaja_616061_assignsubmission_file\\CreditCard.java","start1":18,"end1":44,"start2":12,"end2":38,"tokens":28},{"file1":"sec1_1220152-Abdallah Khawaja_616200_assignsubmission_file\\Cash.java","file2":"sec1_1220153-Mohammed Khawaja_616061_assignsubmission_file\\Cash.java","start1":13,"end1":30,"start2":8,"end2":25,"tokens":19},{"file1":"sec1_1220152-Abdallah Khawaja_616200_assignsubmission_file\\Cash.java","file2":"sec1_1220153-Mohammed Khawaja_616061_assignsubmission_file\\Cash.java","start1":32,"end1":39,"start2":26,"end2":34,"tokens":9},{"file1":"sec1_1220152-Abdallah Khawaja_616200_assignsubmission_file\\Check.java","file2":"sec1_1220153-Mohammed Khawaja_616061_assignsubmission_file\\Check.java","start1":2,"end1":9,"start2":1,"end2":11,"tokens":9}]}