{"id1":"sec1_1211512-Masarra Alnubani_616110_assignsubmission_file","id2":"sec1_1222703-noor abdul rahman_616143_assignsubmission_file","similarity":0.6349809885931559,"matches":[{"file1":"sec1_1211512-Masarra Alnubani_616110_assignsubmission_file\\Driver.java","file2":"sec1_1222703-noor abdul rahman_616143_assignsubmission_file\\Driver.java","start1":5,"end1":46,"start2":5,"end2":88,"tokens":53},{"file1":"sec1_1211512-Masarra Alnubani_616110_assignsubmission_file\\Check.java","file2":"sec1_1222703-noor abdul rahman_616143_assignsubmission_file\\Check.java","start1":19,"end1":56,"start2":19,"end2":50,"tokens":34},{"file1":"sec1_1211512-Masarra Alnubani_616110_assignsubmission_file\\CustomerPayment.java","file2":"sec1_1222703-noor abdul rahman_616143_assignsubmission_file\\CustomerPayment.java","start1":12,"end1":42,"start2":15,"end2":49,"tokens":30},{"file1":"sec1_1211512-Masarra Alnubani_616110_assignsubmission_file\\CreditCard.java","file2":"sec1_1222703-noor abdul rahman_616143_assignsubmission_file\\CreditCard.java","start1":14,"end1":39,"start2":14,"end2":36,"tokens":26},{"file1":"sec1_1211512-Masarra Alnubani_616110_assignsubmission_file\\Cash.java","file2":"sec1_1222703-noor abdul rahman_616143_assignsubmission_file\\Cash.java","start1":8,"end1":30,"start2":11,"end2":35,"tokens":24}]}