{"id1":"sec1_1220321-abdallah sadaqa_615968_assignsubmission_file","id2":"sec1_1221972-mohammed saada_616168_assignsubmission_file","similarity":0.6208251473477406,"matches":[{"file1":"sec1_1220321-abdallah sadaqa_615968_assignsubmission_file\\Driver.java","file2":"sec1_1221972-mohammed saada_616168_assignsubmission_file\\Driver.java","start1":7,"end1":42,"start2":7,"end2":56,"tokens":51},{"file1":"sec1_1220321-abdallah sadaqa_615968_assignsubmission_file\\Check.java","file2":"sec1_1221972-mohammed saada_616168_assignsubmission_file\\Check.java","start1":13,"end1":44,"start2":29,"end2":61,"tokens":34},{"file1":"sec1_1220321-abdallah sadaqa_615968_assignsubmission_file\\CreditCard.java","file2":"sec1_1221972-mohammed saada_616168_assignsubmission_file\\CreditCard.java","start1":13,"end1":43,"start2":23,"end2":46,"tokens":25},{"file1":"sec1_1220321-abdallah sadaqa_615968_assignsubmission_file\\CustomerPayment.java","file2":"sec1_1221972-mohammed saada_616168_assignsubmission_file\\CustomerPayment.java","start1":19,"end1":61,"start2":23,"end2":51,"tokens":23},{"file1":"sec1_1220321-abdallah sadaqa_615968_assignsubmission_file\\Cash.java","file2":"sec1_1221972-mohammed saada_616168_assignsubmission_file\\Cash.java","start1":9,"end1":24,"start2":20,"end2":34,"tokens":16},{"file1":"sec1_1220321-abdallah sadaqa_615968_assignsubmission_file\\Check.java","file2":"sec1_1221972-mohammed saada_616168_assignsubmission_file\\Check.java","start1":50,"end1":60,"start2":76,"end2":86,"tokens":9}]}