{"id1":"sec1_1221972-mohammed saada_616168_assignsubmission_file","id2":"sec1_1210567-Tala Abadi_615995_assignsubmission_file","similarity":0.5925925925925926,"matches":[{"file1":"sec1_1221972-mohammed saada_616168_assignsubmission_file\\Check.java","file2":"sec1_1210567-Tala Abadi_615995_assignsubmission_file\\Check.java","start1":26,"end1":61,"start2":14,"end2":49,"tokens":35},{"file1":"sec1_1221972-mohammed saada_616168_assignsubmission_file\\Driver.java","file2":"sec1_1210567-Tala Abadi_615995_assignsubmission_file\\Driver.java","start1":27,"end1":51,"start2":26,"end2":55,"tokens":30},{"file1":"sec1_1221972-mohammed saada_616168_assignsubmission_file\\CustomerPayment.java","file2":"sec1_1210567-Tala Abadi_615995_assignsubmission_file\\CustomerPayment.java","start1":20,"end1":54,"start2":15,"end2":47,"tokens":28},{"file1":"sec1_1221972-mohammed saada_616168_assignsubmission_file\\CreditCard.java","file2":"sec1_1210567-Tala Abadi_615995_assignsubmission_file\\CreditCard.java","start1":20,"end1":46,"start2":12,"end2":36,"tokens":27},{"file1":"sec1_1221972-mohammed saada_616168_assignsubmission_file\\Cash.java","file2":"sec1_1210567-Tala Abadi_615995_assignsubmission_file\\Cash.java","start1":17,"end1":34,"start2":10,"end2":27,"tokens":18},{"file1":"sec1_1221972-mohammed saada_616168_assignsubmission_file\\CustomerPayment.java","file2":"sec1_1210567-Tala Abadi_615995_assignsubmission_file\\CustomerPayment.java","start1":6,"end1":19,"start2":1,"end2":13,"tokens":12},{"file1":"sec1_1221972-mohammed saada_616168_assignsubmission_file\\Check.java","file2":"sec1_1210567-Tala Abadi_615995_assignsubmission_file\\Check.java","start1":6,"end1":22,"start2":1,"end2":13,"tokens":10}]}