{"id1":"sec1_1211512-Masarra Alnubani_616110_assignsubmission_file","id2":"sec1_1201656-reda srour_615998_assignsubmission_file","similarity":0.7063339731285988,"matches":[{"file1":"sec1_1211512-Masarra Alnubani_616110_assignsubmission_file\\Driver.java","file2":"sec1_1201656-reda srour_615998_assignsubmission_file\\Driver.java","start1":3,"end1":46,"start2":1,"end2":40,"tokens":54},{"file1":"sec1_1211512-Masarra Alnubani_616110_assignsubmission_file\\CustomerPayment.java","file2":"sec1_1201656-reda srour_615998_assignsubmission_file\\CustomerPayment.java","start1":16,"end1":42,"start2":22,"end2":48,"tokens":24},{"file1":"sec1_1211512-Masarra Alnubani_616110_assignsubmission_file\\Check.java","file2":"sec1_1201656-reda srour_615998_assignsubmission_file\\Check.java","start1":27,"end1":56,"start2":48,"end2":74,"tokens":24},{"file1":"sec1_1211512-Masarra Alnubani_616110_assignsubmission_file\\Check.java","file2":"sec1_1201656-reda srour_615998_assignsubmission_file\\Check.java","start1":3,"end1":26,"start2":1,"end2":18,"tokens":19},{"file1":"sec1_1211512-Masarra Alnubani_616110_assignsubmission_file\\CreditCard.java","file2":"sec1_1201656-reda srour_615998_assignsubmission_file\\CreditCard.java","start1":18,"end1":39,"start2":29,"end2":47,"tokens":17},{"file1":"sec1_1211512-Masarra Alnubani_616110_assignsubmission_file\\CreditCard.java","file2":"sec1_1201656-reda srour_615998_assignsubmission_file\\CreditCard.java","start1":6,"end1":17,"start2":3,"end2":12,"tokens":13},{"file1":"sec1_1211512-Masarra Alnubani_616110_assignsubmission_file\\Cash.java","file2":"sec1_1201656-reda srour_615998_assignsubmission_file\\Cash.java","start1":3,"end1":13,"start2":1,"end2":12,"tokens":12},{"file1":"sec1_1211512-Masarra Alnubani_616110_assignsubmission_file\\CustomerPayment.java","file2":"sec1_1201656-reda srour_615998_assignsubmission_file\\CustomerPayment.java","start1":7,"end1":15,"start2":3,"end2":11,"tokens":11},{"file1":"sec1_1211512-Masarra Alnubani_616110_assignsubmission_file\\Cash.java","file2":"sec1_1201656-reda srour_615998_assignsubmission_file\\Cash.java","start1":14,"end1":24,"start2":25,"end2":36,"tokens":10}]}