{"id1":"1210093-sec7","id2":"1211686-sec6","similarity":0.8491228070175438,"matches":[{"file1":"1210093-sec7\\Check.java","file2":"1211686-sec6\\Check.java","start1":3,"end1":98,"start2":3,"end2":97,"tokens":77},{"file1":"1210093-sec7\\CreditCard.java","file2":"1211686-sec6\\CreditCard.java","start1":3,"end1":63,"start2":3,"end2":63,"tokens":54},{"file1":"1210093-sec7\\Cash.java","file2":"1211686-sec6\\Cash.java","start1":3,"end1":37,"start2":3,"end2":38,"tokens":33},{"file1":"1210093-sec7\\CustomerPayment.java","file2":"1211686-sec6\\CustomerPayment.java","start1":43,"end1":77,"start2":42,"end2":73,"tokens":30},{"file1":"1210093-sec7\\CustomerPayment.java","file2":"1211686-sec6\\CustomerPayment.java","start1":3,"end1":20,"start2":3,"end2":20,"tokens":15},{"file1":"1210093-sec7\\driver.java","file2":"1211686-sec6\\Main.java","start1":36,"end1":48,"start2":31,"end2":42,"tokens":14},{"file1":"1210093-sec7\\driver.java","file2":"1211686-sec6\\Main.java","start1":3,"end1":12,"start2":3,"end2":11,"tokens":10},{"file1":"1210093-sec7\\CustomerPayment.java","file2":"1211686-sec6\\CustomerPayment.java","start1":26,"end1":37,"start2":22,"end2":32,"tokens":9}]}