{"id1":"1210991-sec7","id2":"sec3_1222285-Izzeldin Sallam_615936_assignsubmission_file","similarity":0.8052930056710775,"matches":[{"file1":"1210991-sec7\\Check.java","file2":"sec3_1222285-Izzeldin Sallam_615936_assignsubmission_file\\Check.java","start1":5,"end1":65,"start2":7,"end2":68,"tokens":52},{"file1":"1210991-sec7\\Driver.java","file2":"sec3_1222285-Izzeldin Sallam_615936_assignsubmission_file\\Driver.java","start1":5,"end1":37,"start2":7,"end2":45,"tokens":52},{"file1":"1210991-sec7\\CustomerPayment.java","file2":"sec3_1222285-Izzeldin Sallam_615936_assignsubmission_file\\CustomerPayment.java","start1":20,"end1":57,"start2":22,"end2":56,"tokens":33},{"file1":"1210991-sec7\\Cash.java","file2":"sec3_1222285-Izzeldin Sallam_615936_assignsubmission_file\\Cash.java","start1":5,"end1":35,"start2":7,"end2":42,"tokens":28},{"file1":"1210991-sec7\\CreditCard.java","file2":"sec3_1222285-Izzeldin Sallam_615936_assignsubmission_file\\CreditCard.java","start1":12,"end1":37,"start2":16,"end2":44,"tokens":28},{"file1":"1210991-sec7\\CreditCard.java","file2":"sec3_1222285-Izzeldin Sallam_615936_assignsubmission_file\\CreditCard.java","start1":46,"end1":61,"start2":52,"end2":73,"tokens":10},{"file1":"1210991-sec7\\CustomerPayment.java","file2":"sec3_1222285-Izzeldin Sallam_615936_assignsubmission_file\\CustomerPayment.java","start1":10,"end1":19,"start2":10,"end2":20,"tokens":10}]}