{"id1":"1210991-sec7","id2":"1211693_Sec 9","similarity":0.8105065666041276,"matches":[{"file1":"1210991-sec7\\Driver.java","file2":"1211693_Sec 9\\Driver.java","start1":5,"end1":37,"start2":5,"end2":45,"tokens":52},{"file1":"1210991-sec7\\Check.java","file2":"1211693_Sec 9\\Check.java","start1":6,"end1":65,"start2":8,"end2":116,"tokens":51},{"file1":"1210991-sec7\\CreditCard.java","file2":"1211693_Sec 9\\CreditCard.java","start1":5,"end1":42,"start2":5,"end2":66,"tokens":37},{"file1":"1210991-sec7\\CustomerPayment.java","file2":"1211693_Sec 9\\CustomerPayment.java","start1":10,"end1":52,"start2":8,"end2":79,"tokens":36},{"file1":"1210991-sec7\\Cash.java","file2":"1211693_Sec 9\\Cash.java","start1":6,"end1":37,"start2":8,"end2":70,"tokens":29},{"file1":"1210991-sec7\\CustomerPayment.java","file2":"1211693_Sec 9\\CustomerPayment.java","start1":52,"end1":59,"start2":93,"end2":103,"tokens":11}]}