{"id1":"1211693_Sec 9","id2":"1221471_Sec 8","similarity":0.8123861566484517,"matches":[{"file1":"1211693_Sec 9\\Driver.java","file2":"1221471_Sec 8\\Driver.java","start1":6,"end1":45,"start2":6,"end2":39,"tokens":51},{"file1":"1211693_Sec 9\\CreditCard.java","file2":"1221471_Sec 8\\CreditCard.java","start1":5,"end1":69,"start2":2,"end2":43,"tokens":38},{"file1":"1211693_Sec 9\\CustomerPayment.java","file2":"1221471_Sec 8\\CustomerPayment.java","start1":6,"end1":79,"start2":4,"end2":47,"tokens":37},{"file1":"1211693_Sec 9\\Check.java","file2":"1221471_Sec 8\\Check.java","start1":32,"end1":116,"start2":24,"end2":61,"tokens":32},{"file1":"1211693_Sec 9\\Cash.java","file2":"1221471_Sec 8\\Cash.java","start1":8,"end1":70,"start2":3,"end2":37,"tokens":28},{"file1":"1211693_Sec 9\\Check.java","file2":"1221471_Sec 8\\Check.java","start1":8,"end1":31,"start2":3,"end2":19,"tokens":19},{"file1":"1211693_Sec 9\\CreditCard.java","file2":"1221471_Sec 8\\CustomerPayment.java","start1":77,"end1":85,"start2":58,"end2":64,"tokens":9},{"file1":"1211693_Sec 9\\CustomerPayment.java","file2":"1221471_Sec 8\\CreditCard.java","start1":83,"end1":97,"start2":44,"end2":58,"tokens":9}]}