{"id1":"1220228-sec7","id2":"sec10_1221002-tawba abdallah_616007_assignsubmission_file","similarity":0.8056537102473498,"matches":[{"file1":"1220228-sec7\\Driver.java","file2":"sec10_1221002-tawba abdallah_616007_assignsubmission_file\\Driver.java","start1":5,"end1":40,"start2":2,"end2":38,"tokens":52},{"file1":"1220228-sec7\\CreditCard.java","file2":"sec10_1221002-tawba abdallah_616007_assignsubmission_file\\CreditCard.java","start1":12,"end1":38,"start2":12,"end2":38,"tokens":35},{"file1":"1220228-sec7\\Cash.java","file2":"sec10_1221002-tawba abdallah_616007_assignsubmission_file\\Cash.java","start1":13,"end1":45,"start2":11,"end2":38,"tokens":26},{"file1":"1220228-sec7\\CustomerPayment.java","file2":"sec10_1221002-tawba abdallah_616007_assignsubmission_file\\CustomerPayment.java","start1":17,"end1":39,"start2":22,"end2":44,"tokens":26},{"file1":"1220228-sec7\\CustomerPayment.java","file2":"sec10_1221002-tawba abdallah_616007_assignsubmission_file\\CustomerPayment.java","start1":45,"end1":61,"start2":44,"end2":62,"tokens":21},{"file1":"1220228-sec7\\Check.java","file2":"sec10_1221002-tawba abdallah_616007_assignsubmission_file\\Check.java","start1":22,"end1":39,"start2":25,"end2":41,"tokens":15},{"file1":"1220228-sec7\\Check.java","file2":"sec10_1221002-tawba abdallah_616007_assignsubmission_file\\CreditCard.java","start1":62,"end1":75,"start2":38,"end2":51,"tokens":12},{"file1":"1220228-sec7\\Check.java","file2":"sec10_1221002-tawba abdallah_616007_assignsubmission_file\\Check.java","start1":16,"end1":21,"start2":16,"end2":20,"tokens":11},{"file1":"1220228-sec7\\CreditCard.java","file2":"sec10_1221002-tawba abdallah_616007_assignsubmission_file\\Check.java","start1":39,"end1":50,"start2":58,"end2":70,"tokens":11},{"file1":"1220228-sec7\\Check.java","file2":"sec10_1221002-tawba abdallah_616007_assignsubmission_file\\Check.java","start1":5,"end1":15,"start2":2,"end2":12,"tokens":10},{"file1":"1220228-sec7\\Check.java","file2":"sec10_1221002-tawba abdallah_616007_assignsubmission_file\\Check.java","start1":41,"end1":51,"start2":42,"end2":49,"tokens":9}]}