{"id1":"1220764_Sec 8","id2":"1221128-sec7","similarity":0.8687258687258688,"matches":[{"file1":"1220764_Sec 8\\CustomerPayment.java","file2":"1221128-sec7\\CustomerPayment.java","start1":1,"end1":59,"start2":1,"end2":63,"tokens":57},{"file1":"1220764_Sec 8\\driver.java","file2":"1221128-sec7\\Driver.java","start1":1,"end1":36,"start2":1,"end2":42,"tokens":52},{"file1":"1220764_Sec 8\\Check.java","file2":"1221128-sec7\\Check.java","start1":13,"end1":42,"start2":24,"end2":61,"tokens":36},{"file1":"1220764_Sec 8\\CreditCard.java","file2":"1221128-sec7\\CreditCard.java","start1":1,"end1":33,"start2":1,"end2":41,"tokens":34},{"file1":"1220764_Sec 8\\Cash.java","file2":"1221128-sec7\\Cash.java","start1":1,"end1":24,"start2":1,"end2":29,"tokens":23},{"file1":"1220764_Sec 8\\CreditCard.java","file2":"1221128-sec7\\CreditCard.java","start1":34,"end1":45,"start2":42,"end2":55,"tokens":14},{"file1":"1220764_Sec 8\\Check.java","file2":"1221128-sec7\\Check.java","start1":56,"end1":65,"start2":71,"end2":81,"tokens":9}]}