{"id1":"1220893 sec11","id2":"sec10_1211204-Qossay Assi_616074_assignsubmission_file","similarity":0.8033126293995859,"matches":[{"file1":"1220893 sec11\\Check.java","file2":"sec10_1211204-Qossay Assi_616074_assignsubmission_file\\Check.java","start1":2,"end1":43,"start2":5,"end2":48,"tokens":42},{"file1":"1220893 sec11\\CreditCard.java","file2":"sec10_1211204-Qossay Assi_616074_assignsubmission_file\\CreditCard.java","start1":2,"end1":37,"start2":5,"end2":47,"tokens":42},{"file1":"1220893 sec11\\CustomerPayment.java","file2":"sec10_1211204-Qossay Assi_616074_assignsubmission_file\\CustomerPayment.java","start1":2,"end1":42,"start2":5,"end2":44,"tokens":37},{"file1":"1220893 sec11\\Cash.java","file2":"sec10_1211204-Qossay Assi_616074_assignsubmission_file\\Cash.java","start1":3,"end1":29,"start2":5,"end2":30,"tokens":25},{"file1":"1220893 sec11\\Driver.java","file2":"sec10_1211204-Qossay Assi_616074_assignsubmission_file\\Driver.java","start1":22,"end1":33,"start2":29,"end2":45,"tokens":21},{"file1":"1220893 sec11\\CustomerPayment.java","file2":"sec10_1211204-Qossay Assi_616074_assignsubmission_file\\CustomerPayment.java","start1":44,"end1":59,"start2":46,"end2":58,"tokens":17},{"file1":"1220893 sec11\\Driver.java","file2":"sec10_1211204-Qossay Assi_616074_assignsubmission_file\\Driver.java","start1":11,"end1":18,"start2":20,"end2":28,"tokens":10}]}