{"id1":"1220769 sec 11","id2":"1221697_Sec 4","similarity":0.8721804511278195,"matches":[{"file1":"1220769 sec 11\\CustomerPayment.java","file2":"1221697_Sec 4\\CustomerPayment.java","start1":5,"end1":66,"start2":2,"end2":47,"tokens":64},{"file1":"1220769 sec 11\\Driver.java","file2":"1221697_Sec 4\\Driver.java","start1":8,"end1":46,"start2":2,"end2":38,"tokens":51},{"file1":"1220769 sec 11\\Check.java","file2":"1221697_Sec 4\\Check.java","start1":4,"end1":41,"start2":2,"end2":43,"tokens":43},{"file1":"1220769 sec 11\\CreditCard.java","file2":"1221697_Sec 4\\CreditCard.java","start1":5,"end1":41,"start2":2,"end2":30,"tokens":36},{"file1":"1220769 sec 11\\Cash.java","file2":"1221697_Sec 4\\Cash.java","start1":5,"end1":34,"start2":2,"end2":24,"tokens":26},{"file1":"1220769 sec 11\\Check.java","file2":"1221697_Sec 4\\Check.java","start1":43,"end1":59,"start2":46,"end2":58,"tokens":12}]}