{"id1":"1220203_Sec 5","id2":"1210991-sec7","similarity":0.8223938223938224,"matches":[{"file1":"1220203_Sec 5\\Driver.java","file2":"1210991-sec7\\Driver.java","start1":4,"end1":44,"start2":5,"end2":37,"tokens":52},{"file1":"1220203_Sec 5\\Check.java","file2":"1210991-sec7\\Check.java","start1":7,"end1":52,"start2":6,"end2":53,"tokens":44},{"file1":"1220203_Sec 5\\CustomerPayment.java","file2":"1210991-sec7\\CustomerPayment.java","start1":7,"end1":40,"start2":10,"end2":52,"tokens":36},{"file1":"1220203_Sec 5\\CreditCard.java","file2":"1210991-sec7\\CreditCard.java","start1":4,"end1":34,"start2":5,"end2":37,"tokens":33},{"file1":"1220203_Sec 5\\Cash.java","file2":"1210991-sec7\\Cash.java","start1":4,"end1":36,"start2":5,"end2":35,"tokens":28},{"file1":"1220203_Sec 5\\Check.java","file2":"1210991-sec7\\CreditCard.java","start1":63,"end1":73,"start2":46,"end2":61,"tokens":10},{"file1":"1220203_Sec 5\\CreditCard.java","file2":"1210991-sec7\\Check.java","start1":42,"end1":56,"start2":63,"end2":76,"tokens":10}]}