{"id1":"1220352_Sec 9","id2":"sec10_1221414-Aya Abusnaina_616046_assignsubmission_file","similarity":0.8288288288288288,"matches":[{"file1":"1220352_Sec 9\\Check.java","file2":"sec10_1221414-Aya Abusnaina_616046_assignsubmission_file\\Check.java","start1":1,"end1":63,"start2":1,"end2":50,"tokens":55},{"file1":"1220352_Sec 9\\Driver.java","file2":"sec10_1221414-Aya Abusnaina_616046_assignsubmission_file\\Driver.java","start1":3,"end1":38,"start2":2,"end2":38,"tokens":51},{"file1":"1220352_Sec 9\\CustomerPayment.java","file2":"sec10_1221414-Aya Abusnaina_616046_assignsubmission_file\\CustomerPayment.java","start1":10,"end1":56,"start2":12,"end2":51,"tokens":47},{"file1":"1220352_Sec 9\\CreditCard.java","file2":"sec10_1221414-Aya Abusnaina_616046_assignsubmission_file\\CreditCard.java","start1":9,"end1":36,"start2":10,"end2":38,"tokens":35},{"file1":"1220352_Sec 9\\Cash.java","file2":"sec10_1221414-Aya Abusnaina_616046_assignsubmission_file\\Cash.java","start1":1,"end1":34,"start2":1,"end2":31,"tokens":31},{"file1":"1220352_Sec 9\\CreditCard.java","file2":"sec10_1221414-Aya Abusnaina_616046_assignsubmission_file\\CreditCard.java","start1":37,"end1":44,"start2":41,"end2":48,"tokens":11}]}