{"id1":"1220764_Sec 8","id2":"sec2_1222350-samir ali_616014_assignsubmission_file","similarity":0.8278529980657641,"matches":[{"file1":"1220764_Sec 8\\driver.java","file2":"sec2_1222350-samir ali_616014_assignsubmission_file\\Driver.java","start1":1,"end1":36,"start2":3,"end2":40,"tokens":52},{"file1":"1220764_Sec 8\\Check.java","file2":"sec2_1222350-samir ali_616014_assignsubmission_file\\Check.java","start1":1,"end1":42,"start2":2,"end2":86,"tokens":44},{"file1":"1220764_Sec 8\\CreditCard.java","file2":"sec2_1222350-samir ali_616014_assignsubmission_file\\CreditCard.java","start1":1,"end1":35,"start2":2,"end2":72,"tokens":37},{"file1":"1220764_Sec 8\\CustomerPayment.java","file2":"sec2_1222350-samir ali_616014_assignsubmission_file\\CustomerPayment.java","start1":1,"end1":40,"start2":2,"end2":78,"tokens":37},{"file1":"1220764_Sec 8\\Cash.java","file2":"sec2_1222350-samir ali_616014_assignsubmission_file\\Cash.java","start1":1,"end1":31,"start2":2,"end2":57,"tokens":30},{"file1":"1220764_Sec 8\\CustomerPayment.java","file2":"sec2_1222350-samir ali_616014_assignsubmission_file\\CustomerPayment.java","start1":46,"end1":59,"start2":84,"end2":101,"tokens":14}]}