{"id1":"1220447-sec7","id2":"1220245 sec 11","similarity":0.816793893129771,"matches":[{"file1":"1220447-sec7\\Driver.java","file2":"1220245 sec 11\\Driver.java","start1":2,"end1":25,"start2":5,"end2":31,"tokens":45},{"file1":"1220447-sec7\\CustomerPayment.java","file2":"1220245 sec 11\\CostumerPayment.java","start1":1,"end1":39,"start2":4,"end2":38,"tokens":37},{"file1":"1220447-sec7\\Check.java","file2":"1220245 sec 11\\Check.java","start1":20,"end1":51,"start2":27,"end2":54,"tokens":28},{"file1":"1220447-sec7\\Cash.java","file2":"1220245 sec 11\\Cash.java","start1":1,"end1":29,"start2":4,"end2":33,"tokens":25},{"file1":"1220447-sec7\\CustomerPayment.java","file2":"1220245 sec 11\\CostumerPayment.java","start1":46,"end1":59,"start2":39,"end2":54,"tokens":23},{"file1":"1220447-sec7\\CreditCard.java","file2":"1220245 sec 11\\CreditCard.java","start1":16,"end1":39,"start2":20,"end2":42,"tokens":21},{"file1":"1220447-sec7\\Check.java","file2":"1220245 sec 11\\Check.java","start1":1,"end1":19,"start2":4,"end2":21,"tokens":20},{"file1":"1220447-sec7\\CreditCard.java","file2":"1220245 sec 11\\CreditCard.java","start1":1,"end1":15,"start2":3,"end2":14,"tokens":15}]}