{"id1":"1220769 sec 11","id2":"sec1_1220686-Dareen Abualhaj_616179_assignsubmission_file","similarity":0.803030303030303,"matches":[{"file1":"1220769 sec 11\\Driver.java","file2":"sec1_1220686-Dareen Abualhaj_616179_assignsubmission_file\\Driver.java","start1":8,"end1":46,"start2":1,"end2":38,"tokens":51},{"file1":"1220769 sec 11\\Check.java","file2":"sec1_1220686-Dareen Abualhaj_616179_assignsubmission_file\\Check.java","start1":4,"end1":41,"start2":3,"end2":46,"tokens":43},{"file1":"1220769 sec 11\\CreditCard.java","file2":"sec1_1220686-Dareen Abualhaj_616179_assignsubmission_file\\CreditCard.java","start1":5,"end1":35,"start2":2,"end2":32,"tokens":32},{"file1":"1220769 sec 11\\Cash.java","file2":"sec1_1220686-Dareen Abualhaj_616179_assignsubmission_file\\Cash.java","start1":5,"end1":40,"start2":3,"end2":38,"tokens":28},{"file1":"1220769 sec 11\\CustomerPayment.java","file2":"sec1_1220686-Dareen Abualhaj_616179_assignsubmission_file\\CustomerPayment.java","start1":16,"end1":44,"start2":15,"end2":49,"tokens":28},{"file1":"1220769 sec 11\\CustomerPayment.java","file2":"sec1_1220686-Dareen Abualhaj_616179_assignsubmission_file\\CustomerPayment.java","start1":44,"end1":61,"start2":54,"end2":72,"tokens":20},{"file1":"1220769 sec 11\\CustomerPayment.java","file2":"sec1_1220686-Dareen Abualhaj_616179_assignsubmission_file\\CustomerPayment.java","start1":5,"end1":15,"start2":3,"end2":13,"tokens":10}]}