{"id1":"1220005 sec11","id2":"sec2_1222350-samir ali_616014_assignsubmission_file","similarity":0.803088803088803,"matches":[{"file1":"1220005 sec11\\Driver.java","file2":"sec2_1222350-samir ali_616014_assignsubmission_file\\Driver.java","start1":1,"end1":44,"start2":3,"end2":40,"tokens":52},{"file1":"1220005 sec11\\Check.java","file2":"sec2_1222350-samir ali_616014_assignsubmission_file\\Check.java","start1":1,"end1":53,"start2":2,"end2":86,"tokens":44},{"file1":"1220005 sec11\\CreditCard.java","file2":"sec2_1222350-samir ali_616014_assignsubmission_file\\CreditCard.java","start1":1,"end1":36,"start2":2,"end2":62,"tokens":32},{"file1":"1220005 sec11\\CustomerPayment.java","file2":"sec2_1222350-samir ali_616014_assignsubmission_file\\CustomerPayment.java","start1":25,"end1":68,"start2":26,"end2":78,"tokens":24},{"file1":"1220005 sec11\\Cash.java","file2":"sec2_1222350-samir ali_616014_assignsubmission_file\\Cash.java","start1":1,"end1":26,"start2":2,"end2":39,"tokens":21},{"file1":"1220005 sec11\\CustomerPayment.java","file2":"sec2_1222350-samir ali_616014_assignsubmission_file\\CustomerPayment.java","start1":72,"end1":88,"start2":84,"end2":101,"tokens":14},{"file1":"1220005 sec11\\CustomerPayment.java","file2":"sec2_1222350-samir ali_616014_assignsubmission_file\\CustomerPayment.java","start1":1,"end1":15,"start2":2,"end2":20,"tokens":11},{"file1":"1220005 sec11\\CreditCard.java","file2":"sec2_1222350-samir ali_616014_assignsubmission_file\\CreditCard.java","start1":41,"end1":58,"start2":76,"end2":91,"tokens":10}]}