{"id1":"1220203_Sec 5","id2":"1220701-sec6","similarity":0.8393194706994329,"matches":[{"file1":"1220203_Sec 5\\Driver.java","file2":"1220701-sec6\\Driver.java","start1":4,"end1":44,"start2":1,"end2":44,"tokens":52},{"file1":"1220203_Sec 5\\CreditCard.java","file2":"1220701-sec6\\CreditCard.java","start1":4,"end1":56,"start2":1,"end2":59,"tokens":51},{"file1":"1220203_Sec 5\\Check.java","file2":"1220701-sec6\\Check.java","start1":7,"end1":52,"start2":4,"end2":45,"tokens":44},{"file1":"1220203_Sec 5\\CustomerPayment.java","file2":"1220701-sec6\\CustomerPayment.java","start1":7,"end1":40,"start2":2,"end2":41,"tokens":36},{"file1":"1220203_Sec 5\\Cash.java","file2":"1220701-sec6\\Cash.java","start1":4,"end1":39,"start2":1,"end2":36,"tokens":29},{"file1":"1220203_Sec 5\\Check.java","file2":"1220701-sec6\\Check.java","start1":63,"end1":73,"start2":61,"end2":75,"tokens":10}]}