{"id1":"1220505_Sec 4","id2":"1220764_Sec 8","similarity":0.8336594911937377,"matches":[{"file1":"1220505_Sec 4\\Driver.java","file2":"1220764_Sec 8\\driver.java","start1":4,"end1":34,"start2":3,"end2":36,"tokens":51},{"file1":"1220505_Sec 4\\CreditCard.java","file2":"1220764_Sec 8\\CreditCard.java","start1":5,"end1":53,"start2":3,"end2":45,"tokens":47},{"file1":"1220505_Sec 4\\CustomerPayment.java","file2":"1220764_Sec 8\\CustomerPayment.java","start1":5,"end1":43,"start2":3,"end2":40,"tokens":36},{"file1":"1220505_Sec 4\\Check.java","file2":"1220764_Sec 8\\Check.java","start1":23,"end1":47,"start2":19,"end2":39,"tokens":22},{"file1":"1220505_Sec 4\\Check.java","file2":"1220764_Sec 8\\Check.java","start1":4,"end1":17,"start2":3,"end2":17,"tokens":17},{"file1":"1220505_Sec 4\\Cash.java","file2":"1220764_Sec 8\\Cash.java","start1":5,"end1":20,"start2":3,"end2":18,"tokens":16},{"file1":"1220505_Sec 4\\CustomerPayment.java","file2":"1220764_Sec 8\\CustomerPayment.java","start1":43,"end1":53,"start2":43,"end2":51,"tokens":14},{"file1":"1220505_Sec 4\\Check.java","file2":"1220764_Sec 8\\Cash.java","start1":53,"end1":63,"start2":20,"end2":29,"tokens":10}]}