{"id1":"1220806_Sec 5","id2":"sec10_1221414-Aya Abusnaina_616046_assignsubmission_file","similarity":0.8065099457504521,"matches":[{"file1":"1220806_Sec 5\\CustomerPayment.java","file2":"sec10_1221414-Aya Abusnaina_616046_assignsubmission_file\\CustomerPayment.java","start1":10,"end1":57,"start2":12,"end2":58,"tokens":58},{"file1":"1220806_Sec 5\\Driver.java","file2":"sec10_1221414-Aya Abusnaina_616046_assignsubmission_file\\Driver.java","start1":2,"end1":74,"start2":1,"end2":38,"tokens":52},{"file1":"1220806_Sec 5\\Check.java","file2":"sec10_1221414-Aya Abusnaina_616046_assignsubmission_file\\Check.java","start1":13,"end1":40,"start2":14,"end2":42,"tokens":37},{"file1":"1220806_Sec 5\\CreditCard.java","file2":"sec10_1221414-Aya Abusnaina_616046_assignsubmission_file\\CreditCard.java","start1":11,"end1":53,"start2":10,"end2":38,"tokens":35},{"file1":"1220806_Sec 5\\Cash.java","file2":"sec10_1221414-Aya Abusnaina_616046_assignsubmission_file\\Cash.java","start1":8,"end1":25,"start2":9,"end2":21,"tokens":17},{"file1":"1220806_Sec 5\\Check.java","file2":"sec10_1221414-Aya Abusnaina_616046_assignsubmission_file\\Check.java","start1":50,"end1":69,"start2":52,"end2":68,"tokens":15},{"file1":"1220806_Sec 5\\Check.java","file2":"sec10_1221414-Aya Abusnaina_616046_assignsubmission_file\\Check.java","start1":2,"end1":12,"start2":1,"end2":11,"tokens":9}]}