{"id1":"1220769 sec 11","id2":"sec2_1221618-Sara Al Souqi_616138_assignsubmission_file","similarity":0.862453531598513,"matches":[{"file1":"1220769 sec 11\\Driver.java","file2":"sec2_1221618-Sara Al Souqi_616138_assignsubmission_file\\Driver.java","start1":8,"end1":46,"start2":2,"end2":38,"tokens":51},{"file1":"1220769 sec 11\\Check.java","file2":"sec2_1221618-Sara Al Souqi_616138_assignsubmission_file\\Check.java","start1":4,"end1":41,"start2":2,"end2":39,"tokens":43},{"file1":"1220769 sec 11\\CreditCard.java","file2":"sec2_1221618-Sara Al Souqi_616138_assignsubmission_file\\CreditCard.java","start1":5,"end1":43,"start2":3,"end2":36,"tokens":38},{"file1":"1220769 sec 11\\CustomerPayment.java","file2":"sec2_1221618-Sara Al Souqi_616138_assignsubmission_file\\CustomerPayment.java","start1":5,"end1":44,"start2":3,"end2":37,"tokens":38},{"file1":"1220769 sec 11\\Cash.java","file2":"sec2_1221618-Sara Al Souqi_616138_assignsubmission_file\\Cash.java","start1":5,"end1":26,"start2":3,"end2":22,"tokens":20},{"file1":"1220769 sec 11\\CustomerPayment.java","file2":"sec2_1221618-Sara Al Souqi_616138_assignsubmission_file\\CustomerPayment.java","start1":44,"end1":61,"start2":43,"end2":57,"tokens":20},{"file1":"1220769 sec 11\\CreditCard.java","file2":"sec2_1221618-Sara Al Souqi_616138_assignsubmission_file\\Check.java","start1":44,"end1":60,"start2":55,"end2":74,"tokens":12},{"file1":"1220769 sec 11\\Check.java","file2":"sec2_1221618-Sara Al Souqi_616138_assignsubmission_file\\CreditCard.java","start1":56,"end1":75,"start2":39,"end2":55,"tokens":10}]}