{"id1":"1220439_Sec 4","id2":"1221026_Sec 4","similarity":0.8060263653483992,"matches":[{"file1":"1220439_Sec 4\\CustomerPayment.java","file2":"1221026_Sec 4\\CustomerPayment.java","start1":6,"end1":69,"start2":7,"end2":118,"tokens":64},{"file1":"1220439_Sec 4\\Driver.java","file2":"1221026_Sec 4\\Driver.java","start1":4,"end1":43,"start2":5,"end2":43,"tokens":52},{"file1":"1220439_Sec 4\\Check.java","file2":"1221026_Sec 4\\Check.java","start1":4,"end1":47,"start2":4,"end2":56,"tokens":44},{"file1":"1220439_Sec 4\\CreditCard.java","file2":"1221026_Sec 4\\CreditCard.java","start1":4,"end1":36,"start2":4,"end2":38,"tokens":32},{"file1":"1220439_Sec 4\\Cash.java","file2":"1221026_Sec 4\\Cash.java","start1":4,"end1":25,"start2":4,"end2":31,"tokens":22}]}