{"id1":"1220439_Sec 4","id2":"sec2_1221618-Sara Al Souqi_616138_assignsubmission_file","similarity":0.8141263940520446,"matches":[{"file1":"1220439_Sec 4\\Driver.java","file2":"sec2_1221618-Sara Al Souqi_616138_assignsubmission_file\\Driver.java","start1":4,"end1":43,"start2":1,"end2":38,"tokens":52},{"file1":"1220439_Sec 4\\Check.java","file2":"sec2_1221618-Sara Al Souqi_616138_assignsubmission_file\\Check.java","start1":4,"end1":47,"start2":1,"end2":39,"tokens":44},{"file1":"1220439_Sec 4\\CustomerPayment.java","file2":"sec2_1221618-Sara Al Souqi_616138_assignsubmission_file\\CustomerPayment.java","start1":4,"end1":49,"start2":1,"end2":40,"tokens":42},{"file1":"1220439_Sec 4\\CreditCard.java","file2":"sec2_1221618-Sara Al Souqi_616138_assignsubmission_file\\CreditCard.java","start1":4,"end1":43,"start2":1,"end2":34,"tokens":37},{"file1":"1220439_Sec 4\\CustomerPayment.java","file2":"sec2_1221618-Sara Al Souqi_616138_assignsubmission_file\\CustomerPayment.java","start1":50,"end1":69,"start2":42,"end2":60,"tokens":23},{"file1":"1220439_Sec 4\\Cash.java","file2":"sec2_1221618-Sara Al Souqi_616138_assignsubmission_file\\Cash.java","start1":4,"end1":25,"start2":1,"end2":22,"tokens":21}]}