{"id1":"1220769 sec 11","id2":"1220429-sec6","similarity":0.8178438661710037,"matches":[{"file1":"1220769 sec 11\\Driver.java","file2":"1220429-sec6\\Driver.java","start1":8,"end1":46,"start2":2,"end2":38,"tokens":51},{"file1":"1220769 sec 11\\Check.java","file2":"1220429-sec6\\Check.java","start1":4,"end1":38,"start2":8,"end2":73,"tokens":40},{"file1":"1220769 sec 11\\CreditCard.java","file2":"1220429-sec6\\CreditCard.java","start1":5,"end1":41,"start2":3,"end2":44,"tokens":36},{"file1":"1220769 sec 11\\CustomerPayment.java","file2":"1220429-sec6\\CustomerPayment.java","start1":5,"end1":40,"start2":3,"end2":47,"tokens":36},{"file1":"1220769 sec 11\\Cash.java","file2":"1220429-sec6\\Cash.java","start1":5,"end1":34,"start2":3,"end2":33,"tokens":26},{"file1":"1220769 sec 11\\CustomerPayment.java","file2":"1220429-sec6\\CustomerPayment.java","start1":40,"end1":50,"start2":53,"end2":68,"tokens":13},{"file1":"1220769 sec 11\\CreditCard.java","file2":"1220429-sec6\\CreditCard.java","start1":43,"end1":50,"start2":64,"end2":69,"tokens":9},{"file1":"1220769 sec 11\\Check.java","file2":"1220429-sec6\\Check.java","start1":43,"end1":54,"start2":92,"end2":121,"tokens":9}]}