{"id1":"1220290_Sec 4","id2":"1223194 sec11","similarity":0.8132295719844358,"matches":[{"file1":"1220290_Sec 4\\Check.java","file2":"1223194 sec11\\check.java","start1":13,"end1":71,"start2":5,"end2":52,"tokens":48},{"file1":"1220290_Sec 4\\Driver.java","file2":"1223194 sec11\\driver.java","start1":6,"end1":37,"start2":7,"end2":47,"tokens":48},{"file1":"1220290_Sec 4\\CreditCard.java","file2":"1223194 sec11\\credircard.java","start1":7,"end1":62,"start2":3,"end2":48,"tokens":46},{"file1":"1220290_Sec 4\\CustomerPayment.java","file2":"1223194 sec11\\CustomerPayment.java","start1":21,"end1":51,"start2":16,"end2":54,"tokens":30},{"file1":"1220290_Sec 4\\Cash.java","file2":"1223194 sec11\\cash.java","start1":14,"end1":39,"start2":4,"end2":34,"tokens":26},{"file1":"1220290_Sec 4\\CustomerPayment.java","file2":"1223194 sec11\\CustomerPayment.java","start1":51,"end1":59,"start2":62,"end2":70,"tokens":11}]}