{"id1":"1220064-sec6","id2":"sec1_1220152-Abdallah Khawaja_616200_assignsubmission_file","similarity":0.8033613445378152,"matches":[{"file1":"1220064-sec6\\Check.java","file2":"sec1_1220152-Abdallah Khawaja_616200_assignsubmission_file\\Check.java","start1":16,"end1":59,"start2":11,"end2":51,"tokens":44},{"file1":"1220064-sec6\\Driver.java","file2":"sec1_1220152-Abdallah Khawaja_616200_assignsubmission_file\\Driver.java","start1":2,"end1":41,"start2":2,"end2":31,"tokens":43},{"file1":"1220064-sec6\\CustomerPayment.java","file2":"sec1_1220152-Abdallah Khawaja_616200_assignsubmission_file\\CustomerPayment.java","start1":2,"end1":43,"start2":2,"end2":49,"tokens":42},{"file1":"1220064-sec6\\CreditCard.java","file2":"sec1_1220152-Abdallah Khawaja_616200_assignsubmission_file\\CreditCard.java","start1":13,"end1":40,"start2":12,"end2":42,"tokens":33},{"file1":"1220064-sec6\\Cash.java","file2":"sec1_1220152-Abdallah Khawaja_616200_assignsubmission_file\\Cash.java","start1":10,"end1":32,"start2":8,"end2":28,"tokens":22},{"file1":"1220064-sec6\\Check.java","file2":"sec1_1220152-Abdallah Khawaja_616200_assignsubmission_file\\Check.java","start1":69,"end1":86,"start2":64,"end2":79,"tokens":18},{"file1":"1220064-sec6\\CustomerPayment.java","file2":"sec1_1220152-Abdallah Khawaja_616200_assignsubmission_file\\CustomerPayment.java","start1":45,"end1":54,"start2":50,"end2":57,"tokens":10},{"file1":"1220064-sec6\\Driver.java","file2":"sec1_1220152-Abdallah Khawaja_616200_assignsubmission_file\\Driver.java","start1":43,"end1":47,"start2":32,"end2":36,"tokens":9},{"file1":"1220064-sec6\\Check.java","file2":"sec1_1220152-Abdallah Khawaja_616200_assignsubmission_file\\Check.java","start1":2,"end1":14,"start2":2,"end2":9,"tokens":9},{"file1":"1220064-sec6\\Cash.java","file2":"sec1_1220152-Abdallah Khawaja_616200_assignsubmission_file\\Cash.java","start1":33,"end1":42,"start2":31,"end2":39,"tokens":9}]}