{"id1":"1220779-sec7","id2":"1220814-sec6","similarity":0.8093525179856115,"matches":[{"file1":"1220779-sec7\\Driver.java","file2":"1220814-sec6\\Driver.java","start1":2,"end1":38,"start2":4,"end2":41,"tokens":51},{"file1":"1220779-sec7\\CustomerPayment.java","file2":"1220814-sec6\\CustomerPyment.java","start1":3,"end1":52,"start2":4,"end2":52,"tokens":42},{"file1":"1220779-sec7\\Check.java","file2":"1220814-sec6\\Check.java","start1":22,"end1":48,"start2":25,"end2":50,"tokens":23},{"file1":"1220779-sec7\\Cash.java","file2":"1220814-sec6\\Cash.java","start1":3,"end1":27,"start2":4,"end2":25,"tokens":22},{"file1":"1220779-sec7\\Check.java","file2":"1220814-sec6\\Check.java","start1":3,"end1":21,"start2":4,"end2":20,"tokens":20},{"file1":"1220779-sec7\\CreditCard.java","file2":"1220814-sec6\\CreditCard.java","start1":39,"end1":56,"start2":38,"end2":63,"tokens":19},{"file1":"1220779-sec7\\CreditCard.java","file2":"1220814-sec6\\CreditCard.java","start1":4,"end1":21,"start2":4,"end2":20,"tokens":17},{"file1":"1220779-sec7\\CreditCard.java","file2":"1220814-sec6\\CreditCard.java","start1":27,"end1":39,"start2":26,"end2":38,"tokens":11},{"file1":"1220779-sec7\\Check.java","file2":"1220814-sec6\\Check.java","start1":50,"end1":60,"start2":70,"end2":89,"tokens":11},{"file1":"1220779-sec7\\Cash.java","file2":"1220814-sec6\\Cash.java","start1":27,"end1":33,"start2":35,"end2":42,"tokens":9}]}