{"id1":"1220013-sec6","id2":"1220375_Sec 4","similarity":0.8876811594202898,"matches":[{"file1":"1220013-sec6\\Driver.java","file2":"1220375_Sec 4\\Driver.java","start1":5,"end1":39,"start2":6,"end2":43,"tokens":51},{"file1":"1220013-sec6\\Check.java","file2":"1220375_Sec 4\\Check.java","start1":23,"end1":68,"start2":35,"end2":80,"tokens":40},{"file1":"1220013-sec6\\CustomerPayment.java","file2":"1220375_Sec 4\\CustomerPayment.java","start1":5,"end1":37,"start2":6,"end2":43,"tokens":33},{"file1":"1220013-sec6\\CustomerPayment.java","file2":"1220375_Sec 4\\CustomerPayment.java","start1":44,"end1":57,"start2":55,"end2":75,"tokens":25},{"file1":"1220013-sec6\\CreditCard.java","file2":"1220375_Sec 4\\CreditCard.java","start1":23,"end1":44,"start2":31,"end2":58,"tokens":25},{"file1":"1220013-sec6\\Check.java","file2":"1220375_Sec 4\\Check.java","start1":5,"end1":22,"start2":7,"end2":31,"tokens":22},{"file1":"1220013-sec6\\CreditCard.java","file2":"1220375_Sec 4\\CreditCard.java","start1":5,"end1":22,"start2":6,"end2":28,"tokens":20},{"file1":"1220013-sec6\\Cash.java","file2":"1220375_Sec 4\\Cash.java","start1":14,"end1":34,"start2":18,"end2":39,"tokens":17},{"file1":"1220013-sec6\\Cash.java","file2":"1220375_Sec 4\\Cash.java","start1":5,"end1":13,"start2":6,"end2":16,"tokens":12}]}