{"id1":"1220769 sec 11","id2":"1221026_Sec 4","similarity":0.8813559322033898,"matches":[{"file1":"1220769 sec 11\\Driver.java","file2":"1221026_Sec 4\\Driver.java","start1":8,"end1":46,"start2":6,"end2":43,"tokens":51},{"file1":"1220769 sec 11\\Check.java","file2":"1221026_Sec 4\\Check.java","start1":4,"end1":41,"start2":6,"end2":56,"tokens":43},{"file1":"1220769 sec 11\\CustomerPayment.java","file2":"1221026_Sec 4\\CustomerPayment.java","start1":5,"end1":44,"start2":7,"end2":82,"tokens":38},{"file1":"1220769 sec 11\\CreditCard.java","file2":"1221026_Sec 4\\CreditCard.java","start1":5,"end1":35,"start2":5,"end2":38,"tokens":31},{"file1":"1220769 sec 11\\Cash.java","file2":"1221026_Sec 4\\Cash.java","start1":5,"end1":40,"start2":6,"end2":44,"tokens":28},{"file1":"1220769 sec 11\\CustomerPayment.java","file2":"1221026_Sec 4\\CustomerPayment.java","start1":44,"end1":61,"start2":88,"end2":105,"tokens":20},{"file1":"1220769 sec 11\\Check.java","file2":"1221026_Sec 4\\CreditCard.java","start1":54,"end1":70,"start2":41,"end2":51,"tokens":12},{"file1":"1220769 sec 11\\CreditCard.java","file2":"1221026_Sec 4\\Check.java","start1":44,"end1":56,"start2":57,"end2":72,"tokens":11}]}