{"id1":"1220769 sec 11","id2":"sec3_1222285-Izzeldin Sallam_615936_assignsubmission_file","similarity":0.8082706766917294,"matches":[{"file1":"1220769 sec 11\\Driver.java","file2":"sec3_1222285-Izzeldin Sallam_615936_assignsubmission_file\\Driver.java","start1":8,"end1":46,"start2":9,"end2":45,"tokens":51},{"file1":"1220769 sec 11\\Check.java","file2":"sec3_1222285-Izzeldin Sallam_615936_assignsubmission_file\\Check.java","start1":4,"end1":41,"start2":9,"end2":52,"tokens":43},{"file1":"1220769 sec 11\\CreditCard.java","file2":"sec3_1222285-Izzeldin Sallam_615936_assignsubmission_file\\CreditCard.java","start1":11,"end1":35,"start2":16,"end2":44,"tokens":28},{"file1":"1220769 sec 11\\Cash.java","file2":"sec3_1222285-Izzeldin Sallam_615936_assignsubmission_file\\Cash.java","start1":5,"end1":40,"start2":9,"end2":49,"tokens":28},{"file1":"1220769 sec 11\\CustomerPayment.java","file2":"sec3_1222285-Izzeldin Sallam_615936_assignsubmission_file\\CustomerPayment.java","start1":16,"end1":44,"start2":22,"end2":49,"tokens":28},{"file1":"1220769 sec 11\\CustomerPayment.java","file2":"sec3_1222285-Izzeldin Sallam_615936_assignsubmission_file\\CustomerPayment.java","start1":44,"end1":56,"start2":61,"end2":75,"tokens":16},{"file1":"1220769 sec 11\\CreditCard.java","file2":"sec3_1222285-Izzeldin Sallam_615936_assignsubmission_file\\CreditCard.java","start1":44,"end1":56,"start2":47,"end2":59,"tokens":11},{"file1":"1220769 sec 11\\CustomerPayment.java","file2":"sec3_1222285-Izzeldin Sallam_615936_assignsubmission_file\\CustomerPayment.java","start1":5,"end1":15,"start2":10,"end2":20,"tokens":10}]}