{"id1":"1220701-sec6","id2":"sec1_1222703-noor abdul rahman_616143_assignsubmission_file","similarity":0.8324125230202578,"matches":[{"file1":"1220701-sec6\\Driver.java","file2":"sec1_1222703-noor abdul rahman_616143_assignsubmission_file\\Driver.java","start1":3,"end1":44,"start2":7,"end2":88,"tokens":51},{"file1":"1220701-sec6\\Check.java","file2":"sec1_1222703-noor abdul rahman_616143_assignsubmission_file\\Check.java","start1":1,"end1":45,"start2":1,"end2":50,"tokens":44},{"file1":"1220701-sec6\\CustomerPayment.java","file2":"sec1_1222703-noor abdul rahman_616143_assignsubmission_file\\CustomerPayment.java","start1":1,"end1":41,"start2":1,"end2":49,"tokens":37},{"file1":"1220701-sec6\\CreditCard.java","file2":"sec1_1222703-noor abdul rahman_616143_assignsubmission_file\\CreditCard.java","start1":1,"end1":34,"start2":1,"end2":36,"tokens":33},{"file1":"1220701-sec6\\Cash.java","file2":"sec1_1222703-noor abdul rahman_616143_assignsubmission_file\\Cash.java","start1":1,"end1":36,"start2":1,"end2":35,"tokens":29},{"file1":"1220701-sec6\\Check.java","file2":"sec1_1222703-noor abdul rahman_616143_assignsubmission_file\\Check.java","start1":45,"end1":56,"start2":61,"end2":72,"tokens":13},{"file1":"1220701-sec6\\CustomerPayment.java","file2":"sec1_1222703-noor abdul rahman_616143_assignsubmission_file\\CustomerPayment.java","start1":50,"end1":60,"start2":49,"end2":58,"tokens":10},{"file1":"1220701-sec6\\Check.java","file2":"sec1_1222703-noor abdul rahman_616143_assignsubmission_file\\Check.java","start1":57,"end1":66,"start2":51,"end2":61,"tokens":9}]}