{"id1":"1221009_Sec 5","id2":"1221381 sec 11","similarity":0.8320610687022901,"matches":[{"file1":"1221009_Sec 5\\Check.java","file2":"1221381 sec 11\\Check.java","start1":6,"end1":61,"start2":1,"end2":53,"tokens":55},{"file1":"1221009_Sec 5\\Driver.java","file2":"1221381 sec 11\\DriverPayment.java","start1":6,"end1":35,"start2":1,"end2":35,"tokens":52},{"file1":"1221009_Sec 5\\CreditCard.java","file2":"1221381 sec 11\\CreditCard.java","start1":12,"end1":40,"start2":10,"end2":40,"tokens":35},{"file1":"1221009_Sec 5\\Cash.java","file2":"1221381 sec 11\\Cash.java","start1":6,"end1":38,"start2":1,"end2":39,"tokens":30},{"file1":"1221009_Sec 5\\CustomerPayment.java","file2":"1221381 sec 11\\CustomerPayment.java","start1":6,"end1":24,"start2":1,"end2":20,"tokens":18},{"file1":"1221009_Sec 5\\CustomerPayment.java","file2":"1221381 sec 11\\CustomerPayment.java","start1":28,"end1":38,"start2":46,"end2":55,"tokens":18},{"file1":"1221009_Sec 5\\Check.java","file2":"1221381 sec 11\\CreditCard.java","start1":65,"end1":77,"start2":41,"end2":56,"tokens":10}]}