{"id1":"1221697_Sec 4","id2":"sec2_1221618-Sara Al Souqi_616138_assignsubmission_file","similarity":0.8088235294117647,"matches":[{"file1":"1221697_Sec 4\\Driver.java","file2":"sec2_1221618-Sara Al Souqi_616138_assignsubmission_file\\Driver.java","start1":2,"end1":38,"start2":2,"end2":38,"tokens":51},{"file1":"1221697_Sec 4\\Check.java","file2":"sec2_1221618-Sara Al Souqi_616138_assignsubmission_file\\Check.java","start1":2,"end1":45,"start2":2,"end2":42,"tokens":45},{"file1":"1221697_Sec 4\\CustomerPayment.java","file2":"sec2_1221618-Sara Al Souqi_616138_assignsubmission_file\\CustomerPayment.java","start1":2,"end1":34,"start2":3,"end2":37,"tokens":38},{"file1":"1221697_Sec 4\\CreditCard.java","file2":"sec2_1221618-Sara Al Souqi_616138_assignsubmission_file\\CreditCard.java","start1":2,"end1":30,"start2":3,"end2":34,"tokens":36},{"file1":"1221697_Sec 4\\Cash.java","file2":"sec2_1221618-Sara Al Souqi_616138_assignsubmission_file\\Cash.java","start1":2,"end1":18,"start2":3,"end2":22,"tokens":20},{"file1":"1221697_Sec 4\\CustomerPayment.java","file2":"sec2_1221618-Sara Al Souqi_616138_assignsubmission_file\\CustomerPayment.java","start1":34,"end1":43,"start2":43,"end2":57,"tokens":20},{"file1":"1221697_Sec 4\\Check.java","file2":"sec2_1221618-Sara Al Souqi_616138_assignsubmission_file\\Check.java","start1":45,"end1":54,"start2":44,"end2":57,"tokens":10}]}