{"id1":"1221009_Sec 5","id2":"1220228-sec7","similarity":0.8248587570621468,"matches":[{"file1":"1221009_Sec 5\\Driver.java","file2":"1220228-sec7\\Driver.java","start1":6,"end1":35,"start2":5,"end2":40,"tokens":52},{"file1":"1221009_Sec 5\\CreditCard.java","file2":"1220228-sec7\\CreditCard.java","start1":6,"end1":38,"start2":5,"end2":35,"tokens":38},{"file1":"1221009_Sec 5\\Check.java","file2":"1220228-sec7\\Check.java","start1":6,"end1":39,"start2":5,"end2":39,"tokens":36},{"file1":"1221009_Sec 5\\Check.java","file2":"1220228-sec7\\Check.java","start1":40,"end1":73,"start2":41,"end2":71,"tokens":29},{"file1":"1221009_Sec 5\\Cash.java","file2":"1220228-sec7\\Cash.java","start1":6,"end1":34,"start2":5,"end2":41,"tokens":28},{"file1":"1221009_Sec 5\\CustomerPayment.java","file2":"1220228-sec7\\CustomerPayment.java","start1":6,"end1":24,"start2":5,"end2":21,"tokens":18},{"file1":"1221009_Sec 5\\CustomerPayment.java","file2":"1220228-sec7\\CustomerPayment.java","start1":28,"end1":38,"start2":49,"end2":58,"tokens":18}]}