{"id1":"1221697_Sec 4","id2":"sec3_1220610-Mohammad Shashaa_616043_assignsubmission_file","similarity":0.8117001828153565,"matches":[{"file1":"1221697_Sec 4\\Driver.java","file2":"sec3_1220610-Mohammad Shashaa_616043_assignsubmission_file\\Driver.java","start1":2,"end1":38,"start2":2,"end2":39,"tokens":51},{"file1":"1221697_Sec 4\\CustomerPayment.java","file2":"sec3_1220610-Mohammad Shashaa_616043_assignsubmission_file\\CustomerPayment.java","start1":13,"end1":33,"start2":27,"end2":54,"tokens":23},{"file1":"1221697_Sec 4\\Check.java","file2":"sec3_1220610-Mohammad Shashaa_616043_assignsubmission_file\\Check.java","start1":18,"end1":43,"start2":41,"end2":74,"tokens":23},{"file1":"1221697_Sec 4\\Cash.java","file2":"sec3_1220610-Mohammad Shashaa_616043_assignsubmission_file\\Cash.java","start1":2,"end1":18,"start2":3,"end2":21,"tokens":21},{"file1":"1221697_Sec 4\\Check.java","file2":"sec3_1220610-Mohammad Shashaa_616043_assignsubmission_file\\Check.java","start1":2,"end1":17,"start2":3,"end2":18,"tokens":20},{"file1":"1221697_Sec 4\\CustomerPayment.java","file2":"sec3_1220610-Mohammad Shashaa_616043_assignsubmission_file\\CustomerPayment.java","start1":33,"end1":40,"start2":15,"end2":27,"tokens":19},{"file1":"1221697_Sec 4\\CreditCard.java","file2":"sec3_1220610-Mohammad Shashaa_616043_assignsubmission_file\\CreditCard.java","start1":13,"end1":28,"start2":27,"end2":49,"tokens":18},{"file1":"1221697_Sec 4\\CreditCard.java","file2":"sec3_1220610-Mohammad Shashaa_616043_assignsubmission_file\\CreditCard.java","start1":2,"end1":12,"start2":2,"end2":15,"tokens":15},{"file1":"1221697_Sec 4\\CustomerPayment.java","file2":"sec3_1220610-Mohammad Shashaa_616043_assignsubmission_file\\CustomerPayment.java","start1":2,"end1":12,"start2":3,"end2":14,"tokens":13},{"file1":"1221697_Sec 4\\CreditCard.java","file2":"sec3_1220610-Mohammad Shashaa_616043_assignsubmission_file\\CreditCard.java","start1":29,"end1":33,"start2":16,"end2":24,"tokens":10},{"file1":"1221697_Sec 4\\CustomerPayment.java","file2":"sec3_1220610-Mohammad Shashaa_616043_assignsubmission_file\\CustomerPayment.java","start1":40,"end1":47,"start2":54,"end2":62,"tokens":9}]}