{"id1":"1221228_Sec 9","id2":"1221227_Sec 9","similarity":0.9680170575692963,"matches":[{"file1":"1221228_Sec 9\\Check.java","file2":"1221227_Sec 9\\Check.java","start1":4,"end1":80,"start2":4,"end2":63,"tokens":61},{"file1":"1221228_Sec 9\\Driver.java","file2":"1221227_Sec 9\\Driver.java","start1":6,"end1":31,"start2":4,"end2":40,"tokens":51},{"file1":"1221228_Sec 9\\CreditCard.java","file2":"1221227_Sec 9\\CreditCard.java","start1":4,"end1":49,"start2":4,"end2":49,"tokens":44},{"file1":"1221228_Sec 9\\CustomerPayment.java","file2":"1221227_Sec 9\\CustomerPayment.java","start1":4,"end1":42,"start2":4,"end2":39,"tokens":43},{"file1":"1221228_Sec 9\\Cash.java","file2":"1221227_Sec 9\\Cash.java","start1":4,"end1":38,"start2":4,"end2":33,"tokens":28}]}