{"id1":"1221381 sec 11","id2":"1222936_Sec 5","similarity":0.8137432188065099,"matches":[{"file1":"1221381 sec 11\\DriverPayment.java","file2":"1222936_Sec 5\\Driver.java","start1":1,"end1":35,"start2":1,"end2":37,"tokens":52},{"file1":"1221381 sec 11\\CustomerPayment.java","file2":"1222936_Sec 5\\CustomerPayment.java","start1":1,"end1":45,"start2":1,"end2":41,"tokens":47},{"file1":"1221381 sec 11\\Check.java","file2":"1222936_Sec 5\\Check.java","start1":21,"end1":53,"start2":22,"end2":65,"tokens":33},{"file1":"1221381 sec 11\\CreditCard.java","file2":"1222936_Sec 5\\CreditCard.java","start1":18,"end1":38,"start2":18,"end2":46,"tokens":21},{"file1":"1221381 sec 11\\Check.java","file2":"1222936_Sec 5\\Check.java","start1":1,"end1":17,"start2":1,"end2":17,"tokens":19},{"file1":"1221381 sec 11\\Cash.java","file2":"1222936_Sec 5\\Cash.java","start1":15,"end1":35,"start2":17,"end2":39,"tokens":16},{"file1":"1221381 sec 11\\CustomerPayment.java","file2":"1222936_Sec 5\\CustomerPayment.java","start1":48,"end1":55,"start2":42,"end2":48,"tokens":15},{"file1":"1221381 sec 11\\Cash.java","file2":"1222936_Sec 5\\Cash.java","start1":1,"end1":13,"start2":1,"end2":14,"tokens":12},{"file1":"1221381 sec 11\\CreditCard.java","file2":"1222936_Sec 5\\CreditCard.java","start1":10,"end1":15,"start2":8,"end2":15,"tokens":10}]}