{"id1":"1221492_Sec 8","id2":"1220806_Sec 5","similarity":0.8029465930018416,"matches":[{"file1":"1221492_Sec 8\\Driver.java","file2":"1220806_Sec 5\\Driver.java","start1":5,"end1":41,"start2":3,"end2":74,"tokens":51},{"file1":"1221492_Sec 8\\Check.java","file2":"1220806_Sec 5\\Check.java","start1":2,"end1":40,"start2":2,"end2":38,"tokens":44},{"file1":"1221492_Sec 8\\CustomerPayment.java","file2":"1220806_Sec 5\\CustomerPayment.java","start1":2,"end1":38,"start2":2,"end2":34,"tokens":37},{"file1":"1221492_Sec 8\\CreditCard.java","file2":"1220806_Sec 5\\CreditCard.java","start1":2,"end1":32,"start2":2,"end2":41,"tokens":32},{"file1":"1221492_Sec 8\\CustomerPayment.java","file2":"1220806_Sec 5\\CustomerPayment.java","start1":38,"end1":53,"start2":40,"end2":55,"tokens":22},{"file1":"1221492_Sec 8\\Cash.java","file2":"1220806_Sec 5\\Cash.java","start1":2,"end1":23,"start2":2,"end2":25,"tokens":21},{"file1":"1221492_Sec 8\\Check.java","file2":"1220806_Sec 5\\Check.java","start1":46,"end1":54,"start2":57,"end2":68,"tokens":11}]}