{"id1":"1221026_Sec 4","id2":"1220701-sec6","similarity":0.8089053803339518,"matches":[{"file1":"1221026_Sec 4\\Driver.java","file2":"1220701-sec6\\Driver.java","start1":5,"end1":43,"start2":1,"end2":44,"tokens":52},{"file1":"1221026_Sec 4\\Check.java","file2":"1220701-sec6\\Check.java","start1":4,"end1":56,"start2":1,"end2":45,"tokens":44},{"file1":"1221026_Sec 4\\CustomerPayment.java","file2":"1220701-sec6\\CustomerPayment.java","start1":7,"end1":79,"start2":2,"end2":41,"tokens":36},{"file1":"1221026_Sec 4\\CreditCard.java","file2":"1220701-sec6\\CreditCard.java","start1":4,"end1":38,"start2":1,"end2":34,"tokens":32},{"file1":"1221026_Sec 4\\Cash.java","file2":"1220701-sec6\\Cash.java","start1":4,"end1":44,"start2":1,"end2":36,"tokens":29},{"file1":"1221026_Sec 4\\CreditCard.java","file2":"1220701-sec6\\CreditCard.java","start1":41,"end1":61,"start2":37,"end2":59,"tokens":15},{"file1":"1221026_Sec 4\\Check.java","file2":"1220701-sec6\\Check.java","start1":72,"end1":86,"start2":55,"end2":65,"tokens":10}]}