{"id1":"1221697_Sec 4","id2":"sec1_1222703-noor abdul rahman_616143_assignsubmission_file","similarity":0.8428835489833642,"matches":[{"file1":"1221697_Sec 4\\Check.java","file2":"sec1_1222703-noor abdul rahman_616143_assignsubmission_file\\Check.java","start1":2,"end1":54,"start2":4,"end2":63,"tokens":54},{"file1":"1221697_Sec 4\\Driver.java","file2":"sec1_1222703-noor abdul rahman_616143_assignsubmission_file\\Driver.java","start1":2,"end1":38,"start2":7,"end2":88,"tokens":51},{"file1":"1221697_Sec 4\\CustomerPayment.java","file2":"sec1_1222703-noor abdul rahman_616143_assignsubmission_file\\CustomerPayment.java","start1":2,"end1":34,"start2":4,"end2":51,"tokens":38},{"file1":"1221697_Sec 4\\CreditCard.java","file2":"sec1_1222703-noor abdul rahman_616143_assignsubmission_file\\CreditCard.java","start1":2,"end1":30,"start2":4,"end2":42,"tokens":35},{"file1":"1221697_Sec 4\\Cash.java","file2":"sec1_1222703-noor abdul rahman_616143_assignsubmission_file\\Cash.java","start1":2,"end1":24,"start2":4,"end2":32,"tokens":26},{"file1":"1221697_Sec 4\\CustomerPayment.java","file2":"sec1_1222703-noor abdul rahman_616143_assignsubmission_file\\CustomerPayment.java","start1":35,"end1":39,"start2":60,"end2":64,"tokens":15},{"file1":"1221697_Sec 4\\Check.java","file2":"sec1_1222703-noor abdul rahman_616143_assignsubmission_file\\Check.java","start1":58,"end1":64,"start2":67,"end2":74,"tokens":9}]}