{"id1":"1221697_Sec 4","id2":"sec10_1220041-Mohammad Yousef_615962_assignsubmission_file","similarity":0.8021390374331551,"matches":[{"file1":"1221697_Sec 4\\Driver.java","file2":"sec10_1220041-Mohammad Yousef_615962_assignsubmission_file\\Driver.java","start1":2,"end1":38,"start2":2,"end2":38,"tokens":51},{"file1":"1221697_Sec 4\\Check.java","file2":"sec10_1220041-Mohammad Yousef_615962_assignsubmission_file\\Check.java","start1":2,"end1":43,"start2":7,"end2":58,"tokens":43},{"file1":"1221697_Sec 4\\CustomerPayment.java","file2":"sec10_1220041-Mohammad Yousef_615962_assignsubmission_file\\CustomerPayment.java","start1":2,"end1":34,"start2":10,"end2":51,"tokens":39},{"file1":"1221697_Sec 4\\CreditCard.java","file2":"sec10_1220041-Mohammad Yousef_615962_assignsubmission_file\\CreditCard.java","start1":8,"end1":32,"start2":17,"end2":53,"tokens":34},{"file1":"1221697_Sec 4\\Cash.java","file2":"sec10_1220041-Mohammad Yousef_615962_assignsubmission_file\\Cash.java","start1":6,"end1":24,"start2":13,"end2":37,"tokens":24},{"file1":"1221697_Sec 4\\CustomerPayment.java","file2":"sec10_1220041-Mohammad Yousef_615962_assignsubmission_file\\CustomerPayment.java","start1":35,"end1":39,"start2":62,"end2":74,"tokens":15},{"file1":"1221697_Sec 4\\CustomerPayment.java","file2":"sec10_1220041-Mohammad Yousef_615962_assignsubmission_file\\Check.java","start1":40,"end1":47,"start2":83,"end2":114,"tokens":10},{"file1":"1221697_Sec 4\\Check.java","file2":"sec10_1220041-Mohammad Yousef_615962_assignsubmission_file\\Check.java","start1":46,"end1":54,"start2":61,"end2":76,"tokens":9}]}