{"id1":"1221128-sec7","id2":"sec1_1220965-Nagham Halloum_616141_assignsubmission_file","similarity":0.8105065666041276,"matches":[{"file1":"1221128-sec7\\Driver.java","file2":"sec1_1220965-Nagham Halloum_616141_assignsubmission_file\\Driver.java","start1":6,"end1":42,"start2":2,"end2":35,"tokens":51},{"file1":"1221128-sec7\\CreditCard.java","file2":"sec1_1220965-Nagham Halloum_616141_assignsubmission_file\\CreditCard.java","start1":13,"end1":55,"start2":9,"end2":51,"tokens":43},{"file1":"1221128-sec7\\Check.java","file2":"sec1_1220965-Nagham Halloum_616141_assignsubmission_file\\Check.java","start1":25,"end1":67,"start2":14,"end2":52,"tokens":40},{"file1":"1221128-sec7\\Cash.java","file2":"sec1_1220965-Nagham Halloum_616141_assignsubmission_file\\Cash.java","start1":12,"end1":36,"start2":7,"end2":31,"tokens":28},{"file1":"1221128-sec7\\CustomerPayment.java","file2":"sec1_1220965-Nagham Halloum_616141_assignsubmission_file\\CustomerPayment.java","start1":16,"end1":45,"start2":12,"end2":36,"tokens":26},{"file1":"1221128-sec7\\CustomerPayment.java","file2":"sec1_1220965-Nagham Halloum_616141_assignsubmission_file\\CustomerPayment.java","start1":7,"end1":15,"start2":2,"end2":10,"tokens":10},{"file1":"1221128-sec7\\CustomerPayment.java","file2":"sec1_1220965-Nagham Halloum_616141_assignsubmission_file\\CustomerPayment.java","start1":47,"end1":54,"start2":36,"end2":44,"tokens":9},{"file1":"1221128-sec7\\Check.java","file2":"sec1_1220965-Nagham Halloum_616141_assignsubmission_file\\Check.java","start1":8,"end1":20,"start2":2,"end2":13,"tokens":9}]}