{"id1":"1221916_Sec 4","id2":"sec10_1221002-tawba abdallah_616007_assignsubmission_file","similarity":0.8485915492957746,"matches":[{"file1":"1221916_Sec 4\\Driver.java","file2":"sec10_1221002-tawba abdallah_616007_assignsubmission_file\\Driver.java","start1":4,"end1":41,"start2":2,"end2":38,"tokens":52},{"file1":"1221916_Sec 4\\Check.java","file2":"sec10_1221002-tawba abdallah_616007_assignsubmission_file\\Check.java","start1":24,"end1":72,"start2":25,"end2":65,"tokens":41},{"file1":"1221916_Sec 4\\CreditCard.java","file2":"sec10_1221002-tawba abdallah_616007_assignsubmission_file\\CreditCard.java","start1":4,"end1":45,"start2":2,"end2":35,"tokens":41},{"file1":"1221916_Sec 4\\CustomerPayment.java","file2":"sec10_1221002-tawba abdallah_616007_assignsubmission_file\\CustomerPayment.java","start1":13,"end1":50,"start2":14,"end2":48,"tokens":38},{"file1":"1221916_Sec 4\\Cash.java","file2":"sec10_1221002-tawba abdallah_616007_assignsubmission_file\\Cash.java","start1":4,"end1":40,"start2":2,"end2":34,"tokens":29},{"file1":"1221916_Sec 4\\Check.java","file2":"sec10_1221002-tawba abdallah_616007_assignsubmission_file\\Check.java","start1":4,"end1":23,"start2":2,"end2":20,"tokens":24},{"file1":"1221916_Sec 4\\CustomerPayment.java","file2":"sec10_1221002-tawba abdallah_616007_assignsubmission_file\\CustomerPayment.java","start1":56,"end1":64,"start2":49,"end2":62,"tokens":16}]}