{"id1":"1221381 sec 11","id2":"1220228-sec7","similarity":0.8779599271402551,"matches":[{"file1":"1221381 sec 11\\DriverPayment.java","file2":"1220228-sec7\\Driver.java","start1":1,"end1":35,"start2":5,"end2":40,"tokens":52},{"file1":"1221381 sec 11\\CustomerPayment.java","file2":"1220228-sec7\\CustomerPayment.java","start1":1,"end1":42,"start2":5,"end2":43,"tokens":44},{"file1":"1221381 sec 11\\Check.java","file2":"1220228-sec7\\Check.java","start1":1,"end1":33,"start2":5,"end2":39,"tokens":36},{"file1":"1221381 sec 11\\CreditCard.java","file2":"1220228-sec7\\CreditCard.java","start1":10,"end1":38,"start2":10,"end2":35,"tokens":33},{"file1":"1221381 sec 11\\Cash.java","file2":"1220228-sec7\\Cash.java","start1":1,"end1":33,"start2":5,"end2":41,"tokens":28},{"file1":"1221381 sec 11\\CustomerPayment.java","file2":"1220228-sec7\\CustomerPayment.java","start1":46,"end1":58,"start2":49,"end2":61,"tokens":19},{"file1":"1221381 sec 11\\Check.java","file2":"1220228-sec7\\Check.java","start1":34,"end1":53,"start2":41,"end2":59,"tokens":19},{"file1":"1221381 sec 11\\CreditCard.java","file2":"1220228-sec7\\Check.java","start1":40,"end1":49,"start2":61,"end2":71,"tokens":10}]}