{"id1":"1221026_Sec 4","id2":"1221928-sec6","similarity":0.8226691042047533,"matches":[{"file1":"1221026_Sec 4\\Driver.java","file2":"1221928-sec6\\Driver.java","start1":5,"end1":43,"start2":6,"end2":36,"tokens":52},{"file1":"1221026_Sec 4\\Check.java","file2":"1221928-sec6\\Check.java","start1":4,"end1":31,"start2":5,"end2":26,"tokens":23},{"file1":"1221026_Sec 4\\CustomerPayment.java","file2":"1221928-sec6\\CustomerPayment.java","start1":86,"end1":105,"start2":48,"end2":67,"tokens":22},{"file1":"1221026_Sec 4\\CustomerPayment.java","file2":"1221928-sec6\\CustomerPayment.java","start1":24,"end1":74,"start2":25,"end2":48,"tokens":20},{"file1":"1221026_Sec 4\\CreditCard.java","file2":"1221928-sec6\\CreditCard.java","start1":39,"end1":61,"start2":42,"end2":63,"tokens":19},{"file1":"1221026_Sec 4\\CreditCard.java","file2":"1221928-sec6\\CreditCard.java","start1":4,"end1":21,"start2":5,"end2":24,"tokens":18},{"file1":"1221026_Sec 4\\Check.java","file2":"1221928-sec6\\Check.java","start1":35,"end1":51,"start2":26,"end2":42,"tokens":15},{"file1":"1221026_Sec 4\\Cash.java","file2":"1221928-sec6\\Cash.java","start1":4,"end1":22,"start2":5,"end2":21,"tokens":14},{"file1":"1221026_Sec 4\\Check.java","file2":"1221928-sec6\\Check.java","start1":71,"end1":86,"start2":59,"end2":71,"tokens":11},{"file1":"1221026_Sec 4\\CreditCard.java","file2":"1221928-sec6\\CreditCard.java","start1":25,"end1":38,"start2":24,"end2":36,"tokens":11},{"file1":"1221026_Sec 4\\CustomerPayment.java","file2":"1221928-sec6\\CustomerPayment.java","start1":7,"end1":20,"start2":7,"end2":17,"tokens":10},{"file1":"1221026_Sec 4\\Cash.java","file2":"1221928-sec6\\Cash.java","start1":29,"end1":44,"start2":27,"end2":39,"tokens":10}]}