{"id1":"1221916_Sec 4","id2":"1221350-sec6","similarity":0.8098591549295775,"matches":[{"file1":"1221916_Sec 4\\Driver.java","file2":"1221350-sec6\\Driver.java","start1":4,"end1":41,"start2":1,"end2":43,"tokens":52},{"file1":"1221916_Sec 4\\Check.java","file2":"1221350-sec6\\Check.java","start1":4,"end1":53,"start2":1,"end2":53,"tokens":48},{"file1":"1221916_Sec 4\\CustomerPayment.java","file2":"1221350-sec6\\CustomerPayment.java","start1":13,"end1":54,"start2":13,"end2":59,"tokens":43},{"file1":"1221916_Sec 4\\Cash.java","file2":"1221350-sec6\\Cash.java","start1":4,"end1":42,"start2":1,"end2":42,"tokens":31},{"file1":"1221916_Sec 4\\CreditCard.java","file2":"1221350-sec6\\CreditCard.java","start1":14,"end1":45,"start2":17,"end2":52,"tokens":31},{"file1":"1221916_Sec 4\\CustomerPayment.java","file2":"1221350-sec6\\CustomerPayment.java","start1":56,"end1":64,"start2":63,"end2":71,"tokens":16},{"file1":"1221916_Sec 4\\CreditCard.java","file2":"1221350-sec6\\CreditCard.java","start1":4,"end1":13,"start2":1,"end2":16,"tokens":9}]}