{"id1":"1221026_Sec 4","id2":"1220848_Sec 4","similarity":0.8014311270125224,"matches":[{"file1":"1221026_Sec 4\\Driver.java","file2":"1220848_Sec 4\\Driver.java","start1":5,"end1":43,"start2":6,"end2":39,"tokens":52},{"file1":"1221026_Sec 4\\CustomerPayment.java","file2":"1220848_Sec 4\\CustomerPayment.java","start1":7,"end1":79,"start2":8,"end2":41,"tokens":36},{"file1":"1221026_Sec 4\\Check.java","file2":"1220848_Sec 4\\Check.java","start1":19,"end1":56,"start2":28,"end2":53,"tokens":30},{"file1":"1221026_Sec 4\\CustomerPayment.java","file2":"1220848_Sec 4\\CustomerPayment.java","start1":79,"end1":100,"start2":45,"end2":57,"tokens":23},{"file1":"1221026_Sec 4\\CreditCard.java","file2":"1220848_Sec 4\\CreditCard.java","start1":15,"end1":38,"start2":20,"end2":38,"tokens":21},{"file1":"1221026_Sec 4\\Cash.java","file2":"1220848_Sec 4\\Cash.java","start1":4,"end1":22,"start2":6,"end2":18,"tokens":14},{"file1":"1221026_Sec 4\\Check.java","file2":"1220848_Sec 4\\Check.java","start1":4,"end1":19,"start2":6,"end2":21,"tokens":14},{"file1":"1221026_Sec 4\\Check.java","file2":"1220848_Sec 4\\Check.java","start1":57,"end1":78,"start2":59,"end2":74,"tokens":14},{"file1":"1221026_Sec 4\\CreditCard.java","file2":"1220848_Sec 4\\CreditCard.java","start1":4,"end1":15,"start2":6,"end2":14,"tokens":11},{"file1":"1221026_Sec 4\\Cash.java","file2":"1220848_Sec 4\\Cash.java","start1":23,"end1":33,"start2":24,"end2":31,"tokens":9}]}