{"id1":"1221026_Sec 4","id2":"sec3_1222285-Izzeldin Sallam_615936_assignsubmission_file","similarity":0.8417132216014898,"matches":[{"file1":"1221026_Sec 4\\Driver.java","file2":"sec3_1222285-Izzeldin Sallam_615936_assignsubmission_file\\Driver.java","start1":5,"end1":43,"start2":7,"end2":45,"tokens":52},{"file1":"1221026_Sec 4\\Check.java","file2":"sec3_1222285-Izzeldin Sallam_615936_assignsubmission_file\\Check.java","start1":4,"end1":56,"start2":7,"end2":52,"tokens":44},{"file1":"1221026_Sec 4\\CustomerPayment.java","file2":"sec3_1222285-Izzeldin Sallam_615936_assignsubmission_file\\CustomerPayment.java","start1":22,"end1":88,"start2":22,"end2":56,"tokens":33},{"file1":"1221026_Sec 4\\Cash.java","file2":"sec3_1222285-Izzeldin Sallam_615936_assignsubmission_file\\Cash.java","start1":4,"end1":44,"start2":7,"end2":49,"tokens":29},{"file1":"1221026_Sec 4\\CreditCard.java","file2":"sec3_1222285-Izzeldin Sallam_615936_assignsubmission_file\\CreditCard.java","start1":11,"end1":38,"start2":16,"end2":44,"tokens":27},{"file1":"1221026_Sec 4\\CustomerPayment.java","file2":"sec3_1222285-Izzeldin Sallam_615936_assignsubmission_file\\CustomerPayment.java","start1":88,"end1":100,"start2":61,"end2":75,"tokens":16},{"file1":"1221026_Sec 4\\CreditCard.java","file2":"sec3_1222285-Izzeldin Sallam_615936_assignsubmission_file\\CreditCard.java","start1":41,"end1":61,"start2":47,"end2":73,"tokens":15},{"file1":"1221026_Sec 4\\CustomerPayment.java","file2":"sec3_1222285-Izzeldin Sallam_615936_assignsubmission_file\\CustomerPayment.java","start1":7,"end1":20,"start2":10,"end2":20,"tokens":10}]}