{"id1":"1221697_Sec 4","id2":"1221492_Sec 8","similarity":0.8014842300556586,"matches":[{"file1":"1221697_Sec 4\\Driver.java","file2":"1221492_Sec 8\\Driver.java","start1":2,"end1":38,"start2":5,"end2":41,"tokens":51},{"file1":"1221697_Sec 4\\Check.java","file2":"1221492_Sec 8\\Check.java","start1":2,"end1":43,"start2":4,"end2":40,"tokens":43},{"file1":"1221697_Sec 4\\CustomerPayment.java","file2":"1221492_Sec 8\\CustomerPayment.java","start1":2,"end1":34,"start2":4,"end2":40,"tokens":38},{"file1":"1221697_Sec 4\\CreditCard.java","file2":"1221492_Sec 8\\CreditCard.java","start1":2,"end1":26,"start2":3,"end2":32,"tokens":31},{"file1":"1221697_Sec 4\\Cash.java","file2":"1221492_Sec 8\\Cash.java","start1":2,"end1":18,"start2":4,"end2":23,"tokens":20},{"file1":"1221697_Sec 4\\CustomerPayment.java","file2":"1221492_Sec 8\\CustomerPayment.java","start1":35,"end1":43,"start2":45,"end2":58,"tokens":19},{"file1":"1221697_Sec 4\\CreditCard.java","file2":"1221492_Sec 8\\CreditCard.java","start1":32,"end1":40,"start2":39,"end2":50,"tokens":14}]}