{"id1":"1221026_Sec 4","id2":"sec2_1221618-Sara Al Souqi_616138_assignsubmission_file","similarity":0.861878453038674,"matches":[{"file1":"1221026_Sec 4\\Driver.java","file2":"sec2_1221618-Sara Al Souqi_616138_assignsubmission_file\\Driver.java","start1":5,"end1":43,"start2":1,"end2":38,"tokens":52},{"file1":"1221026_Sec 4\\Check.java","file2":"sec2_1221618-Sara Al Souqi_616138_assignsubmission_file\\Check.java","start1":4,"end1":57,"start2":1,"end2":41,"tokens":45},{"file1":"1221026_Sec 4\\CustomerPayment.java","file2":"sec2_1221618-Sara Al Souqi_616138_assignsubmission_file\\CustomerPayment.java","start1":7,"end1":83,"start2":3,"end2":40,"tokens":41},{"file1":"1221026_Sec 4\\CreditCard.java","file2":"sec2_1221618-Sara Al Souqi_616138_assignsubmission_file\\CreditCard.java","start1":4,"end1":38,"start2":1,"end2":30,"tokens":32},{"file1":"1221026_Sec 4\\CustomerPayment.java","file2":"sec2_1221618-Sara Al Souqi_616138_assignsubmission_file\\CustomerPayment.java","start1":86,"end1":118,"start2":42,"end2":60,"tokens":23},{"file1":"1221026_Sec 4\\Cash.java","file2":"sec2_1221618-Sara Al Souqi_616138_assignsubmission_file\\Cash.java","start1":4,"end1":31,"start2":1,"end2":22,"tokens":21},{"file1":"1221026_Sec 4\\Check.java","file2":"sec2_1221618-Sara Al Souqi_616138_assignsubmission_file\\Check.java","start1":58,"end1":72,"start2":57,"end2":68,"tokens":10},{"file1":"1221026_Sec 4\\CreditCard.java","file2":"sec2_1221618-Sara Al Souqi_616138_assignsubmission_file\\Cash.java","start1":46,"end1":61,"start2":24,"end2":40,"tokens":10}]}