{"id1":"1221492_Sec 8","id2":"sec1_1222703-noor abdul rahman_616143_assignsubmission_file","similarity":0.8154981549815498,"matches":[{"file1":"1221492_Sec 8\\Driver.java","file2":"sec1_1222703-noor abdul rahman_616143_assignsubmission_file\\Driver.java","start1":3,"end1":41,"start2":5,"end2":88,"tokens":53},{"file1":"1221492_Sec 8\\Check.java","file2":"sec1_1222703-noor abdul rahman_616143_assignsubmission_file\\Check.java","start1":2,"end1":40,"start2":1,"end2":50,"tokens":44},{"file1":"1221492_Sec 8\\CustomerPayment.java","file2":"sec1_1222703-noor abdul rahman_616143_assignsubmission_file\\CustomerPayment.java","start1":2,"end1":45,"start2":1,"end2":55,"tokens":44},{"file1":"1221492_Sec 8\\CreditCard.java","file2":"sec1_1222703-noor abdul rahman_616143_assignsubmission_file\\CreditCard.java","start1":2,"end1":32,"start2":1,"end2":36,"tokens":32},{"file1":"1221492_Sec 8\\Cash.java","file2":"sec1_1222703-noor abdul rahman_616143_assignsubmission_file\\Cash.java","start1":2,"end1":23,"start2":1,"end2":24,"tokens":21},{"file1":"1221492_Sec 8\\CustomerPayment.java","file2":"sec1_1222703-noor abdul rahman_616143_assignsubmission_file\\CustomerPayment.java","start1":45,"end1":53,"start2":60,"end2":64,"tokens":15},{"file1":"1221492_Sec 8\\Check.java","file2":"sec1_1222703-noor abdul rahman_616143_assignsubmission_file\\Check.java","start1":46,"end1":57,"start2":63,"end2":72,"tokens":12}]}