{"id1":"1222654-sec7","id2":"1221003_Sec 4","similarity":0.8045977011494253,"matches":[{"file1":"1222654-sec7\\Driver.java","file2":"1221003_Sec 4\\Driver.java","start1":3,"end1":42,"start2":1,"end2":31,"tokens":46},{"file1":"1222654-sec7\\CustomerPayment.java","file2":"1221003_Sec 4\\CustomerPayment.java","start1":20,"end1":62,"start2":29,"end2":73,"tokens":44},{"file1":"1222654-sec7\\CreditCard.java","file2":"1221003_Sec 4\\CreditCard.java","start1":12,"end1":32,"start2":14,"end2":38,"tokens":24},{"file1":"1222654-sec7\\Check.java","file2":"1221003_Sec 4\\Check.java","start1":54,"end1":80,"start2":53,"end2":80,"tokens":23},{"file1":"1222654-sec7\\CreditCard.java","file2":"1221003_Sec 4\\CreditCard.java","start1":33,"end1":51,"start2":40,"end2":59,"tokens":16},{"file1":"1222654-sec7\\Check.java","file2":"1221003_Sec 4\\Check.java","start1":20,"end1":30,"start2":19,"end2":31,"tokens":15},{"file1":"1222654-sec7\\Cash.java","file2":"1221003_Sec 4\\Cash.java","start1":12,"end1":25,"start2":13,"end2":31,"tokens":15},{"file1":"1222654-sec7\\Check.java","file2":"1221003_Sec 4\\Check.java","start1":42,"end1":53,"start2":41,"end2":51,"tokens":9},{"file1":"1222654-sec7\\CustomerPayment.java","file2":"1221003_Sec 4\\CustomerPayment.java","start1":14,"end1":20,"start2":15,"end2":23,"tokens":9},{"file1":"1222654-sec7\\Cash.java","file2":"1221003_Sec 4\\Cash.java","start1":26,"end1":36,"start2":33,"end2":44,"tokens":9}]}